Домен	Тип товара	Габариты	Цвет	Материал	Особенности	Цена (₽)	ID	Артикул
Мебель	Кресло руководителя		бежевый	кожа; дерево	премиум накладки	38400	s2_1	 
Мебель	Стеллаж для дисков	800х400х1200	чёрный	сталь	олимп	7400	s2_2	 
Мебель	Стеллаж консольный	2000х600х2500			1-сторонний нагр 500кг/п	18400	s2_3	 
Мебель	Верстак	1500х700х1800			с экран перфорированный под инструмент	22400	s2_4	 
Мебель	Картотека			металл	3 ящика А5 ключ	5800	s2_5	 
Мебель	Столик барный	600х600х1100	венге	ЛДСП; металл	высокий опора	4400	s2_6	 
Мебель	Стол письменный	2000х800х750	венге	ЛДСП	с надстр	17800	s2_7	 
Мебель	Тумба прикроватная	500х450х800	серый	металл	больничный	7100	s2_8	 
Мебель	Кресло для забора крови	800х650х1100	бежевый	винил		14700	s2_9	 
Мебель	Шкаф для одежды	800х500х1850	серый	ЛДСП	офисный штанга	9800	s2_10	 
Мебель	Кухонный модуль	800х300х720	белый	ЛДСП	офисный верхний	4400	s2_11	 
Мебель	Кресло геймерский		чёрный; серый	сетка	офисный регулируемый подголовник	15700	s2_12	 
Мебель	Стеллаж консольный	3000х800х2500			1-сторонний усиленный 600кг/п	24700	s2_13	 
Мебель	Шкаф для документов	800х400х750	серый		низкий полузакрытый	5400	s2_14	 
Мебель	Картотека			металл	2 ящика А5 ключ	3700	s2_15	 
Мебель	Подиум выставочный	500х500х500	чёрный	ЛДСП	квадратный	3400	s2_16	 
Мебель	Диван угловой		серый	рогожка	еврокн	42500	s2_17	 
Мебель	Стол письменный	1000х500х750	белый	ЛДСП	ученический компактный	4200	s2_18	 
Мебель	Подставка под				клавиат встр в стол выдвижной	1980	s2_19	 
Мебель	Стул обеденный		бежевый; бук	экокожа; дерево; бук	лак мягкое сиденье	2700	s2_20	 
Мебель	Светильник наст		чёрный		зажим ленточн	1180	s2_21	 
Мебель	Стол барный	700х1100	дуб	ЛДСП; металл; дуб	круглый опора	4700	s2_22	 
Мебель	Светильник настенный		серый; серебристый		бра 8Вт	1280	s2_23	 
Мебель	Кресло руководителя		чёрный	металл; экокожа	крестовина	13400	s2_24	 
Мебель	Шкафчик	600х450х720	серый		столовой под мойку	3400	s2_25	 
Мебель	Шкаф 3-дверный	1200х500х2100	дуб сонома	ЛДСП; дуб	распашной штанга+полки	19400	s2_26	 
Мебель	Сейф огнестойкий	800х600х600			90мин эл замок премиум	42400	s2_27	 
Мебель	Ресепшен гостевой	2400х2400х1150	венге	ЛДСП	угловой	64700	s2_28	 
Мебель	Кровать-софа	900х2000	дуб сонома	ЛДСП; дуб	односпальный 2 ящики	14500	s2_29	 
Мебель	Кушетка медицинский	1900х700х650	бежевый	винил	смотровой карк	10400	s2_30	 
Мебель	Верстак-стол	1200х600х850		ЛДСП; металл	комбинированный каркас 3 ящики	11700	s2_31	 
Мебель	Пуф	800х400х400	серый	рогожка	с ящиком	3400	s2_32	 
Мебель	Кронштейн				ТВ наст поворотн нагр 30кг	1450	s2_33	 
Мебель	Стол письменный	1100х900х750	венге	ЛДСП	угловой компактный	7900	s2_34	 
Мебель	Тумба офисный	1200х450х750	венге	ЛДСП	3-дверный	9800	s2_35	 
Мебель	Кровать односпальный	800х2000		дерево; сосна	масс лак	11200	s2_36	 
Мебель	Доска маркерн	1200х900		алюминий	магн алюминиевая рамка	2100	s2_37	 
Мебель	Кресло посетит		тёмно-серый	экокожа	на полозьях штабел	3400	s2_38	 
Мебель	Стул банкетный		бордо; хром	хром; ткань	штабел карк	1480	s2_39	 
Мебель	Кресло посетит		серый	металл; пластик	штабел металлические ножки	1700	s2_40	 
Мебель	Шкаф для инструмент	1200х500х1950			створк перфор	27400	s2_41	 
Мебель	Стеллаж для гантелей	2000х500х750		сталь	2-ярус 3мм	14800	s2_42	 
Мебель	Скамья	1500х400х450		металл; дерево	парков без спинки дерев планк	6400	s2_43	 
Мебель	Урна			металл	уличн раздельн сбор 2-секционный 60л оцинк	9800	s2_44	 
Мебель	Стул банкетный		серый; хром	хром; ткань	штабел карк	1480	s2_45	 
Мебель	Кресло операторск		серый	ткань; пластик	антистат крест	4400	s2_46	 
Мебель	Шкаф для одежды	800х800х1950	серый	ЛДСП	офисный угловой	15400	s2_47	 
Мебель	Стеллаж нержав	1000х500х1800			сетч овощехр SS	28400	s2_48	 
Мебель	Стол операторск	1400х600х750	серый	ЛДСП	бенч-карк	7400	s2_49	 
Мебель	Шкаф архивный	1200х450х1950	серый		усиленный 2-дверный ключ	22400	s2_50	 
Мебель	Стеллаж паллетн	2700х1000х4000			с настилом нагр 500кг	26400	s2_51	 
Мебель	Светильник потолочный				накладки лин 600 18Вт	680	s2_52	 
Мебель	Барная	1200х450х1050	серый	ЛДСП	стойка дом компактный	9700	s2_53	 
Мебель	Стул		коричневый	экокожа	конферен с пюпитром	3650	s2_54	 
Мебель	Стол ресторан	2400х800х750	венге	ЛДСП	длин карк	14400	s2_55	 
Мебель	Сейф оружейн	250х200х1200			ключ	4800	s2_56	 
Мебель	Стол угловой	1500х1200х750	венге	ЛДСП	с надстр	13900	s2_57	 
Мебель	Кухонный модуль	600х600х820		ЛДСП	офисный под холод	5400	s2_58	 
Мебель	Шкаф для документов	800х400х1150			средн со створк +полк	7400	s2_59	 
Мебель	Стойка		хром	хром	инфузион напольн рег выс 4 крюк	2700	s2_60	 
Мебель	Стол-приставка	800х600х750	серый	ЛДСП	к рабоч станц	3200	s2_61	 
Мебель	Кушетка медицинский	1900х700х650	белый	экокожа	смотровой карк	11800	s2_62	 
Мебель	Урна			металл	уличн 50л чугун опорн на бетон	5700	s2_63	 
Мебель	Перегор	1200х1500х1800		ЛДСП	санитарн кабина в сборе	19800	s2_64	 
Мебель	Стол лаб	1500х750х900	серый	ЛДСП	пристен тумб	15400	s2_65	 
Мебель	Контейнер	1200х800х800		металл	складн нагр 500кг	11400	s2_66	 
Мебель	Витрина музейн	1200х600х900			горизонтальный замок	32700	s2_67	 
Мебель	Стеллаж	1000х400х2200		металл	для архива 5 пол А4	9800	s2_68	 
Мебель	Стеновая	600х600		дерево	панель акуст дерев шпон шумоизол	3200	s2_69	 
Мебель	Кресло офисный		хром	хром; сетка	оператора синяя крест	4900	s2_70	 
Мебель	Шкаф медицинский	900х450х1950	белый	металл	2-секционный ключ	16800	s2_71	 
Мебель	Стеллаж гараж	1200х500х2000			усиленный нагр 250кг/п 5 пол	8400	s2_72	 
Мебель	Перегородка офисный	1400х40х1500		ткань; стекло	стационарный ткань-стекло	6800	s2_73	 
Мебель	Парта школьн	1200х500х760	чёрный	HPL	антиванд лам карк	6400	s2_74	 
Мебель	Тумба под	600х500х450	чёрный		сейф усиленный нагр 200кг	3800	s2_75	 
Мебель	Кресло посетит		коричневый; хром	хром; экокожа	на полозьях карк	3280	s2_76	 
Мебель	Раздевалка	1000х350х450			скамья с ящики под обувь	4400	s2_77	 
Мебель	Кушетка медицинский	1900х600х600	белый	экокожа	смотровой карк	10400	s2_78	 
Мебель	Стол офисный	1200х600х750	серый	ЛДСП	оператора	6300	s2_79	 
Мебель	Стойка-вешалка		чёрный	металл	напольн 5 крюч	980	s2_80	 
Мебель	Стол ученический	1200х500		ЛДСП	регулируемый 2-местный регулируемый	5700	s2_81	 
Мебель	Тумба	500х450х750	белый; серый	ЛДСП	сервисн 3 ящика	5400	s2_82	 
Мебель	Ресепшен-стойка	1800х1800х1100	дуб сонома	ЛДСП; дуб	угловой	38400	s2_83	 
Мебель	Перегор		матовый	алюминий	душевая раздвижн 1200х8х2000	21400	s2_84	 
Мебель	Кресло геймерский		чёрный; красный	экокожа	подлок регулируемый	13900	s2_85	 
Мебель	Стол письменный	1200х600х750	клён	ЛДСП		5300	s2_86	 
Мебель	Доска аудитор	3000х1000		алюминий	3-секционный зелён мел алюминиевая рамка	9400	s2_87	 
Мебель	Лавка	1300х450х450	чёрный		силовая горизонтальный кожзам	8700	s2_88	 
Мебель	Стол кухонный		белый	ЛДСП	раскладн круглый 900/1200	7800	s2_89	 
Мебель	Шкаф для одежды	1200х500х1850			офисный со штангой+полк	13800	s2_90	 
Мебель	Стеллаж	700х300х1500		металл	4 пол нагр 100кг/п	3950	s2_91	 
Мебель	Тумба прикроватная	4000х400х750	белый	металл	больничный	5700	s2_92	 
Мебель	Шкафчик	400х400х720	белый	ЛДСП	столовой	2400	s2_93	 
Мебель	Зона		серый; хром	хром; рогожка	ожидан диван 3-местный ножк	28700	s2_94	 
Мебель	Тумба выкатн	400х500х600	серый	ЛДСП	3 ящика	4100	s2_95	 
Мебель	Комод 5	800х450х1100	дуб сонома	ЛДСП; дуб	ящика	7400	s2_96	 
Мебель	Стул банкетный		бежевый; хром	металл; хром; ткань	штабел каркас крест	1380	s2_97	 
Мебель	Стол операторск	1400х700х750	серый	ЛДСП	с экраном	9200	s2_98	 
Мебель	Перегородка офисный	1400х30х400	чёрный	ткань	экран	2700	s2_99	 
Мебель	Стеновая	600х600	серый	ткань	панель акуст 38мм	1980	s2_100	 
Мебель	Кресло руководителя		чёрный	сетка	эрг подголовник подножк	19400	s2_101	 
Мебель	Кровать-чердак	900х2000	бук	ЛДСП; бук	односпальный	22500	s2_102	 
Мебель	Шкаф ЛОК	150х500х1850	серый	металл	5-секционный ключ	19800	s2_103	 
Мебель	Стол письменный	1400х700х750	дуб сонома	ЛДСП; дуб	с ящиками	9700	s2_104	 
Мебель	Тумба офисный	600х450х750	венге	ЛДСП	с дверный полки	5800	s2_105	 
Мебель	Шкаф	600х600х1200	серый		"сервер напольн 19"" 22U перфор дверный"	28400	s2_106	 
Мебель	Урна			металл	уличн 30л оцинк крышка с пепельн	3400	s2_107	 
Мебель	Стол комп	700х500	белый	ЛДСП	дет растущ х регулируемый	11800	s2_108	 
Мебель	Стол письменный	1200х600х750	бук	ЛДСП; бук		5290	s2_109	 
Мебель	Стол операторск	1600х1400х750	белый	ЛДСП	угловой экран	13700	s2_110	 
Мебель	Шкаф для документов	800х400х1150	серый		сред со створк	7800	s2_111	 
Мебель	Стул-табурет лабораторный		чёрный	винил	подножк регулируемый	3200	s2_112	 
Мебель	Шкаф ЛОК	1200х500х1850			с электрозамк RFID 4-секционный	42800	s2_113	 
Мебель	Шкаф инструмент	1200х500х1950		металл	усиленный ключ	26700	s2_114	 
Мебель	Раздевалка	900х500х1850		металл	шкаф ЛОК 3-секционный	14700	s2_115	 
Мебель	Перегор	400х40х900	бежевый	ЛДСП	писсуарн влагостойк	2700	s2_116	 
Мебель	Кронштейн	600х300		металл	под клавиатуру выдвижной	1380	s2_117	 
Мебель	Сейф оружейн	350х250х1500			трейзор 2 замка	9800	s2_118	 
Мебель	Стол лаб	1200х750х900	серый	ЛДСП	пристен ламель	12700	s2_119	 
Мебель	Стол кафе	800х750	белый	ЛДСП	круглый чугун опор	4200	s2_120	 
Мебель	Кресло посетит		серый; хром	хром; ткань	со стац базой	2650	s2_121	 
Мебель	Стол банкетный	1800х900х750	серый	пластик	складн HDPE сер	7400	s2_122	 
Мебель	Стол письменный	1400х700х1450	серый	ЛДСП	с надстр	11400	s2_123	 
Мебель	Табурет кухонный		дуб сонома	ЛДСП; дуб	450	680	s2_124	 
Мебель	Прихожая	1200х1000х2100	венге	ЛДСП	угловой компл	22400	s2_125	 
Мебель	Светильник потолочный				накладки круг 300мм 24Вт	780	s2_126	 
Мебель	Стеллаж паллетн	2700х1000х3500			нагр 600кг/п	21800	s2_127	 
Мебель	Стеновая	250х2700	белый; матовый	ПВХ	панель белая	380	s2_128	 
Мебель	Кресло руководителя		коричневый	кожа; дерево	премиум накладки	39800	s2_129	 
Мебель	Кресло акцент		серый	дерево; рогожка	дерев ножк	12700	s2_130	 
Мебель	Шкаф офисный	800х400х1850	дуб сонома	ЛДСП; дуб	открыт стелл	7600	s2_131	 
Мебель	Стеллаж нержав	1200х600х2000			SS304 5 пол пищ	48700	s2_132	 
Мебель	Шкаф	1200х500х1850	серый	металл	ЛОК 4-секционный ключ	13700	s2_133	 
Мебель	Кассов	800х450х900	белый	ЛДСП	тумба с замком ниш	11800	s2_134	 
Мебель	Светильник потолочный	1200х600			растр 56Вт	1980	s2_135	 
Мебель	Кушетка медицинский	1900х700х650	белый	экокожа	смотровой	11810	s2_136	 
Мебель	Кухонный модуль	600х300х720	дуб сонома	ЛДСП; дуб	офисный верхний	3700	s2_137	 
Мебель	Шкаф для одежды	600х500х1850	дуб сонома	ЛДСП; дуб	офисный зерк	10400	s2_138	 
Мебель	Шкаф	600х500х1850		металл	для одежды 2-секционный ключ	8400	s2_139	 
Мебель	Вытяжной	1500х750х2300			шкаф лаб фильтр угольн	54700	s2_140	 
Мебель	Шкаф-стеллаж	800х400х1950	серый		комби открыт +створк	10200	s2_141	 
Мебель	Витрина морозильн	1500х650х850			ларь стек крышка	48700	s2_142	 
Мебель	Шкаф ЛОК	1800х500х1850	серый	металл	6-секционный ключ	22400	s2_143	 
Мебель	Доска аудитор	2000х1200			интерактив наст проектор совмест	48700	s2_144	 
Мебель	Шкаф для одежды	800х500х1850	серый		офисный полузакрытый	10700	s2_145	 
Мебель	Шкаф лабораторный	600х500х1500		металл	сушильн	19400	s2_146	 
Мебель	Кухонный модуль	1000х500х820	венге	ЛДСП	офисный ниж	8400	s2_147	 
Мебель	Полка	800х300х500		металл	обувн 3 ярус	1180	s2_148	 
Мебель	Стеллаж для блинов	600х500х1500	чёрный	сталь	7-местный	10800	s2_149	 
Мебель	Шкаф медицинский	600х400х1850			для лекарств ключ кодов	15600	s2_150	 
Мебель	Табурет барный			дерево	лак 750	1850	s2_151	 
Мебель	Шкаф офисный	800х450х1850	дуб сонома	ЛДСП; дуб	2-дверный	11400	s2_152	 
Мебель	Стол-приставка	900х450х750	дуб сонома	ЛДСП; дуб	ради	3200	s2_153	 
Мебель	Шкаф для одежды				офисный полузакрытый со створк зерк	12700	s2_154	 
Мебель	Шкаф для одежды	600х500х1850	венге	ЛДСП	офисный штанга+полки	9400	s2_155	 
Мебель	Кронштейн				"ТВ наст накладки "" нагр 45кг"	1850	s2_156	 
Мебель	Стол письменный	1200х600х750		ЛДСП	вишня	5290	s2_157	 
Мебель	Шкаф документальный	400х400х1850	белый	ЛДСП	узк	6800	s2_158	 
Мебель	Лавка	1500х500х450	чёрный		силовая обратн накладки кожзам	13700	s2_159	 
Мебель	Перегор		прозрачный	стекло	душевая 1000х8х2000 алюм карк	17400	s2_160	 
Мебель	Ковёр	1600х2300	серый		синтет совр	4900	s2_161	 
Мебель	Зона	700х700х450	чёрный	металл	ожидан журн стол	3800	s2_162	 
Мебель	Шкаф-купе	2400х600х2200	дуб сонома	дуб	3-дверный зерк	43500	s2_163	 
Мебель	Кресло операторск		чёрный; серый	сетка	подлок регулируемый	7900	s2_164	 
Мебель	Кровать односпальный	900х2000	дуб сонома	ЛДСП; дуб		9850	s2_165	 
Мебель	Стул-табурет офисный		чёрный	пластик	регулируемый крестовина	1400	s2_166	 
Мебель	Барная	1800х1800х1100		ЛДСП	стойка-перегор угловой	24700	s2_167	 
Мебель	Стул офисный		серый; хром	хром; ткань	посетит	1450	s2_168	 
Мебель	Стеллаж	1400х500х1800		металл	5 пол 150кг/п оцинк	9700	s2_169	 
Мебель	Сейф огнестойкий	700х600х600			60мин ключ+код 95	36400	s2_170	 
Мебель	Кресло офисный		серый	ткань	оператора регул высоты	3700	s2_171	 
Мебель	Стол лабораторный	1400х750х900	серый	ЛДСП	компьют	9700	s2_172	 
Мебель	Подиум выставочный	1000х500х400	белый	ЛДСП	прямоуг	4400	s2_173	 
Мебель	Кресло посетит		чёрный; хром	хром; экокожа	со стац базой	2900	s2_174	 
Мебель	Стол операторск	1600х700х750	белый	ЛДСП	с тумбой 4 ящика	13400	s2_175	 
Мебель	Огражд выставочный		золото		Огражд выставочный стойка золото+лента 2м	1980	s2_176	 
Мебель	Кронштейн для ТВ				наст фикс нагр 25кг	680	s2_177	 
Мебель	Рабоч.станция	2800х1600х750	белый	ЛДСП	бенч 4-местный	42700	s2_178	 
Мебель	Стол антиванд	800х800х750		металл	шахм разметка	9700	s2_179	 
Мебель	Стол офисный	2000х900х750	орех		руководителя шпон с надстр	34500	s2_180	 
Мебель	Тумба операторск	400х500х600	серый		мобильный 3 ящика	4400	s2_181	 
Мебель	Стеллаж	1000х400х2000		металл	5 пол нагр 150кг/п	7250	s2_182	 
Мебель	Раковина	600х500х200			лаб SS наст со смесит	8400	s2_183	 
Мебель	Матрас	1600х2000			наматрасн водонепр	1850	s2_184	 
Мебель	Кресло конферен		коричневый	экокожа	на полозьях	3850	s2_185	 
Мебель	Стеллаж паллетн	2000х1000х3000			лёгк нагр 300кг/п	14800	s2_186	 
Мебель	Шкаф медицинский	600х400х1850	белый	металл	2-секционный ключ	12700	s2_187	 
Мебель	Стол письменный	1100х600		ЛДСП	трансформ растущ регулируемый	15700	s2_188	 
Мебель	Кронштейн для ТВ				потолочный поворот	3400	s2_189	 
Мебель	Кушетка офисный	1900х700	чёрный	экокожа		9800	s2_190	 
Мебель	Шкаф офисный	1200х450х1950	серый	ЛДСП	со створк 5 пол	16400	s2_191	 
Мебель	Картотека		серый	металл	10 ящика А6 ключевая	14700	s2_192	 
Мебель	Светильник аварийный				маяч наст 5Вт	980	s2_193	 
Мебель	Доска пробков	900х600		дерево	деревянная рамка	780	s2_194	 
Мебель	Стол-бенч	2800х1400х750	венге	ЛДСП	4-местный	46700	s2_195	 
Мебель	Кресло посетит		чёрный	металл; ткань	на полозьях каркас	2380	s2_196	 
Мебель	Стеллаж торгов	1000х400х2000	белый	ЛДСП	пристен 6 пол	9400	s2_197	 
Мебель	Шкафчик для столовой	600х300х450	белый		настенн	1980	s2_198	 
Мебель	Стол антиванд	1500х750х750		металл	уличн порош окраск	13400	s2_199	 
Мебель	Шкаф лаб	800х500х1600		металл	сушильн регул темп	24800	s2_200	 
Мебель	Шкаф для химикат	1200х500х2000			лаб 2-дверный вытяж	46800	s2_201	 
Мебель	Светильник встр				потолочный 12Вт круг 220мм	680	s2_202	 
Мебель	Вытяжной	1800х750х2300			шкаф лаб 2-створчатый фильтр	64800	s2_203	 
Мебель	Подиум выставочный	800х800х800	чёрный	ЛДСП	квадратный	5700	s2_204	 
Мебель	Верстак	1800х700х1900			монтажн с экран перфор крюч	28400	s2_205	 
Мебель	Шкаф школьн	1000х450х2000		ЛДСП	для пособий со створк	14400	s2_206	 
Мебель	Сейф огнестойкий	600х500х500			60мин эл замок	28400	s2_207	 
Мебель	Столик	600х600х450	белый	ЛДСП; металл	журн круглый	2400	s2_208	 
Мебель	Стол ресторан	1800х900х750	венге	ЛДСП	овальн	9400	s2_209	 
Мебель	Шкаф	600х800х2000	серый		"сервер 19"" 42U стек дверный"	64700	s2_210	 
Мебель	Тумба реактивн	600х450х850			лаб поддон ключ	13700	s2_211	 
Мебель	Шкаф для документов	800х400х1950	серый		высокий полузакрытый	10800	s2_212	 
Мебель	Шкаф офисный	1000х450х1850	венге	ЛДСП	со створк	12400	s2_213	 
Мебель	Верстак	1000х600х850		металл	мобильный колес с тормозн	13400	s2_214	 
Мебель	Стол лаб	900х600х750		ЛДСП	для микроскоп антивибр	14400	s2_215	 
Мебель	Барн.стойка	1800х1800х1100	венге	ЛДСП	модул угловой	24700	s2_216	 
Мебель	Стол гостевой	1100х500х750	дуб	ЛДСП; дуб	рабоч ящики	7400	s2_217	 
Мебель	Шкаф документальный	800х800х2000	дуб сонома	ЛДСП; дуб	карусел	26400	s2_218	 
Мебель	Стол лабораторный	1800х750х900	белый	ЛДСП	химостойк	16400	s2_219	 
Мебель	Столик	500х400х800			инструмент SS колес 2 полки	6400	s2_220	 
Мебель	Шкаф ЛОК	600х500х1850			Z-образн 2-секционный ключ	13700	s2_221	 
Мебель	Стол перегов	1200х750	венге	ЛДСП	круглый	7800	s2_222	 
Мебель	Стол лабораторный	1200х600х900	серый	ЛДСП	химостойк	11400	s2_223	 
Мебель	Шкаф гостевой	1200х600х2100	дуб	ЛДСП; дуб	распашной штанга	21400	s2_224	 
Мебель	Шкаф огнестойкий	500х450х650			компактный 30мин ключ	19800	s2_225	 
Мебель	Шкаф ЛОК	1200х500х1850			для персонал 4-секционный кодов замок	26400	s2_226	 
Мебель	Барная	1800х500х1150			стойка-перегор с надстр	19400	s2_227	 
Мебель	Верстак	1200х600х850		сталь	слесарн с тиск 2мм 1 ящики	14700	s2_228	 
Мебель	Шкаф для документов	800х400х1150	серый		сред открыт	5700	s2_229	 
Мебель	Лампа		белый		наст аккум сенсорн диммер белая	2400	s2_230	 
Мебель	Тумба прикроватная	400х400х750	серый	металл	больничный	5700	s2_231	 
Мебель	Тумба под	600х450х650	венге	ЛДСП	принтер 2-дверный	4400	s2_232	 
Мебель	Стол лабораторный	1200х750х900			титровальн ламель	15800	s2_233	 
Мебель	Тумба операторск	600х450х750	серый		стационарный с дверный	5400	s2_234	 
Мебель	Доска информ	900х600	серый	алюминий	ткан пробк алюминиевая рамка	1450	s2_235	 
Мебель	Банкетка	2000х400х450		металл; дерево	раздевалк усиленный сид	5400	s2_236	 
Мебель	Перегородка офисный	1200х40х1800		стекло	стационарный со	7400	s2_237	 
Мебель	Светильник линейн		белый		подвес 1200 40Вт	1700	s2_238	 
Мебель	Кронштейн				торгов перфор панель крюч 200мм 5шт компл	420	s2_239	 
Мебель	Шкаф для одежды	800х500х1950	белый	ЛДСП	офисный зерк внутр	13200	s2_240	 
Мебель	Табурет кухонный		белый	ЛДСП	450	640	s2_241	 
Мебель	Стол-приставка	900х500х750	белый	ЛДСП	дуга	3700	s2_242	 
Мебель	Столик	600х750	белый	ЛДСП	ресторан складн круглый	3400	s2_243	 
Мебель	Бенч-система	4800х1400х750	белый	ЛДСП	8-местный	82400	s2_244	 
Мебель	Стеллаж нержав	700х700х1800			SS304 угловой 4 пол	31400	s2_245	 
Мебель	Шкаф офисный	800х450х2050	венге	ЛДСП	2-дверный 5 полки	13700	s2_246	 
Мебель	Кронштейн для ТВ				наст наклон нагр 50кг	1700	s2_247	 
Мебель	Подставка для ног			пластик	эргон регулируемый наклон	780	s2_248	 
Мебель	Шкаф для документов	800х400х1150	белый		сред полузакрытый	6700	s2_249	 
Мебель	Витрина музейн	800х500х400		стекло	наст горизонтальный	14700	s2_250	 
Мебель	Кресло посетит		чёрный; хром	хром; экокожа	на полозьях штабел	1380	s2_251	 
Мебель	Скамья	1600х500х450		сталь	тренир регул накладки 3мм	13400	s2_252	 
Мебель	Стул		венге	дерево	кафе деревян с подлок лак	1980	s2_253	 
Мебель	Стол банкетный	1500х750х750	белый	пластик	складн HDPE	5400	s2_254	 
Мебель	Зеркало	600х1000	дуб	ЛДСП; дуб	гостиничн в рамке	2200	s2_255	 
Мебель	Шкаф инструмент	1000х500х1800		металл	с ящики ключ	21400	s2_256	 
Мебель	Доска информ	900х1200			ткан +магн комби	3100	s2_257	 
Мебель	Картотека			металл	4 ящика А4 ключ	9450	s2_258	 
Мебель	Кресло посетит		чёрный; хром	хром; экокожа	на полозьях	3450	s2_259	 
Мебель	Светильник потолочный	600х600			офисный 36Вт армстронг	1100	s2_260	 
Мебель	Кухонный модуль	600х500х1950			офисный высокий под духовку	14700	s2_261	 
Мебель	Тумба под	600х450х750	белый	ЛДСП	оргтехнику с дверный	4800	s2_262	 
Мебель	Стул		чёрный	металл	кафе ротанг искусств карк	2400	s2_263	 
Мебель	Стол кафе	700х700х750	венге	ЛДСП; металл	квадратный опора	3700	s2_264	 
Мебель	Шкафчик	800х300х450	белый	ЛДСП	столовой подвесн	2700	s2_265	 
Мебель	Стол письменный	1200х600х750	белый	ЛДСП		4990	s2_266	 
Мебель	Сушилка для одежды	1800х600х1700		металл	напольн складн	2700	s2_267	 
Мебель	Доска маркерн	1200х900			лак без рамки клипса	1850	s2_268	 
Мебель	Барная	1600х500х1100	венге	ЛДСП	стойка-перегор	14800	s2_269	 
Мебель	Пуф	400х450		дерево	круглый велюр горчичн дерев ножк	2100	s2_270	 
Мебель	Тумба под	500х450х650	белый	ЛДСП	принтер колес	3700	s2_271	 
Мебель	Шкаф медицинский	600х450х1850	белый		инструмент стек створк	16400	s2_272	 
Мебель	Тележка	800х500х1000			инструмент автосерв 8 ящики	32400	s2_273	 
Мебель	Тумба реактивн	800х450х850	серый		лаб 2-дверный поддон	17400	s2_274	 
Мебель	Стол письменный	1200х600х750	дуб	ЛДСП; дуб	светл	5290	s2_275	 
Мебель	Стол перегов	2400х1200х750	венге	ЛДСП		19600	s2_276	 
Мебель	Подставка под		чёрный	металл; сетка	книги	420	s2_277	 
Мебель	Стол манипуляц	800х500х850		металл	2 полки колес	11400	s2_278	 
Мебель	Подиум выставочный	400х400х400	чёрный	ЛДСП	квадратный	2700	s2_279	 
Мебель	Комод 4	1000х450х900	венге	ЛДСП	ящика	6900	s2_280	 
Мебель	Верстак	1500х1500х850		металл	угловой 3 ящики+перфор экран	24800	s2_281	 
Мебель	Раздевалка	1200х200		металл	вешалка наст 8 крюч	1980	s2_282	 
Мебель	Стол ресторан		венге	ЛДСП; металл	квадратный 700х7х750 опора	4100	s2_283	 
Мебель	Витрина музейн	800х400х2000			пристен ключ	38400	s2_284	 
Мебель	Карниз		белый	пластик	потолочный 2-рядный 2000	480	s2_285	 
Мебель	Кресло руководителя		коричневый; хром	хром; кожа	высок спинка	17500	s2_286	 
Мебель	Стеллаж	800х400х1600		металл	сборн 4 пол нагр 120кг/п	4500	s2_287	 
Мебель	Тумба операторск	400х500х750	серый		стационарный 3 ящика	4900	s2_288	 
Мебель	Скамья	1800х1500х750		дерево	парков со столиком пикн	14700	s2_289	 
Мебель	Парта школьн	600х500		ЛДСП	регулируемый 1-местный регулируемый	5100	s2_290	 
Мебель	Тумба ТВ	1600х400х500	дуб сонома	ЛДСП; дуб	2-дверный	9800	s2_291	 
Мебель	Шкаф огнестойкий	1000х500х1950			документальный 90мин код	84700	s2_292	 
Мебель	Банкетка	900х400х450	венге	ЛДСП; экокожа	прихож сид	3800	s2_293	 
Мебель	Тумба операторск	400х500х600	серый		мобильный с пеналом	5400	s2_294	 
Мебель	Светильник аварийный				6Вт указ выхода 3ч	1380	s2_295	 
Мебель	Кушетка медицинский	1800х600х600	белый	экокожа	смотровой карк	9700	s2_296	 
Мебель	Верстак	1500х700х850		сталь; металл	слесарн 2мм 1 ящики	14700	s2_297	 
Мебель	Стол банкетный	1800х750х750	белый	пластик	складн HDPE	6400	s2_298	 
Мебель	Стол лабораторный	1500х750х900	белый	ЛДСП	химостойк	13705	s2_299	 
Мебель	Стеллаж	1500х500х2500		металл	сборн 6 пол нагр 300кг	15800	s2_300	 
Мебель	Тумба операторск	400х500х600	чёрный		мобильный 3 ящика	4600	s2_301	 
Мебель	Лампа		белый		наст дневн свет белая на струбц	1850	s2_302	 
Мебель	Верстак	1800х750х900		сталь	слесарн с тиск 2мм 3 ящики	21400	s2_303	 
Мебель	Стенд для гантелей	1200х200х500		сталь	наст крюч	6400	s2_304	 
Мебель	Стол ресторан	700х700х750	венге	ЛДСП; металл	опора	4100	s2_305	 
Мебель	Стол кухонный	1200х750х750	дуб сонома	ЛДСП; дуб	обед	5300	s2_306	 
Мебель	Перегородка офисный	1600х40х1500		ткань	мобильный экран	9400	s2_307	 
Мебель	Шкаф	800х450х1950	серый	металл	бухгалт 2-дверный ключ	15400	s2_308	 
Мебель	Доска флипчарт	700х1000			магн на колёсах роликовая	3900	s2_309	 
Мебель	Перегор	1500х40х2000	серый	HPL	санитарн	13700	s2_310	 
Мебель	Стеллаж-кронштейн для инструм	800х250			крюч +полки	2900	s2_311	 
Мебель	Шкаф для инструмента	800х500х2000		металл	антивандальн 3мм	31400	s2_312	 
Мебель	Стенд выставочный	850х2000		алюминий	roll-up с печатью	2700	s2_313	 
Мебель	Тележка	500х350х750		металл	инструмент компактный 3 ящики	7400	s2_314	 
Мебель	Стойка для штанг	1800х500х1800		сталь	3мм 6 мест	19400	s2_315	 
Мебель	Шкаф инструмент	1000х500х1950		металл	2-дверный ключ	19800	s2_316	 
Мебель	Сейф огнестойкий	600х500х500			эл замок 60мин 55	32400	s2_317	 
Мебель	Перегородка офисный	1400х30х400			экран наст пробков	2700	s2_318	 
Мебель	Стул-табурет офисный		белый		регулируемый сидушка кругл	1700	s2_319	 
Мебель	Стул банкетный		бежевый; бук	дерево; бук	деревян лак чехол	2800	s2_320	 
Мебель	Кресло посетит		чёрный; хром	хром; экокожа	на полозьях карк	3280	s2_321	 
Мебель	Стул обеденный		венге	ЛДСП	мягкое сиденье	1450	s2_322	 
Мебель	Доска маркерн	1500х1000		алюминий	магн алюминиевая рамка	2700	s2_323	 
Мебель	Тумба под	600х450х720	дуб сонома	ЛДСП; дуб	МФУ с дверц	4900	s2_324	 
Мебель	Шкаф медицинский	600х600х1850	белый		угловой ключ 4 пол	14700	s2_325	 
Мебель	Раздевалка	600х400х1850			шкафч ячейк 8 ячеек ключ	13700	s2_326	 
Мебель	Шкаф	600х600х1600	серый		"сервер 19"" 32U метал дверный"	48400	s2_327	 
Мебель	Стол письменный	2400х1400х750	белый	ЛДСП	сдвоен бенч	19400	s2_328	 
Мебель	Сейф огнестойкий	400х500х500			ключ+код	19800	s2_329	 
Мебель	Стол письменный	1200х600х750	ясень	ЛДСП		5290	s2_330	 
Мебель	Ресепшен-стойка	2000х600х1100		ЛДСП; стекло	стекл надстр	34700	s2_331	 
Мебель	Кресло посетит		чёрный	металл; пластик	штабел металлические ножки	1850	s2_332	 
Мебель	Шкаф для документов	800х400х1150	серый	ЛДСП	с замком	7400	s2_333	 
Мебель	Подставка под	600х250х100			монитор бамбук ящики	1450	s2_334	 
Мебель	Шкаф документальный	800х400х1950	серый		с сейф-секц ключ	15700	s2_335	 
Мебель	Стул барный	500х500х850	коричневый	экокожа	со спинкой	4250	s2_336	 
Мебель	Лампа		чёрный	пластик	наст диммер USB сенсорн	1480	s2_337	 
Мебель	Стол-бенч	1400х700х750	белый	ЛДСП	пристав	7400	s2_338	 
Мебель	Шкаф для инструмента	1000х500х2000			откидн створк крюч	21800	s2_339	 
Мебель	Рулонная	1500х1700	бежевый		штора блэкаут	1980	s2_340	 
Мебель	Корзина		хром	металл; хром; сетка	покупательск 22л с ручк	520	s2_341	 
Мебель	Скамья	1000х600х900			тренировочн гиперэкст угловой 45°	13400	s2_342	 
Мебель	Стол манипуляц	900х500х850			SS 1 ящики колес	14800	s2_343	 
Мебель	Верстак	1800х750х900	бук	бук	столярн с тиск массив 50мм	38400	s2_344	 
Мебель	Стол угловой	1400х1100х750	дуб сонома	ЛДСП; дуб		10600	s2_345	 
Мебель	Шкаф для документов	800х400х1150	белый	ЛДСП	сред	6900	s2_346	 
Мебель	Зона		серый	ткань	ожидан кресло перегов на полозьях	9800	s2_347	 
Мебель	Стул		коричневый	экокожа; дерево	ресторан с подлок карк	3200	s2_348	 
Мебель	Шкаф медицинский	900х450х1950	серый	металл	2-секционный ключ	16800	s2_349	 
Мебель	Стеллаж	800х400х1800	серый	металл	полузакрытый 4 пол	6700	s2_350	 
Мебель	Сейф	250х350х250			мебельн ключ 8	3200	s2_351	 
Мебель	Каталка медицинский	2000х650х750			1-местный колес	24800	s2_352	 
Мебель	Стол гостевой	800х450х750	белый	ЛДСП	макияж зерк	8900	s2_353	 
Мебель	Подиум выставочный	2000х800х1200			МДФ 4 ярус	14400	s2_354	 
Мебель	Комод 3	600х400х800	белый	ЛДСП	ящика	3950	s2_355	 
Мебель	Кассов	1800х1200х900		ЛДСП	остров со стяж лентой	26800	s2_356	 
Мебель	Кресло акцент			дерево	велюр коичн дерев ножк	13900	s2_357	 
Мебель	Тумба реактивн	600х500х850			под кислоту трейзор	19800	s2_358	 
Мебель	Удлинитель		белый		4 розет 5м с выкл	620	s2_359	 
Мебель	Стол учительск	1400х600х760	бук	ЛДСП; бук	с тумбой 2 ящика	9700	s2_360	 
Мебель	Подставка под	500х250х100	белый	ЛДСП	монитор	780	s2_361	 
Мебель	Шкаф-купе	1500х600х2200	дуб сонома	дуб	2-дверный зерк	31200	s2_362	 
Мебель	Парта школьн	600х500х760	бук	ЛДСП; бук	с наклон столеш	3700	s2_363	 
Мебель	Стол операторск	1200х600х750	серый	ЛДСП	компактный	5800	s2_364	 
Мебель	Стол банкетный	2400х750х750	серый	пластик	складн HDPE	9200	s2_365	 
Мебель	Стол перегов	1500х750	дуб сонома	ЛДСП; дуб	круглый	9400	s2_366	 
Мебель	Шкаф двуспальный	800х450х1950	серый	металл	ключ	14700	s2_367	 
Мебель	Штора	1200х1700	бежевый	ткань	рулон	980	s2_368	 
Мебель	Сейф	350х450х250			мебельн под А4 ключ 14	4400	s2_369	 
Мебель	Шкаф медицинский	1200х500х1950	белый	металл	2-секционный ключ	21400	s2_370	 
Мебель	Верстак	1500х700х900			мобильный колес с тормозн 4 ящики	19800	s2_371	 
Мебель	Шкаф архивный	1600х450х1950	серый	ЛДСП	4-секционный А4	26500	s2_372	 
Мебель	Стеллаж нержав	1000х500х1800			SS304 4 пол пищ	38400	s2_373	 
Мебель	Стол письменный	1500х1200х750	венге	ЛДСП	угловой с тумбой	14800	s2_374	 
Мебель	Подиум выставочный	400х400х400	белый	ЛДСП	квадратный	2700	s2_375	 
Мебель	Тумба под	600х450х750	венге	ЛДСП	МФУ 2 полки	5100	s2_376	 
Мебель	Стол-бенч	3600х1600х750	дуб сонома	ЛДСП; дуб	6-местный	58400	s2_377	 
Мебель	Кресло офисный		чёрный; серый	сетка	эрг крест с подлок	7800	s2_378	 
Мебель	Огражд выставочный		хром	хром	Огражд выставочный стойка хром+лента 1м	1480	s2_379	 
Мебель	Подставка под	600х230х90	серый	металл	монитор регулируемый	1980	s2_380	 
Мебель	Контейнер	1000х800х750		металл	сетчат нагр 300кг	8700	s2_381	 
Мебель	Стол лаб	1000х600х900			весовой антивибр гранит	24700	s2_382	 
Мебель	Кронштейн				под клавиат с подставк под мышь	1700	s2_383	 
Мебель	Кухонный модуль	600х500х820	дуб сонома	ЛДСП; дуб	офисный ниж	5800	s2_384	 
Мебель	Кресло руководителя		серый; хром	хром; ткань	велюр крестовина	11400	s2_385	 
Мебель	Столик	600х400х850			инструмент SS 3 полки колес	7800	s2_386	 
Мебель	Шкаф медицинский	800х450х1850	белый		стек створк 4 пол	16400	s2_387	 
Мебель	Шкаф	600х450х650	серый		"сервер наст 19"" 12U стек дверный"	18400	s2_388	 
Мебель	Перегор	1500х1500х2000		HPL	санитарн кабина в сборе	31400	s2_389	 
Мебель	Стул-табурет		серый	винил	работ регул высоты	1850	s2_390	 
Мебель	Сейф	300х400х300			мебельн эл замок 12	5400	s2_391	 
Мебель	Подставка под		чёрный	металл	системный блок колес	780	s2_392	 
Мебель	Стол угловой	1600х1200х750	серый	ЛДСП	с тумбой 4 ящика	17200	s2_393	 
Мебель	Столик	800х500х450	дуб сонома	ЛДСП; дуб	журн	2900	s2_394	 
Мебель	Матрас	1800х2000			пружин 7-зон независ блок	19800	s2_395	 
Мебель	Тумба выкатн	400х500х650	венге	ЛДСП	4 ящика	5200	s2_396	 
Мебель	Барн.стойка	1800х600х1100	венге	ЛДСП	с витрин	28400	s2_397	 
Мебель	Стол перегов	1200х600х750	серый	ЛДСП	трапец	6900	s2_398	 
Мебель	Диван прям		чёрный	экокожа	еврокн 2-местный	24500	s2_399	 
Мебель	Стол лаб	1600х750х900	серый	ЛДСП	компьют кабель	11400	s2_400	 
Мебель	Стул ученический			металл; пластик	сиденье/спинка каркас 380	1100	s2_401	 
Мебель	Багажн.полка	1000х400х200		дерево	гостиничн наст	2400	s2_402	 
Мебель	Кронштейн				"монит потолочный """	2900	s2_403	 
Мебель	Жалюзи	1500х2400	бежевый	ткань	вертикальный	2900	s2_404	 
Мебель	Скамья	2000х600х450		сталь	тренир олимп 4мм	18400	s2_405	 
Мебель	Шкаф архивный	800х450х1990		металл	4 полки ключ	14700	s2_406	 
Мебель	Шкаф школьн	800х400х1850	бук	ЛДСП; бук	для книг со стек створк	13700	s2_407	 
Мебель	Стул ученический		бук	ЛДСП; металл; бук	штабел каркас 460	1380	s2_408	 
Мебель	Кресло руководителя		чёрный; хром	хром; кожа	пятилучье	14800	s2_409	 
Мебель	Шкаф лабораторный	1200х750х2300		металл	вытяжн фильтр	46800	s2_410	 
Мебель	Стеллаж	1500х500х2000		металл	сборн 5 пол 150кг/п	7400	s2_411	 
Мебель	Доска маркерн	900х600		алюминий	магн алюминиевая рамка	1380	s2_412	 
Мебель	Подставка для ног		чёрный	металл; сетка		1100	s2_413	 
Мебель	Кронштейн для проектор				потолочный регулируемый	3700	s2_414	 
Мебель	Стеллаж паллетн	3000х1100х4500			нагр 1000кг/п усиленный	31400	s2_415	 
Мебель	Доска информ	1200х900			магн маркерн со створками	4700	s2_416	 
Мебель	Шкаф медицинский	800х400х1850	белый	металл	2-секционный ключ	14410	s2_417	 
Мебель	Кресло операторск		белый; серый	сетка	каркас	6700	s2_418	 
Мебель	Перегор	900х900х2000		стекло	душевая угловой алюм карк	19400	s2_419	 
Мебель	Стол комп	1100х600х1450	венге	ЛДСП	с надстр	9400	s2_420	 
Мебель	Стеллаж	800х400х1800		металл	5 пол 150кг/п оцинк	5700	s2_421	 
Мебель	Тумба под	600х450х650	белый	ЛДСП	оргтехнику	4200	s2_422	 
Мебель	Шкаф химический	800х500х1850	серый	металл	лаб 2-дверный вытяж	28400	s2_423	 
Мебель	Верстак	1500х700х900		сталь; металл	с ящиками 7-секционный 2мм	28400	s2_424	 
Мебель	Шкаф лабораторный	800х450х1850			для посуды стек створк	14700	s2_425	 
Мебель	Витрина торгов	500х500х500		стекло	наст куб	6800	s2_426	 
Мебель	Шкаф для документов	800х400х1950	серый		высокий открыт	8400	s2_427	 
Мебель	Рулонная	1000х1600	серый		штора блэкаут	1380	s2_428	 
Мебель	Барн.стойка	2400х800х1100	серый	ЛДСП	модул островн сер	31400	s2_429	 
Мебель	Стеллаж	1200х400х2500		металл	для архива 6 пол А4	13700	s2_430	 
Мебель	Стойка	1200х1200х2100		сталь	приседан силовая рама 4мм	38400	s2_431	 
Мебель	Стол лабораторный	800х600х900	серый		весовой антивибр	17400	s2_432	 
Мебель	Стул банкетный		бежевый; золото		штабел чехол карк	2200	s2_433	 
Мебель	Кресло руководителя		белый	экокожа	деров накладки метал крест	14700	s2_434	 
Мебель	Флипчарт	700х1000			магн на колёсах	3450	s2_435	 
Мебель	Шкаф для документов	800х400х750	серый		низкий со створк	6100	s2_436	 
Мебель	Стеллаж нержав	800х500х1800			SS201 4 пол пищ	24700	s2_437	 
Мебель	Стол операторск	1200х600х750	белый	ЛДСП	на бенч-карк	6400	s2_438	 
Мебель	Кассов	1000х600х1100	серый	ЛДСП	бокс ниш под терминал	14400	s2_439	 
Мебель	Витрина торгов	600х400х1800		стекло	высокий 5 пол подсв	19400	s2_440	 
Мебель	Тумба под	600х500х500		металл	сейф нагр 300кг	4600	s2_441	 
Мебель	Кушетка процедур	2000х650х750	бежевый	винил	регулируемый	17400	s2_442	 
Мебель	Ковёр	2000х2900	бежевый		шерсть классик	19800	s2_443	 
Мебель	Перегор	450х40х1000	чёрный	HPL	писсуарн компакт	4700	s2_444	 
Мебель	Столик барный	600х1100	белый; хром	ЛДСП; хром	круглый	4100	s2_445	 
Мебель	Ковёр	2000х3000	бежевый; коричневый		синтет геом	7200	s2_446	 
Мебель	Стул банкетный		чёрный; хром	хром; ткань	штабел карк	1480	s2_447	 
Мебель	Стол-бенч	4800х1600х750	серый	ЛДСП	8-местный	78400	s2_448	 
Мебель	Бенч-система	2400х1400х750	серый	ЛДСП	4-местный	38400	s2_449	 
Мебель	Шкаф-стеллаж	800х400х1850	дуб сонома	ЛДСП; дуб	комби	8700	s2_450	 
Мебель	Перегородка офисный	1500х40х1800	матовый	стекло	стационарный	9700	s2_451	 
Мебель	Шкаф для документов	800х400х1950	серый	ЛДСП	высокий	9800	s2_452	 
Мебель	Зона		чёрный	экокожа	ожидан диван-секция прям	13800	s2_453	 
Мебель	Доска информ	1500х1000			пробков в алюм рамке	1850	s2_454	 
Мебель	Шкаф документальный	600х600х1950	венге	ЛДСП	вращающ	17800	s2_455	 
Мебель	Раздевалка	600х500х1850			шкаф ЛОК с гигрост вент	13400	s2_456	 
Мебель	Раздевалка	600х500х2200			шкаф ЛОК с антресол ключ	13800	s2_457	 
Мебель	Кухонный модуль	900х900х820	серый	ЛДСП	офисный угловой ниж	9700	s2_458	 
Мебель	Стол лабораторный	1200х600х900	белый	ЛДСП	химостойк	11400	s2_459	 
Мебель	Стеллаж	1200х500х2000		металл	оцинк 5 пол 250кг/п	10400	s2_460	 
Мебель	Стол перегов	1000х750	серый	ЛДСП	круглый	5700	s2_461	 
Мебель	Стол антиванд	1800х1500х750		металл; дерево	пикн со скам металлический+деревянный	18400	s2_462	 
Мебель	Шкаф для инструмента	1500х600х2000		металл	с верст ящики	34800	s2_463	 
Мебель	Стенд выставочный				модул поп-ап 3х3 ткан с печатью	24700	s2_464	 
Мебель	Шкаф медицинский	1200х500х1950	серый	металл	2-секционный ключ	21400	s2_465	 
Мебель	Кровать дверный	1600х2000	тёмно-серый	экокожа	подъём мех + ламель	35700	s2_466	 
Мебель	Стол ресторан	700х700х750	дуб	ЛДСП; металл; дуб	опора	4100	s2_467	 
Мебель	Стеллаж гараж	2000х500			навесн под потолок	6700	s2_468	 
Мебель	Кресло офисный		чёрный	ткань; пластик	оператора крест	3950	s2_469	 
Мебель	Светильник накладки	600х600			растр 28Вт	980	s2_470	 
Мебель	Картотека		серый	металл	4 ящика А3 ключ	13400	s2_471	 
Мебель	Зона		чёрный; хром	хром; экокожа	ожидан диван 4-местный	21400	s2_472	 
Мебель	Светильник потолочный	1200х300			офисный 40Вт армстронг	1450	s2_473	 
Мебель	Стол комп	1100х1100х750	венге	ЛДСП	дет угловой	9700	s2_474	 
Мебель	Стол лабораторный	1500х750х900	серый	ЛДСП	химостойк	13700	s2_475	 
Мебель	Стеллаж для гантелей	600х600х1800		сталь	вертикальный 3мм	9700	s2_476	 
Мебель	Стул обеденный		чёрный	металл	каркас сид фанера	1980	s2_477	 
Мебель	Шкаф для одежды	400х500х1850	серый	ЛДСП	офисный	7200	s2_478	 
Мебель	Стеллаж	1000х400х2000		металл	5 пол 150кг/п оцинк	7600	s2_479	 
Мебель	Диван-уголок	1600х600х900	коричневый	экокожа	кафе модул	24700	s2_480	 
Мебель	Стул банкетный		бежевый; золото	экокожа	карк штабел	2100	s2_481	 
Мебель	Скамья	1800х600х850		дерево	парков со спинкой чугун дерев планк	11700	s2_482	 
Мебель	Стол-приставка	600х350х750	белый	ЛДСП	узк	2400	s2_483	 
Мебель	Диван угловой		коричневый		тик-так велюр	46300	s2_484	 
Мебель	Шкаф медицинский	800х450х2000	белый		перевязоч 4 пол	17800	s2_485	 
Мебель	Стеллаж гараж	800х400х1800			лёгк 4 пол сборн	3700	s2_486	 
Мебель	Светильник аварийный				наст встр 2Вт автон	680	s2_487	 
Мебель	Кресло руководителя		чёрный	кожа; дерево	бизнес-класс накладки	28900	s2_488	 
Мебель	Стол письменный	1100х600х750	бук	ЛДСП; бук	дет	6400	s2_489	 
Мебель	Шкаф химикат	600х450х1850			лаб компактный вытяж	21400	s2_490	 
Мебель	Тумба под	800х450х650	серый	ЛДСП	МФУ	5400	s2_491	 
Мебель	Сейф взломостойк	500х400х400			кл I ключ+код 75	41400	s2_492	 
Мебель	Стеллаж	1000х500х2000	серый	металл	полузакрытый 5 пол	8900	s2_493	 
Мебель	Стул-табурет офисный		чёрный	ткань	эконом крестовина	980	s2_494	 
Мебель	Стол кафе	700х750	венге	ЛДСП	круглый чугун опор	3800	s2_495	 
Мебель	Картотека			металл	2 ящика А3 ключ	7400	s2_496	 
Мебель	Шкаф для одежды	800х500х2000		ЛДСП	офисный с пеналом	14700	s2_497	 
Мебель	Стул-табурет		чёрный	металл	складн 450мм	680	s2_498	 
Мебель	Кронштейн				ноутб наст с площадкой регулируемый	2100	s2_499	 
Мебель	Стул обеденный		серый	дерево	велюр дерев ножк	3400	s2_500	 
Мебель	Стол ресторан	700х700х750	серый	ЛДСП; металл	опора	4100	s2_501	 
Мебель	Стол перевязочн	600х400х800			SS колес 2 полки	13400	s2_502	 
Мебель	Картотека		чёрный	металл	4 ящика А5 кодовая	10800	s2_503	 
Мебель	Тумба прикроватная	450х400х800	белый	металл	больничный	6400	s2_504	 
Мебель	Верстак	2000х2000х900		сталь	слесарн угловой 3мм 6 ящики	31400	s2_505	 
Мебель	Стол письменный	1200х600х750	орех	ЛДСП	т	5290	s2_506	 
Мебель	Стеллаж паллетн	2500х1100х4500			угловой нагр 600кг/п	34700	s2_507	 
Мебель	Верстак	1800х750х900		металл	слесарн усиленный 2 ящики+полки	19400	s2_508	 
Мебель	Перегородка офисный	1800х1200	серый	ткань	мобильный колес	9800	s2_509	 
Мебель	Шкаф-купе	2100х600х2200	белый		3-дверный зерк	38900	s2_510	 
Мебель	Двуспальный	1800х500х450		дерево	скамья парков антиванд бетон+деревянный	19800	s2_511	 
Мебель	Стеллаж	1000х400х1800		металл	5 пол 150кг/п оцинк	6900	s2_512	 
Мебель	Стол кухонный	1200х600х750	белый	ЛДСП	раскладн 800/	6400	s2_513	 
Мебель	Стул-табурет		серый	ткань	фикс высота 450 4 ножк	780	s2_514	 
Мебель	Лампа		чёрный		наст USB сенсорн диммер	2100	s2_515	 
Мебель	Стол перегов	2400х1200х750	дуб сонома	ЛДСП; дуб	овальн	24700	s2_516	 
Мебель	Шкаф огнестойкий	800х500х1850			документальный 60мин ключ	64800	s2_517	 
Мебель	Кресло-мешок	1200х900	чёрный	экокожа		3800	s2_518	 
Мебель	Стеллаж-кронштейн	1000х400		металл	настенный 4 кронш	3400	s2_519	 
Мебель	Кресло посетит		коричневый	металл; ткань	на полозьях каркас	2380	s2_520	 
Мебель	Ресепшен гостевой	3000х700х1200	венге	ЛДСП	с подсвет	84700	s2_521	 
Мебель	Стул банкетный		чёрный; золото	экокожа	штабел карк	1700	s2_522	 
Мебель	Зона		серый	рогожка	ожидан кресло переговор	10800	s2_523	 
Мебель	Ресепшен-стойка	1800х700х1200	серый	ЛДСП	с надстр	28700	s2_524	 
Мебель	Кресло руководителя		бежевый	экокожа; пластик	крест с подлок	9700	s2_525	 
Мебель	Шкаф медицинский	600х450х1850			стерильн кварц лампа	24700	s2_526	 
Мебель	Шкаф инструмент	1000х500х1950		металл	перфор крюч	22800	s2_527	 
Мебель	Кресло посетит		серый; хром	хром; ткань	на полозьях	2950	s2_528	 
Мебель	Стеллаж для гантелей	2400х600х1200		сталь	3-ярус 3мм	21400	s2_529	 
Мебель	Панель	600х600		ткань	акуст потолочный подвес	2400	s2_530	 
Мебель	Тумба прикроватная	500х450х800	белый	металл	больничный	7100	s2_531	 
Мебель	Ресепшен гостевой	3600х800х1150	дуб	ЛДСП; дуб	больш модул	78400	s2_532	 
Мебель	Картотека		чёрный	металл	3 ящика А4 ключ	7800	s2_533	 
Мебель	Стул-табурет		бук	дерево; бук	масс лак фикс	2400	s2_534	 
Мебель	Шкаф для одежды	900х500х1850		металл	офисный 3-секционный	11800	s2_535	 
Мебель	Панель	250х2700	коричневый	ПВХ	декор кирпич	420	s2_536	 
Мебель	Сейф взломостойк	600х500х500			кл II эл замок 110	64700	s2_537	 
Мебель	Стол манипуляц	600х450х800			компактный SS 2 полки	9700	s2_538	 
Мебель	Барн.стойка	1200х600х1100	белый	ЛДСП	модул прям	13800	s2_539	 
Мебель	Стол операторск	1200х600х750	серый		компактный с экраном	7100	s2_540	 
Мебель	Тумба ТВ	1000х400х450	венге	ЛДСП		5400	s2_541	 
Мебель	Стеллаж	700х700х2000		металл	угловой 5 пол нагр 150кг/п	9700	s2_542	 
Мебель	Стол комп	1200х900х750	белый	ЛДСП; стекло	угловой	8900	s2_543	 
Мебель	Шкаф для одежды	400х500х1850		металл	офисный 1-секционный	6400	s2_544	 
Мебель	Кухонный модуль	800х500х820	белый	ЛДСП	офисный под мойку	6700	s2_545	 
Мебель	Тумба прикроватная	500х400х800			больн откидн стол	8700	s2_546	 
Мебель	Жалюзи	1000х1600	белый	алюминий	горизонтальный белые	1450	s2_547	 
Мебель	Перегор		матовый	стекло	душевая 800х8х2000 алюм карк	14700	s2_548	 
Мебель	Тумба прикр	400х350х500	белый	ЛДСП	1 ящика	1380	s2_549	 
Мебель	Скамья	1500х600х500			тренировочн абдомин регулируемый	11400	s2_550	 
Мебель	Стеновая	600х600	бежевый		панель акуст войлок 25мм	1700	s2_551	 
Мебель	Стеллаж	800х400х2000		металл	5 пол 150кг/п оцинк	6400	s2_552	 
Мебель	Тумба операторск	400х500х600			мобильный с замком 3 ящика	4900	s2_553	 
Мебель	Тумба гостевой	600х500х650	венге	ЛДСП	под минибар	8700	s2_554	 
Мебель	Шкаф медицинский	800х400х1850	серый	металл	2-секционный ключ	14400	s2_555	 
Мебель	Кровать дверный	1400х2000	венге	ЛДСП	ортопед осн	16200	s2_556	 
Мебель	Кресло посетит		бежевый; хром	хром; экокожа	на полозьях карк	3280	s2_557	 
Мебель	Шкафчик для столовой	400х300х450	дуб сонома	дуб	настенн	1480	s2_558	 
Мебель	Шкаф	500х400х1850		металл	бухгалт трейзор ключ	19400	s2_559	 
Мебель	Тумба под	500х450х650	чёрный	металл	принтер мобильный	5400	s2_560	 
Мебель	Тумба прикр	450х400х500	венге	ЛДСП	2 ящика	1850	s2_561	 
Мебель	Стол комп	1200х600х750	белый	ЛДСП	дет ящики	7800	s2_562	 
Мебель	Шкаф ЛОК	1200х500х1850		пластик	для душев влагостойк 4-секционный	28700	s2_563	 
Мебель	Стойка для штанг	2400х500х1800		сталь	3мм 8 мест	24800	s2_564	 
Мебель	Стеллаж	1000х400х1800		металл	сварн 4 пол нагр 200кг/п	6900	s2_565	 
Мебель	Кровать дверный	160х200	венге	ЛДСП		15800	s2_566	 
Мебель	Стойка для одежды		хром	металл; хром	медицинский колес	3700	s2_567	 
Мебель	Матрас	1400х2000			пружин независ блок	11700	s2_568	 
Мебель	Шкаф школьн	800х400х1850	бук	ЛДСП; бук	для тетрад 4 пол	11400	s2_569	 
Мебель	Подставка под		серый	ЛДСП	клавиат подвесн	1450	s2_570	 
Мебель	Верстак	1500х700х1850			двухуровн с надстр 5 ящики	26700	s2_571	 
Мебель	Шкафчик	600х600х720	белый	ЛДСП	столовой угловой 2-дверный	4400	s2_572	 
Мебель	Вешалка гостевой		хром	металл; хром	наст 4 крюч	1480	s2_573	 
Мебель	Стеллаж гараж	700х700х1800		металл	угловой 4 пол	5800	s2_574	 
Мебель	Бра		чёрный	металл	наст E27 с выкл	950	s2_575	 
Мебель	Зона		коричневый	экокожа	ожидан кресло переговор	12400	s2_576	 
Мебель	Шкаф химический	800х500х1850	серый	металл	лаб с поддон	26400	s2_577	 
Мебель	Кухонный модуль	600х500х820			офисный ниж под микровол	4800	s2_578	 
Мебель	Шкаф ЛОК	1200х500х2000			с наклон крышей 4-секционный ключ	19400	s2_579	 
Мебель	Картотека		чёрный	металл	А5 4 ящика ключ	6800	s2_580	 
Мебель	Перегородка офисный	1500х1200			мобильный пробков колес	7900	s2_581	 
Мебель	Диван офисный		бежевый	экокожа	3-местный	20400	s2_582	 
Мебель	Стол лабораторный	2100х750х900	белый	ЛДСП	химостойк	19400	s2_583	 
Мебель	Верстак	1500х700х850		сталь	слесарн с тиск 2мм 2 ящики	17400	s2_584	 
Мебель	Стул банкетный		тёмно-синий; хром	хром; ткань	штабел карк	1480	s2_585	 
Мебель	Светильник наружн		чёрный		фасадн 15Вт IP65	1700	s2_586	 
Мебель	Полка	1000х250х200			лаб наст SS нагр 40кг	3400	s2_587	 
Мебель	Тележка	700х450х1100			инструмент 5 ящики перфор экран	21400	s2_588	 
Мебель	Кресло руководителя		коричневый; хром	хром; экокожа	бизнес крестовина	19400	s2_589	 
Мебель	Кресло руководителя		белый; серый	сетка	эрг каркас подголовник	17800	s2_590	 
Мебель	Стеллаж-кронштейн	800х300х1800			гараж 5 пол оцинк	5400	s2_591	 
Мебель	Подиум выставочный	800х800х800	белый	ЛДСП	квадратный	5700	s2_592	 
Мебель	Стул-табурет		чёрный	сетка	высокий кассирск подножк	2900	s2_593	 
Мебель	Шкаф 4-дверный	1600х500х2100	венге	ЛДСП	распашной	26800	s2_594	 
Мебель	Доска флипчарт	700х1000			магн трипод	2400	s2_595	 
Мебель	Стол перегов	3600х1400х750	белый	ЛДСП	модул	42800	s2_596	 
Мебель	Кронштейн				ноутб наст газ лифт регулируемый	3400	s2_597	 
Мебель	Светильник наст		белый		зажим винт 6Вт	980	s2_598	 
Мебель	Тумба под	500х450х650	серый	ЛДСП	принтер моб колес	3400	s2_599	 
Мебель	Раздевалка	300х400х1850			шкафч ячейк 12 ячеек ключ	15400	s2_600	 
Мебель	Стеллаж паллетн	2700х1100х5500			нагр 800кг/п 4 ур	34800	s2_601	 
Мебель	Шкаф архивный	1600х450х2200	серый		со створк 4-секционный	28700	s2_602	 
Мебель	Стол лабораторный	1200х750х900	серый		химостойк двуспальный	11400	s2_603	 
Мебель	Подставка для ног			дерево	массажн ролик	1180	s2_604	 
Мебель	Стул банкетный		тёмно-синий; серый		серебро карк велюр	2400	s2_605	 
Мебель	Шкаф для одежды	1200х500х1850		металл	офисный 4-секционный	13200	s2_606	 
Мебель	Стеллаж антистат	1200х600х2000			ESD 5 пол ESD-покр	18400	s2_607	 
Мебель	Стол лаб	1500х750х900			титровальн ламель тумба	18400	s2_608	 
Мебель	Жалюзи	1500х2000	венге	алюминий	горизонтальный	2200	s2_609	 
Мебель	Прилавок-стойка	1000х500х900	венге	ЛДСП	торгов демонстр	9700	s2_610	 
Мебель	Стеллаж для шин	1500х500х2000			4-ур оцинк	11400	s2_611	 
Мебель	Стол лабораторный	1800х750х900	серый	ЛДСП	химостойк	16400	s2_612	 
Мебель	Стул банкетный		тёмно-синий; чёрный		штабел велюр карк	1850	s2_613	 
Мебель	Кресло руководителя		чёрный	экокожа; дерево	накладки подлокотники	11900	s2_614	 
Мебель	Раздевалка	600х500х1850		металл	шкаф ЛОК 2-секционный ключ	11400	s2_615	 
Мебель	Лампа			металл	наст бронза винтаж E27	2800	s2_616	 
Мебель	Ресепшен-стойка	1800х600х1100	белый	ЛДСП	прям	26400	s2_617	 
Мебель	Стеллаж	1200х400х2200	серый	металл	для архива 5 пол А4	11200	s2_618	 
Мебель	Матрас	2000х2000			пружин независ блок 7-зон	24700	s2_619	 
Мебель	Стеллаж-кронштейн	1200х400			склад навесн нагр 150кг	3800	s2_620	 
Мебель	Шкаф антиванд	1000х500х1950			4мм кодов замок	34800	s2_621	 
Мебель	Кронштейн				"монит наст 2-х монит """	5400	s2_622	 
Мебель	Рабоч.станция	2800х1400х750	серый	ЛДСП	бенч 2-местный	24800	s2_623	 
Мебель	Урна		чёрный	сталь; металл	антиванд 40л 3мм замок	7400	s2_624	 
Мебель	Тумба выкатн	400х500х600	дуб сонома	ЛДСП; дуб	3 ящика замок	4500	s2_625	 
Мебель	Тумба под	600х450х650	венге	ЛДСП	МФУ мобильный колес	5800	s2_626	 
Мебель	Раздевалка	900х500х1850			шкаф ЛОК со скамьёй ниш	15400	s2_627	 
Мебель	Барная	2000х500х1100	белый	ЛДСП	стойка-перегор	17900	s2_628	 
Мебель	Шкаф докум	800х400х1450	серый		средн с антресол	8900	s2_629	 
Мебель	Стол-приставка	600х450х750	венге	ЛДСП	приставн	2700	s2_630	 
Мебель	Тумба под	600х500х650	дуб сонома	ЛДСП; дуб	МФУ 2-дверный	4900	s2_631	 
Мебель	Шкаф документальный	800х450х1850	серый		со стек створк	11400	s2_632	 
Мебель	Шкаф документальный	1000х500х1950		металл	4-полки усиленный	16400	s2_633	 
Мебель	Лампа		чёрный	металл	наст рабоч на струбц шарнир	2200	s2_634	 
Мебель	Кухонный модуль	600х500х1950	серый		офисный высокий колонна	13400	s2_635	 
Мебель	Стол кафе	600х750	белый	ЛДСП	круглый чугун опор	3400	s2_636	 
Мебель	Картотека		серый	металл	6 ящика А5 ключ	9700	s2_637	 
Мебель	Шкаф лабораторный	600х450х1850	серый		для реактив ключ	18900	s2_638	 
Мебель	Подиум выставочный	1500х600х900			ступенч МДФ 3 ярус	11400	s2_639	 
Мебель	Банкетка	1500х350х450		металл; дерево	раздевалк дерев планк каркас	4700	s2_640	 
Мебель	Бенч-система	2400х1200х750	серый		компактный 2-местный	21800	s2_641	 
Мебель	Стеллаж торгов	1000х800х1800	серый	ЛДСП	островн двустор	17800	s2_642	 
Мебель	Стеллаж	800х400х1800	венге	ЛДСП	5 полки	4700	s2_643	 
Мебель	Велопарковка	600х80х800	чёрный		U-образн 1 место анкер	1480	s2_644	 
Мебель	Шкафчик	600х400х720	дуб сонома	ЛДСП; дуб	столовой 2-дверный	3400	s2_645	 
Мебель	Диван угловой				еврокн велюр т синий с подлок	48700	s2_646	 
Мебель	Вешалка		чёрный	металл	наст 6 крюч	420	s2_647	 
Мебель	Светильник потолочный	300х300			накладки квадрат 24Вт	980	s2_648	 
Мебель	Шкаф для документов	800х400х750	белый	ЛДСП	низкий	4900	s2_649	 
Мебель	Шкаф медицинский	800х500х1850			с сейфом 2-секционный ключ	19400	s2_650	 
Мебель	Стеллаж консольный	3000х1500х3000			2-сторонний усиленный 500кг/п	38400	s2_651	 
Мебель	Стеллаж мезонинн	2000х1000х4000			2-уровн нагр 250кг/п	48700	s2_652	 
Мебель	Тумба гостевой	500х400х500	венге	ЛДСП	прикроватная 1 ящика	3700	s2_653	 
Мебель	Стол офисный	1600х800х750	венге	ЛДСП	руководителя	13700	s2_654	 
Мебель	Подставка под		серый	металл	ноутб регулируемый охлажд	2400	s2_655	 
Мебель	Кушетка медицинский	1800х600х600	бежевый	винил	смотровой карк	8400	s2_656	 
Мебель	Диван прям		бежевый	рогожка	еврокн 3-местный	28900	s2_657	 
Мебель	Вытяжной	1200х750х2200			шкаф лаб компактный фильтр	39800	s2_658	 
Мебель	Кухонный модуль	800х300х720	серый		офисный верхний со створк	4700	s2_659	 
Мебель	Сейф огнестойкий	400х450х450			30мин ключ	14700	s2_660	 
Мебель	Зона		чёрный	экокожа	ожидан модул диван 3-секционный	42400	s2_661	 
Мебель	Тумба под	500х450х450	серый	ЛДСП	сейф усиленный	3400	s2_662	 
Мебель	Столик барный	800х1100	чёрный	пластик	коктейл складн карк	3800	s2_663	 
Мебель	Ресепшен-стойка	2400х600х1100	венге	ЛДСП	прям	31800	s2_664	 
Мебель	Кресло руководителя		чёрный	кожа	эконом метал крест	9800	s2_665	 
Мебель	Кресло конферен		серый	ткань	на полозьях штабел	2400	s2_666	 
Мебель	Стол письменный	1800х700х750	серый	ЛДСП	с тумбой 3 ящика	13400	s2_667	 
Мебель	Светильник линейн				подвес 1500 48Вт 4000K	2400	s2_668	 
Мебель	Светильник потолочный	600х600			накладки квадрат 36Вт	1700	s2_669	 
Мебель	Кушетка медицинский	2000х700х650	бежевый	винил	смотровой карк	11200	s2_670	 
Мебель	Светильник трек.LED		чёрный		30Вт направл 4000K	2400	s2_671	 
Мебель	Стол операторск	1600х1200х750	серый		угловой с экраном	14800	s2_672	 
Мебель	Тумба операторск	400х500х650	белый		мобильный 4 ящика белая	5100	s2_673	 
Мебель	Комод 6	1200х450х900	дуб сонома	ЛДСП; дуб	ящика	9100	s2_674	 
Мебель	Стеллаж	1500х500х2500		металл	6 пол нагр 300кг/п оцинк	14800	s2_675	 
Мебель	Стеллаж	1400х500х2000		металл	5 пол 150кг/п оцинк	10400	s2_676	 
Мебель	Перегор	1200х40х2000	чёрный	HPL	санитарн компакт	11400	s2_677	 
Мебель	Верстак	200х800х900	бук	дерево; бук	столярн массив	26800	s2_678	 
Мебель	Шкаф для инструмента	1200х500х2000		металл	2-дверный 4 пол ключ	26400	s2_679	 
Мебель	Шкаф школьн	1200х400х1850			учен для рюкзак 12 ячеек	14700	s2_680	 
Мебель	Лампа		чёрный	пластик	наст диммер USB	1450	s2_681	 
Мебель	Тумба под	600х450х650			оргтехнику мобильный колес	4900	s2_682	 
Мебель	Стол банкетный	2200х1000х750		пластик	складн овальн HDPE	10400	s2_683	 
Мебель	Шкаф инструмент	1000х500х2000		металл	с верстаком	28900	s2_684	 
Мебель	Стол письменный	1200х600х750	серый	ЛДСП		5100	s2_685	 
Мебель	Тумба прикроватная	400х400х750	белый	металл	больничный	5700	s2_686	 
Мебель	Тумба под	600х450х750	серый	металл	МФУ ключ	7200	s2_687	 
Мебель	Кронштейн				"монит наст "" нагр до 8кг"	1450	s2_688	 
Мебель	Стол операторск	1400х700х750	серый	ЛДСП	с тумбой 3 ящика	11400	s2_689	 
Мебель	Стол перегов	1600х1000х750	белый	ЛДСП	бумеранг	9700	s2_690	 
Мебель	Стул		венге	дерево	кафе деревян лак со спинкой	1480	s2_691	 
Мебель	Кровать дверный	1600х2000	белый	ЛДСП	б/п	14900	s2_692	 
Мебель	Стеллаж	600х300х1400	дуб сонома	ЛДСП; дуб	открыт 4 полки	2900	s2_693	 
Мебель	Кресло акцент			металл	велюр изумруд металлические ножки	15400	s2_694	 
Мебель	Стол кухонный	600х600х750	белый	ЛДСП		2900	s2_695	 
Мебель	Зона		бежевый	рогожка	ожидан диван-модуль угловой	31400	s2_696	 
Мебель	Шкаф школьн	900х400х1850			ячейк под портфели 12 ячеек	13800	s2_697	 
Мебель	Раздевалка	1200х350х400		дерево	скамья гардероб дерев планк	3700	s2_698	 
Мебель	Стол банкетный	1500х750		пластик	складн круглый HDPE	7800	s2_699	 
Мебель	Лампа		бежевый	ткань; дерево	торш напольн дерев ножк	3400	s2_700	 
Мебель	Лавка	1500х500х450	чёрный		силовая накл регулируемый кожзам	12400	s2_701	 
Мебель	Доска аудитор	2400х1000			комби маркер мел 2 створк	11700	s2_702	 
Мебель	Шкаф антиванд	1200х500х1950			усиленный 3мм 2 замка	31400	s2_703	 
Мебель	Тумба прикр	400х350х500	дуб сонома	ЛДСП; дуб	1 ящика	1450	s2_704	 
Мебель	Зона		чёрный	экокожа	ожидан секция-кресло угловой	11400	s2_705	 
Мебель	Стеновая	1200х2700	венге	ЛДСП	панель декор	3700	s2_706	 
Мебель	Скамья	1200х600х750		сталь	тренир Скотта 3мм	14700	s2_707	 
Мебель	Перегородка офисный	1800х40х1500		ткань	подвижн ширма	8400	s2_708	 
Мебель	Стол офисный	1800х900х750	венге	ЛДСП	руководителя с тумбой	18900	s2_709	 
Мебель	Шкаф-купе	1200х600х2200	венге		2-дверный	24700	s2_710	 
Мебель	Стол перегов	2800х1200х750	венге	ЛДСП	боулинг	27800	s2_711	 
Мебель	Тумба обувн	800х300х900	дуб сонома	ЛДСП; дуб	откидн	4700	s2_712	 
Мебель	Стол антиванд				бетон парк 1500х7х750 шлифов	24700	s2_713	 
Мебель	Кронштейн				настенный для проектор потолочный регул длин	3900	s2_714	 
Мебель	Столик	700х700х750	венге	ЛДСП	ресторан складн	3700	s2_715	 
Мебель	Прилавок	1200х600х900	белый	ЛДСП	торгов с витрин	13700	s2_716	 
Мебель	Шкафчик	400х400х1850	белый	ЛДСП	столовой высокий	5400	s2_717	 
Мебель	Перегор	1500х40х1800	бежевый	ЛДСП	санитарн влагостойк	7400	s2_718	 
Мебель	Сейф огнестойкий	500х450х450			30мин эл замок	21400	s2_719	 
Мебель	Скамья	1400х500х450		сталь	тренир горизонтальный 3мм	9800	s2_720	 
Мебель	Витрина музейн	1000х1000х1900			островн 4-сторонний	64800	s2_721	 
Мебель	Шкаф-стеллаж	800х400х1850	венге	ЛДСП	со створк	9200	s2_722	 
Мебель	Сушилка для одежды				с подогр электр 60Вт настенный	7400	s2_723	 
Мебель	Стол письменный	1400х700х750	дуб сонома	ЛДСП; дуб	с тумбой 3 ящика	9800	s2_724	 
Мебель	Витрина торгов	1000х1000х1500		стекло	центральн островн	28400	s2_725	 
Мебель	Велопарковка	2000х500х800		металл	на 6 мест оцинк напольн	7800	s2_726	 
Мебель	Тумба прикроватная	450х400х800	серый	металл	больничный	6400	s2_727	 
Мебель	Тумба ТВ	1400х400х500	венге	ЛДСП; металл	каркас	8200	s2_728	 
Мебель	Верстак	1500х750х900			сборочн с подсвет полка	22400	s2_729	 
Мебель	Шкаф архивный	800х450х1950		металл	с сейфом трейзор	19800	s2_730	 
Мебель	Кронштейн				монит наст наклон-поворот	1980	s2_731	 
Мебель	Стул банкетный		чёрный; коричневый	экокожа	штабел карк	1700	s2_732	 
Мебель	Скамья	2000х600х850		металл; дерево	парков усиленный карк дерев сид	13400	s2_733	 
Мебель	Кухонный модуль	1200х500х820	серый	ЛДСП	офисный ниж ящики	9400	s2_734	 
Мебель	Тележка	700х450х950		металл	инструмент 7 ящики колес	18900	s2_735	 
Мебель	Раздевалка	1200х500х1850		металл	шкаф ЛОК 4-секционный	17400	s2_736	 
Мебель	Стеллаж	1200х500х2000		металл	5 пол 150кг/п оцинк	9100	s2_737	 
Мебель	Столик	900х600х750	дуб	ЛДСП; дуб	ресторан складн	4800	s2_738	 
Мебель	Кресло операторск		чёрный; серый	сетка	спорт регулируемый	8900	s2_739	 
Мебель	Кровать дверный	1800х2000	белый	ЛДСП	ортопед осн	28400	s2_740	 
Мебель	Шкаф	300х250х1400		металл	оружейн 2 замка	6800	s2_741	 
Мебель	Стеллаж антистат	1000х500х1800			ESD 4 пол ESD-покр	14700	s2_742	 
Мебель	Подставка под		чёрный	металл	планшет регулируемый	780	s2_743	 
Мебель	Кухонный модуль		белый	ЛДСП	офисный компл 2400	34800	s2_744	 
Мебель	Прихожая	1600х400х2100	дуб сонома	ЛДСП; дуб	компл зерк	18900	s2_745	 
Мебель	Кресло руководителя		серый	ткань; дерево; рогожка	дерев основ	14800	s2_746	 
Мебель	Стол письменный	1200х600х750	ольха	ЛДСП		5290	s2_747	 
Мебель	Кронштейн				"монит наст 2-х монит "" газ лифт"	3400	s2_748	 
Мебель	Верстак	1200х600х850			ремонтн электрон ESD-покрыт	17400	s2_749	 
Мебель	Кресло операторск		чёрный	ткань; пластик	подголовник крест	5400	s2_750	 
Мебель	Огражд выставочный	1500х50х1100	чёрный		Огражд выставочный барьерн	3400	s2_751	 
Мебель	Шкаф для одежды		венге	ЛДСП	офисный со штангой+полк	10900	s2_752	 
Мебель	Картотека		серый	металл	2 ящика А4 ключ	5200	s2_753	 
Мебель	Верстак	1500х1500х850		сталь	слесарн угловой 2мм 3 ящики	19800	s2_754	 
Мебель	Стул барный		чёрный	металл; экокожа	со спинкой	4100	s2_755	 
Мебель	Доска маркерн	1500х1000		алюминий	эмалев алюминиевая рамка лоток	3200	s2_756	 
Мебель	Стол письменный	1600х600х750	венге	ЛДСП		6450	s2_757	 
Мебель	Кресло посетит		коричневый; хром	хром; ткань	на полозьях крест	2380	s2_758	 
Мебель	Бенч-система	2800х1600х1200	серый		4-местный с перегор	48400	s2_759	 
Мебель	Шкаф гостевой	900х600х2100	венге	ЛДСП	распашной 1-дверный	16400	s2_760	 
Мебель	Скамья	2000х1200х1300			тренировочн жим лёжа со стойк	24800	s2_761	 
Мебель	Тумба гостевой	450х400х500	дуб	ЛДСП; дуб	прикроватная 2 ящика	4400	s2_762	 
Мебель	Карниз		белый	алюминий	потолочный 3-рядный 3000	980	s2_763	 
Мебель	Сейф оружейн	350х250х1400			ключ+трейзор	7800	s2_764	 
Мебель	Подиум выставочный	600х600х600	чёрный	ЛДСП	квадратный	4100	s2_765	 
Мебель	Раздевалка	1500х400х450		металл; дерево	скамья с дерев сид	5100	s2_766	 
Мебель	Доска информ	900х1200			пробков маркерн комби	1980	s2_767	 
Мебель	Кровать дверный	1800х200	венге	ЛДСП	ортопед	16400	s2_768	 
Мебель	Вешалка		хром	металл; хром	напольн с подставк под зонт	1850	s2_769	 
Мебель	Стол операторск	1400х600х750	белый	ЛДСП	прям кабель	7400	s2_770	 
Мебель	Пуф	400х400х400	чёрный	экокожа	квадрат	1450	s2_771	 
Мебель	Полка	600х300х450	белый	ЛДСП	обувн 4 ярус	1950	s2_772	 
Мебель	Перегородка банкетный	1800х50х2000	бежевый	ткань	мобильный колес	9800	s2_773	 
Мебель	Урна			металл	парк 25л окраш порош зелён напольн	2900	s2_774	 
Мебель	Шкаф инструмент	600х400х1500			компактный 3 пол ключ	9400	s2_775	 
Мебель	Столик	900х600х450	венге	ЛДСП	журн	3200	s2_776	 
Мебель	Стол лабораторный	1800х750х900		ЛДСП	пристен с тумбой	19800	s2_777	 
Мебель	Доска флипчарт	700х1000			магн с регулируемый высотой	3700	s2_778	 
Мебель	Тумба под	500х400х600	белый	ЛДСП	принтер мобильный	3200	s2_779	 
Мебель	Шкаф 2-дверный	800х500х2000	белый	ЛДСП	распашной	11800	s2_780	 
Мебель	Стол перегов	2000х1000х750	дуб сонома	ЛДСП; дуб		14800	s2_781	 
Мебель	Светильник подвес	1200х300			36Вт армстронг	1380	s2_782	 
Мебель	Тумба ТВ	1800х450х500	тёмно-серый	ЛДСП	ящики+полки	12300	s2_783	 
Мебель	Сейф огнестойкий	800х500х1500			1-час 145кг	3450	s2_784	 
Мебель	Шкаф химический	1200х500х1950		металл	лаб 2-дверный вытяж	34500	s2_785	 
Мебель	Шкаф документальный	800х800х1950	белый	ЛДСП	угловой зерк	19400	s2_786	 
Мебель	Стеллаж консольный	2500х1500х3000			2-сторонний нагр 400кг/п	32700	s2_787	 
Мебель	Картотека		серый	металл	12 ящика А5 ключ	19800	s2_788	 
Мебель	Шкаф документальный	800х450х1850	серый		жалюзи рольставн	19400	s2_789	 
Мебель	Кресло офисный		чёрный	сетка	эрг крестовина	7350	s2_790	 
Мебель	Кухонный модуль		дуб сонома	ЛДСП; дуб	офисный компл 1800	26400	s2_791	 
Мебель	Стеллаж паллетн	1800х1100х4500			нагр 700кг/п 3 ур	24700	s2_792	 
Мебель	Стул банкетный		бежевый; хром	хром; ткань	штабел карк	1485	s2_793	 
Мебель	Светильник трек		чёрный		20Вт направл	1850	s2_794	 
Мебель	Стол комп	900х500х750	дуб сонома	ЛДСП; дуб	дет	5400	s2_795	 
Мебель	Шкаф для инструмента	700х400х1200			картотечн 27 ящики	19700	s2_796	 
Мебель	Подставка под			дерево	ноутб бамбук регулируемый	1850	s2_797	 
Мебель	Стеллаж архивный	4500х500х2200			передвижн 5 секц	84700	s2_798	 
Мебель	Подставка под				клавиат с подставк под мышь	1700	s2_799	 
Мебель	Стол лабораторный	2100х750х900	серый	ЛДСП	химостойк	19400	s2_800	 
Мебель	Кресло посетит		бежевый	металл; ткань	на полозьях каркас	2380	s2_801	 
Мебель	Стул		чёрный; хром	хром; экокожа	конферен	2100	s2_802	 
Мебель	Шкаф докум	800х400х1950	серый		высокий со створк	12400	s2_803	 
Мебель	Тумба офисный	800х450х750	белый	ЛДСП	2-дверный	6400	s2_804	 
Мебель	Банкетка	1800х350х450		ЛДСП	раздевалк с ящики под обувь	6800	s2_805	 
Мебель	Стол ресторан	800х800х750	чёрный; дуб	металл; дуб	шпон каркас	5800	s2_806	 
Мебель	Тумба под		серый	ЛДСП	систем блок выкатн	1380	s2_807	 
Мебель	Кровать односпальный	900х1900	белый	ЛДСП		8400	s2_808	 
Мебель	Светильник аварийный				3Вт автон 2ч	780	s2_809	 
Мебель	Кресло операторск		чёрный	сетка	синхромех	11800	s2_810	 
Мебель	Кресло акцент				велюр горчичн	14500	s2_811	 
Мебель	Столик	1100х600х450	белый	ЛДСП	журн бел глян	4100	s2_812	 
Мебель	Перегородка офисный	1200х40х1500	матовый	стекло	со	8400	s2_813	 
Мебель	Шкаф офисный	800х450х750	серый	ЛДСП	со створками	5300	s2_814	 
Мебель	Зона		чёрный	экокожа	ожидан модул секция-кресло	9800	s2_815	 
Мебель	Багажн.подставка гостевой	600х400х500		металл	металлический+кожзам	3400	s2_816	 
Мебель	Парта школьн	600х500х760	бук	ЛДСП; металл; бук	1-местный каркас	3200	s2_817	 
Мебель	Покрытие			ковролин	напольн рулон 1500мм/п	380	s2_818	 
Мебель	Стол приставн	600х400х750	дуб сонома	ЛДСП; дуб		2350	s2_819	 
Мебель	Тележка	600х400х850		металл	инструмент 5 ящики с замком	13700	s2_820	 
Мебель	Стол комп	1100х600х920	венге	ЛДСП	дет растущ	14800	s2_821	 
Мебель	Верстак	1200х600х850		металл	с ящиками 5-секционный ключ	19800	s2_822	 
Мебель	Стеновая	600х2700	белый	ЛДСП	панель белая паз-гребень	2200	s2_823	 
Мебель	Стеллаж	1200х500х1800		металл	5 пол 150кг/п оцинк	8400	s2_824	 
Мебель	Перегородка офисный	1600х30х400		ткань	экран наст	2900	s2_825	 
Мебель	Стол брифинг	900х450х750	серый	ЛДСП	приставн	3700	s2_826	 
Мебель	Стол учительск	1200х600х900	венге	ЛДСП	с кафедр	11400	s2_827	 
Мебель	Подставка под				ноутб напольн передвижн колес	3700	s2_828	 
Мебель	Ресепшен-стойка	1200х600х1100	белый	ЛДСП	модул	19400	s2_829	 
Мебель	Матрас	900х2000			беспр кокос+пенополиур	6800	s2_830	 
Мебель	Шкаф для одежды	600х500х1850	серый		офисный с сушкой	14400	s2_831	 
Мебель	Кушетка медицинский	2000х700х650	белый	экокожа	смотровой карк	12700	s2_832	 
Мебель	Подиум выставочный	1200х600х500	чёрный	ЛДСП	прямоуг	5700	s2_833	 
Мебель	Тележка	900х500х1000			инструмент больш 9 ящики проф	28700	s2_834	 
Мебель	Верстак	2000х2000х900	серый	металл	угловой 4 ящики+полки	31400	s2_835	 
Мебель	Кушетка медицинский	1900х600х600	бежевый	винил	смотровой карк	9100	s2_836	 
Мебель	Шкаф	800х1000х2200	серый		"сервер напольн 19"" 47U перфор дверный"	84700	s2_837	 
Мебель	Тумба выкатн	400х500х600	белый	ЛДСП	3 ящика	3950	s2_838	 
Мебель	Полка	600х250х100	чёрный	металл; сетка	наст	540	s2_839	 
Мебель	Тумба ТВ	1200х400х450	белый	ЛДСП	бел глян	6700	s2_840	 
Мебель	Стол-бенч	1200х1200х750	серый	ЛДСП	приставн угловой	10700	s2_841	 
Мебель	Стол операторск	1400х1200х750	серый	ЛДСП	угловой	10800	s2_842	 
Мебель	Стол перегов	2800х1200х750	венге	ЛДСП	бочка	31400	s2_843	 
Мебель	Корзина для бумаг		серый	металл; сетка	10л	320	s2_844	 
Мебель	Стол барный	700х700х1100	венге	ЛДСП; металл	квадратный	4900	s2_845	 
Мебель	Подиум выставочный	500х500х500	белый	ЛДСП	квадратный	3400	s2_846	 
Мебель	Сейф	200х300х200			мебельн кодовый	2800	s2_847	 
Мебель	Шкаф архивный	800х450х1950	серый		со створк 2-секционный	14800	s2_848	 
Мебель	Стеллаж паллетн	2700х1100х4500			нагр 800кг/п оцинк	28400	s2_849	 
Мебель	Картотека		чёрный	металл	5 ящика А4 кодовая	14700	s2_850	 
Мебель	Кровать дверный	1800х2000	бежевый	экокожа	подъём мех	39800	s2_851	 
Мебель	Тумба под	450х400х500	серый	ЛДСП	принтер компактный	2700	s2_852	 
Мебель	Подиум выставочный	600х400	белый; матовый		круглый МДФ	4700	s2_853	 
Мебель	Диван офисный		чёрный; хром	хром; экокожа	2-местный ножк	14700	s2_854	 
Мебель	Перегор	1800х40х1800		дерево	ресторан ширма ажур	11400	s2_855	 
Мебель	Стол кухонный	1400х800х750	венге	ЛДСП	обед	6900	s2_856	 
Мебель	Витрина музейн	400х400х400		стекло	наст куб	11800	s2_857	 
Мебель	Тумба под	700х500х650	белый	ЛДСП	МФУ мобильный колес	5400	s2_858	 
Мебель	Барная	1500х600х1100	белый	ЛДСП	стойка офисный кухня	14400	s2_859	 
Мебель	Зеркало	600х1200	венге	ЛДСП	наст в рамке	2400	s2_860	 
Мебель	Шкаф для химикат	600х500			лаб с поддон под кислоту	24800	s2_861	 
Мебель	Стул барный		бежевый; хром	хром; экокожа	без спинки	2900	s2_862	 
Мебель	Витрина холодильный	600х650х2000		стекло	вертикальный	78900	s2_863	 
Мебель	Стол регул.высоты	1400х700	белый	ЛДСП	электр	28400	s2_864	 
Мебель	Витрина музейн	600х400х1800		стекло	вертикальный замок	28400	s2_865	 
Мебель	Стол операторск	900х750	серый	ЛДСП	круглый перегов	6700	s2_866	 
Мебель	Шкаф для одежды	600х500х1850			офисный с замком кодов	12800	s2_867	 
Мебель	Стеллаж	1000х500х2200		металл	5 пол нагр 250кг/п	8400	s2_868	 
Мебель	Стол перегов	2400х1000х750	серый	ЛДСП	на бенч-карк	19800	s2_869	 
Мебель	Полка	800х200х200	дуб сонома	ЛДСП; дуб	наст	680	s2_870	 
Мебель	Перегор	1200х40х1800	серый	ЛДСП	санитарн влагостойк	6400	s2_871	 
Мебель	Шкаф	500х400х1850	серый	металл	бухгалт 1-дверный ключ	11400	s2_872	 
Мебель	Стол офисный	1400х700х750	белый	ЛДСП; металл	оператора опора	7900	s2_873	 
Мебель	Светильник потолочный	600х600			подвес панель 36Вт	1480	s2_874	 
Мебель	Шкаф антиванд	800х500х1950			3мм трейзор	28400	s2_875	 
Мебель	Столик	400х400х900	хром	хром	инструмент передв	4900	s2_876	 
Мебель	Перегородка офисный	800х30х400	бежевый	ткань	экран наст	1850	s2_877	 
Мебель	Светильник аварийный				настенный указ выхода	1100	s2_878	 
Мебель	Жалюзи	1200х1800	серый	алюминий	горизонтальный серые	1700	s2_879	 
Мебель	Шкаф для одежды	1200х500х1850	дуб сонома	ЛДСП; дуб	офисный	14200	s2_880	 
Мебель	Стол операторск	1600х700х750	серый		с экраном фронт	10700	s2_881	 
Мебель	Перегородка офисный	1200х30х400	серый	ткань	экран	2400	s2_882	 
Мебель	Стеллаж лаб	800х400х1850			для реактив 4 пол SS	16700	s2_883	 
Мебель	Панель	500х500			декор 3D гипс под покраску	780	s2_884	 
Мебель	Стол ученический	600х500		ЛДСП	регулируемый 1-местный регулируемый	4400	s2_885	 
Мебель	Стол перегов	1800х900х750	белый	ЛДСП	овальн	12400	s2_886	 
Мебель	Стол ресторан	700х700х750	белый	ЛДСП; металл	опора	4100	s2_887	 
Мебель	Шкаф для одежды	300х500х1850		металл	офисный 1-секционный	5200	s2_888	 
Мебель	Кресло посетит		серый	металл; сетка	штабел каркас	2200	s2_889	 
Мебель	Раздевалка	300х500х1850			шкаф ЛОК 1-секционный ключ	6400	s2_890	 
Мебель	Шкаф угловой	800х800х2200	венге	ЛДСП	зерк	22400	s2_891	 
Мебель	Стеллаж	1500х500х2200		металл	сборн 5 пол 200кг/п	8400	s2_892	 
Мебель	Кухонный модуль	800х500х820	белый	ЛДСП	офисный ниж	7200	s2_893	 
Мебель	Перегородка офисный	1200х40х1800	прозрачный	алюминий; стекло	со	9400	s2_894	 
Мебель	Витрина торгов	1000х500х1100	венге	ЛДСП; стекло	со	14700	s2_895	 
Мебель	Зона		чёрный; хром	хром; экокожа	ожидан диван 2-местный	16400	s2_896	 
Мебель	Витрина холодильный	1200х700х1350		стекло	кондитерский изогнутое	112400	s2_897	 
Мебель	Матрас	1600х2000			ортопед беспр 5-зон пенополиур	14500	s2_898	 
Мебель	Кушетка гинекол	1900х650х900	белый	экокожа	регулируемый	28400	s2_899	 
Мебель	Дорожка	800х2000	серый		ковр синтет	1980	s2_900	 
Мебель	Шкаф инструмент	800х400х1850			с полки 4 пол ключ	13700	s2_901	 
Мебель	Сетевой		чёрный		фильтр 5 розет 3м	480	s2_902	 
Мебель	Прилавок-стойка	1500х800х900	серый	ЛДСП	кассов угловой	18400	s2_903	 
Мебель	Бенч-система	3600х1400х750	белый	ЛДСП	6-местный	62400	s2_904	 
Мебель	Кухонный модуль	1000х300х720			офисный верхний со створк	5100	s2_905	 
Мебель	Тумба	600х450х750	серый; дуб сонома	ЛДСП; дуб	сервисн 4 ящика замок А4	7100	s2_906	 
Мебель	Стул-табурет офисный		серый	сетка	газ лифт регулируемый	2100	s2_907	 
Мебель	Перегородка офисный	1000х30х400	серый	ткань	экран наст	2100	s2_908	 
Мебель	Верстак	2000х750х950		сталь	автосервис усиленный 3мм 6 ящики	38700	s2_909	 
Мебель	Стул банкетный		чёрный; хром	хром; ткань	штабел крест	1480	s2_910	 
Мебель	Шкаф архивный	1200х650х2200		металл	перекатн	38400	s2_911	 
Мебель	Кронштейн				"монит наст 4-х монит """	6800	s2_912	 
Мебель	Шкаф лабораторный	800х400х1850	белый	ЛДСП	для документов	9700	s2_913	 
Мебель	Доска маркерн	1800х1200		алюминий	магн алюминиевая рамка	3800	s2_914	 
Мебель	Стол письменный	1200х600х750	дуб	ЛДСП; дуб	молоч	5290	s2_915	 
Мебель	Стеновая	500х500	чёрный	ткань	панель акуст геом	1850	s2_916	 
Мебель	Стойка-указатель выставочный		чёрный		с табл А4	1680	s2_917	 
Мебель	Стол лабораторный		серый	ЛДСП	химостойк 1500х7х900	13700	s2_918	 
Мебель	Картотека		серый	металл	8 ящика А4 ключ	19400	s2_919	 
Мебель	Стол регул.высоты	1200х700	серый	ЛДСП	механ	14800	s2_920	 
Мебель	Зона		бежевый	экокожа	ожидан диван-секция угловой	17400	s2_921	 
Мебель	Стеллаж паллетн	2700х1100х4500			дополн нагр 700кг	19800	s2_922	 
Мебель	Шкаф медицинский	600х400х1850	серый	металл	2-секционный ключ	12700	s2_923	 
Мебель	Стол-приставка	800х450х750	серый	ЛДСП	прям	2900	s2_924	 
Мебель	Стеллаж паллетн	3300х1200х5000			нагр 1200кг/п 4 ур	38400	s2_925	 
Мебель	Стеллаж химостойк	1000х500х1800			полипроп 4 пол	19800	s2_926	 
Мебель	Стол ресторан	700х700х750	орех	ЛДСП; металл	опора	4100	s2_927	 
Мебель	Стеллаж	1200х500х2000		металл	5 пол нагр 200кг/п	9100	s2_928	 
Мебель	Стол комп	1100х600х750	серый	ЛДСП	дет с тумбой	8400	s2_929	 
Мебель	Стеллаж торгов	1000х400х2200	чёрный	сетка	перфор крюч	11400	s2_930	 
Мебель	Подиум выставочный	600х600х600	белый	ЛДСП	квадратный	4100	s2_931	 
Мебель	Стул офисный		чёрный; хром	хром; ткань	посетит штабел	1380	s2_932	 
Мебель	Верстак	1800х1800х900		сталь	слесарн угловой 2мм 4 ящики	24700	s2_933	 
Мебель	Шкаф офисный	800х450х1200	белый	ЛДСП	со створками	7900	s2_934	 
Мебель	Стол письменный	1400х600х750	дуб сонома	ЛДСП; дуб		5750	s2_935	 
Мебель	Кресло посетит		бежевый; хром	хром; экокожа	на полозьях штабел	3700	s2_936	 
Мебель	Шкаф огнестойкий	600х450х1850			документальный 30мин ключ	38400	s2_937	 
Мебель	Двуспальный	1600х2000	венге	ЛДСП	кровать ламель	14800	s2_938	 
Мебель	Урна офисный		чёрный	металл	15л	480	s2_939	 
Мебель	Комод 4	800х400х900	белый	ЛДСП	ящика	5400	s2_940	 
Мебель	Шкаф химический	600х500х1850	белый		лаб 1-дверный вытяж	21700	s2_941	 
Мебель	Диван офисный		чёрный	экокожа	3-местный	19800	s2_942	 
Мебель	Стол офисный	1600х700х750	белый	ЛДСП	оператора	8650	s2_943	 
Мебель	Сейф офисный	350х450х400			электрон замок 18	7900	s2_944	 
Мебель	Шкаф одежный	600х500х1850	белый	металл	офисный 2-секционный	8900	s2_945	 
Мебель	Тумбочка	1200х400х450	дуб	ЛДСП; дуб	под ТВ гостевой	6700	s2_946	 
Мебель	Лампа		чёрный	металл	наст офисный основание регулируемый	1380	s2_947	 
Мебель	Стол письменный	1600х700х750	белый	ЛДСП	с надстр	11400	s2_948	 
Мебель	Шкаф документальный	800х400х2200			с антресол высокий	13700	s2_949	 
Мебель	Зона	800х500х450	хром	хром; стекло	ожидан журн стол	6400	s2_950	 
Мебель	Стул		чёрный	металл; пластик	кафе металлические ножки интерьер лофт	1680	s2_951	 
