Категория;Тип товара;Модель;Габариты;Цвет;Материал;Особенности;Стиль/Назначение;Цена (₽);ID
Ванная;Тумба под умывальник;Орхидея;60×45×60 см;белый патина с цветами;ЛДСП/МДФ;подвесная;классика;15700;s1_
Гостиная;Диван-кушетка;Кокон;1-местный;пудровый;рогожка;-;-;19400;s2_
Спальня;Кровать;Камелия;120×200 см;пудра;велюр;изголовье каретка;-;28900;s3_
Гостиная;Кресло-мешок;Кокон;XXL;серый;велюр;круглый;-;5900;s4_
Прихожая;Шкаф-пенал;Стокгольм;50×30×210 см;дуб артизан;ЛДСП;2 секции;скандинавский;9700;s5_
Кухня;Стол обеденный;Турин;160×90 см;орех;шпон ореха;раздвижной;-;38700;s6_
Гостиная;Журнальный столик;Палаццо;110×60 см;чёрный/белый;мрамор каррара/металл;овальный;-;33800;s7_
Гостиная;Кресло-реклайнер;Премьер;-;графит;велюр;механический, с подножкой;-;34800;s8_
Гостиная;Диван угловой;Лофт;-;чёрный;экокожа;механизм дельфин;лофт;44900;s9_
Детская;Шкаф;Школьник;-;бирюзовый/белый;ЛДСП;2-секционный, с полками;детский;14200;s10_
Спальня;Зеркало-трюмо;-;60×80 см;-;дерево/стекло;отдельностоящее, с подсветкой;-;13800;s11_
Кухня;Стул;Виндзор;-;натуральный;массив бука;лакированный;классика;4800;s12_
Гостиная;Кресло подвесное;Качели;-;белое;искусственный ротанг;swing chair, на стойке;-;28400;s13_
Ванная;Зеркало;Лазурь;90×70 см;-;стекло/металл;прямоугольное, антипар, регулировка температуры света;-;13700;s14_
Спальня;Туалетный столик;Карина;90×45 см;белый матовый;ЛДСП/МДФ;с подсветкой зеркала;-;19700;s15_
Гостиная;Сервант;Камелия;140×45×185 см;белый с золотой патиной;МДФ/стекло;с подсветкой, стеклянные дверцы;классика;48700;s16_
Кухня;Стул барный;Минск;-;дуб сонома/чёрный;ЛДСП/металл;эконом, регулируемая высота;эконом;2900;s17_
Спальня;Зеркало-трюмо;Камелия;80×40×40 см;белый/розовая пудра;ЛДСП/стекло;с откидным зеркалом;-;19700;s18_
Спальня;Кровать;Альфа;160×200 см;белый/чёрный венге;ЛДСП;подъёмный механизм;-;34800;s19_
Гостиная;Диван-канапе;Лион;2-местный;изумрудный;велюр;ножки золото;классика;48700;s20_
Кухня;Стол обеденный;Лофт;180×80 см;дуб артизан;ЛДСП/металл;на металлокаркасе;лофт;28400;s21_
Прихожая;Банкетка;Лион;180×40×45 см;графит;велюр/металл;ножки металл чёрный;-;14700;s22_
Спальня;Тумба прикроватная;-;40×35×50 см;дуб сонома;ЛДСП;1 ящик;-;3400;s23_
Прихожая;Вешалка-стойка;Альпы;50×30×170 см;чёрный;металл;с обувницей;-;6800;s24_
Гостиная;Кресло-реклайнер;Стокгольм;-;серый меланж;велюр;с пуфом;-;26800;s25_
Декор;Картина-постер;Северянин;60×80 см;-;холст/багет дуб;Карелия;-;3400;s26_
Гостиная;Диван прямой;Стокгольм;180×85 см;серая;рогожка;раскладной книжка;скандинавский;28900;s27_
Спальня;Кровать;Орхидея;160×200 см;графит;ЛДСП;подъёмный механизм;-;27500;s28_
Гостиная;Стеллаж;Лофт;150×30×220 см;чёрный/дуб;металл/дерево;6 полок, многоуровневый;лофт;12700;s29_
Спальня;Туалетный столик;Ариэль;100×40×140 см;шампань;МДФ;с зеркалом и подсветкой LED;-;22800;s30_
Спальня;Шкаф-купе;Стокгольм;220×60×220 см;дуб артизан;ЛДСП/зеркало;3-дверный;скандинавский;51400;s31_
Спальня;Кровать;Атлант;180×200 см;венге;ЛДСП/экокожа;с тумбами в изголовье, мягкая вставка;-;42800;s32_
Кухня;Стол кухонный;Модерн;110×70 см;прозрачный/чёрный;стекло/металл;стеклянный;-;9400;s33_
Гостиная;Диван прямой;Норд;3-местный;горчичный;велюр;-;-;42700;s34_
Декор;Скульптура;Тоскана;35 см;белая;керамика;абстракция;-;3700;s35_
Гостиная;Диван-канапе;Орхидея;2-местный;флор;гобелен;резьба, ножки золото патина;классика;58400;s36_
Текстиль;Покрывало;Тюльпан;240×260 см;светло-зелёный;пике;летнее;-;5200;s37_
Спальня;Комод;Парма;120×45×90 см;дуб артизан;ЛДСП;6 ящиков, широкий;-;24700;s38_
Кабинет;Стол компьютерный;-;150×120 см;венге;ЛДСП;угловой, с надстройкой;-;13700;s39_
Гостиная;Диван прямой;Линкольн;240×95 см;оливковый;велюр;еврокнижка;-;48700;s40_
Гостиная;Шкаф-витрина;Аделаида;90×40×200 см;состаренный белый;массив сосны;классика;классика;37900;s41_
Кабинет;Шкаф книжный;Лофт;100×25×80 см;чёрный/дуб;металл/дерево;подвесной;лофт;7400;s42_
Гостиная;Кресло-реклайнер;Лион;-;графит;рогожка;механизм качания;-;32700;s43_
Ванная;Корзина для белья;Венето;40×30×60 см;серый;плетёная/ткань;с тканевым мешком;-;3700;s44_
Гостиная;Журнальный столик;Палермо;100×55 см;белый/чёрный;мрамор каррара/металл;прямоугольный;-;26700;s45_
Гостиная;Журнальный столик;Орбита;100×55 см;серый/чёрный;мрамор/металл;прямоугольный;-;32400;s46_
Кабинет;Подставка под монитор;Лофт;-;натуральный;бамбук;с ящиком и USB-хабом;лофт;3400;s47_
Гостиная;Торшер;Кокон;-;латунь/дерево;металл/дерево;3 светильника, с полкой;-;9700;s48_
Текстиль;Скатерть;Премиум;320×180 см;белый с золотой каймой;атлас;фуршетная;-;3400;s49_
Спальня;Кровать;Дакота;180×200 см;серый;ткань/ЛДСП;изголовье каретная стяжка;-;46500;s50_
Гостиная;Стеллаж;Премиум;70×70×210 см;орех/латунь;дерево/металл;угловой, 5-уровневый;-;14200;s51_
Кухня;Стул банкетный;Шиавари;-;белый/бархат;дерево/бархат;с подушкой, штабелируемый;для торжеств;4200;s52_
Спальня;Зеркало-трюмо;Версаль;90×40×175 см;орех патина;дерево/стекло;с подсветкой и тумбой;классика;36400;s53_
Гостиная;Сервант;Версаль;120×45×190 см;орех с золотой патиной;дерево/стекло;классический;классика;47800;s54_
Гостиная;Шкаф-горка;Бергамо;280 см;белый матовый/дуб артизан;ЛДСП/стекло;с подсветкой;-;48700;s55_
Прихожая;Зеркало;Аметист;60×100 см;-;дерево/стекло;овальное, рама барокко;классика;7400;s56_
Кабинет;Кресло офисное;Болонья;-;коричневая;кожа/металл;руководительское, хром;-;22400;s57_
Гостиная;Диван;Венеция;3-местный;-;гобелен/бук;классический;классика;52400;s58_
Спальня;Кровать;Аврора;160×200 см;пудровый;велюр;мягкое изголовье капитоне;-;36800;s59_
Кухня;Стол-трансформер;Прага;90×60–140 см;белый;ЛДСП/металл;раздвижной;-;11800;s60_
Декор;Глобус;Тоскана;30×30×40 см;-;дерево/металл;ретро-стиль;-;4400;s61_
Прихожая;Шкаф-пенал;Стокгольм;40×40×210 см;ясень светлый;ЛДСП;узкий;скандинавский;14700;s62_
Декор;Картина модульная;Город;3×40×80 см;-;холст;триптих, ночной мегаполис;-;5400;s63_
Гостиная;Кресло;Будапешт;-;графит;велюр/дерево;классическое, резные ножки;классика;850000;s64_
Спальня;Зеркало-трюмо;Аделаида;80×40×160 см;бук бавария;дерево/стекло;с пуфом-табуретом;-;24700;s65_
Спальня;Кровать;Модерн;180×200 см;белая;экокожа/ЛДСП;ортопедическое основание;-;44200;s66_
Гостиная;Шкаф-горка;Контур;280×40×195 см;белый глянец/венге;ЛДСП;в гостиную;-;48700;s67_
Балкон;Шкаф;Веранда;70×70×180 см;белый/венге;ЛДСП;угловой, реечные дверцы;-;13700;s68_
Гостиная;Диван-канапе;Версаль;2-местный;бордовый;бархат/дерево;золотые кисти, резные ножки;классика;58700;s69_
Прихожая;Зеркало;Полярная;D80 см;-;латунь/стекло;круглое, с подсветкой;-;11400;s70_
Декор;Подсвечник;Версаль;70 см;бронза;металл;напольный, кованый;классика;3800;s71_
Декор;Ваза;Гера;80 см;чёрный матовый/серебро;керамика;напольная, с орнаментом;-;8700;s72_
Спальня;Комод;Эконом;40×40×100 см;белый;ЛДСП;узкий;эконом;5300;s73_
Гостиная;Банкетка;Стокгольм;150×40×45 см;молочная;рогожка/бук;ножки бук;скандинавский;11700;s74_
Гостиная;Кресло-папасан;Бали;D110 см;горчичный;ротанг/велюр;натуральный ротанг;-;18700;s75_
Гостиная;Журнальный столик;Орхидея;100×55 см;белый/латунь;мрамор каррара/латунь;овальный;-;34800;s76_
Ванная;Зеркало;Сиена;80×60 см;-;стекло/металл;LED-подсветка, антипар, сенсор;-;9700;s77_
Гостиная;Банкетка;Лион;200×40×45 см;серая;рогожка/металл;ножки металл чёрный;-;15800;s78_
Детская;Кровать двухъярусная;Дуэт;90×200 см;серый/голубой;ЛДСП/ткань;с диваном внизу;детский;36400;s79_
Гостиная;Стеллаж;Прага;-;белый/натуральный;дерево/металл;лестница, 5 полок;-;5200;s80_
Детская;Диван;Малыш;140×80 см;принт машинки;ткань;раскладной, ящик для белья;детский;14200;s81_
Освещение;Светильник потолочный;Модерн;D40 см;белый;пластик/LED;LED тарелка, пульт;-;5700;s82_
Прихожая;Зеркало напольное;Лагуна;50×170 см;-;металл латунь/стекло;рама латунь;-;13400;s83_
Спальня;Зеркало-трюмо;-;50×170 см;-;латунь/стекло;в полный рост, рама латунь;-;11200;s84_
Гостиная;Сервант;Тоскана;140×45×185 см;натуральный состаренный;массив дуба;с подсветкой;классика;58400;s85_
Гостиная;Кресло Lounge;Палаццо;-;пыльно-розовый;бархат/дерево;полукруглое, ножки массив;-;33700;s86_
Декор;Картина-триптих;Северянин;3×40×80 см;-;холст;Туман над озером;-;6900;s87_
Спальня;Кровать-бокс;Авангард;90×200 см;графит;рогожка/ЛДСП;с матрасом и ящиком;-;26800;s88_
Гостиная;Диван-аккордеон;Триумф;200×90 см;изумрудный;велюр;ортопедический, пружинный;-;47800;s89_
Балкон;Стул складной;Капри;-;бирюзовый;алюминий/текстилен;для балкона;-;3200;s90_
Кабинет;Кресло геймерское;Дакота;-;чёрно-красный;ткань/пластик;с подушкой под шею;-;15800;s91_
Гостиная;Банкетка;Версаль;180×40×50 см;белая;экокожа/металл;ножки хром;-;18400;s92_
Балкон;Столик складной;Капри;40×40×60 см;-;искусственный ротанг;приставной;-;2700;s93_
Гостиная;Диван-канапе;Камелия;1.5-местный;пыльно-розовый;бархат/металл;ножки золото;классика;42800;s94_
Балкон;Стул-кресло;Патио;-;беж;искусственный ротанг;с подушкой;-;4700;s95_
Кухня;Барная стойка;Милан;240×60×110 см;белый/чёрный;искусственный мрамор;с баром;-;87400;s96_
Спальня;Кровать;Прага;140×200 см;пыльно-розовый;велюр/ЛДСП;мягкое изголовье;-;29900;s97_
Текстиль;Подушка декоративная;-;45×45 см;-;лён;вышивка цветок;-;1400;s98_
Гостиная;Кресло;Камелот;-;графит;велюр/дерево;ушастое, с подушкой, ножки бук;-;38900;s99_
Спальня;Зеркало-трюмо;Полярная;70×40×155 см;белый матовый;МДФ/стекло;LED подсветка, сенсор;-;26700;s100_
Кухня;Стул барный;Лофт;-;дерево/чёрный;металл/дерево;на металлокаркасе;лофт;4700;s101_
Детская;Шкаф;Феникс;90×55×210 см;голубой/белый;ЛДСП;подростковый, 2-дверный;детский;17800;s102_
Гостиница;Багажная полка;-;60×40×50 см;-;ясень/металл хром;складная;гостиничный;3700;s103_
Гостиная;Журнальница;Тоскана;40×30×35 см;-;ротанг;напольная, плетёная;-;2900;s104_
Спальня;Кровать;Малибу;200×200 см;изумрудный;бархат/ЛДСП;king-size;-;67900;s105_
Кухня;Стол обеденный;Тоскана;D120–150 см;-;массив дуба;круглый, раздвижной;-;47800;s106_
Гостиная;Сервант;Тоскана-Lux;180×45×210 см;белый с патиной;дерево/стекло;с подсветкой LED;классика;82400;s107_
Декор;Зеркало декоративное;Флоренция;D70 см;-;латунь;солнце;-;5800;s108_
Спальня;Шкаф;Милан;150×55×210 см;орех итальянский;ЛДСП;3-створчатый, распашной;-;33700;s109_
Спальня;Кровать;Сицилия;160×200 см;бежевая;экокожа/ЛДСП;подъёмный механизм;классика;36400;s110_
Гостиная;Стол журнальный;-;70×50×65 см;дуб артизан/хром;ЛДСП/металл;сервировочный, на колёсах;-;12400;s111_
Спальня;Кровать;Лофт;160×200 см;-;лиственница/металл;на металлокаркасе;лофт;33200;s112_
Гостиная;Тумба под ТВ;Норд;180 см;ясень светлый;ЛДСП;скандинавский стиль;скандинавский;15700;s113_
Гостиница;Тумба прикроватная;-;50×40×55 см;дуб артизан;ЛДСП;с USB и розеткой;гостиничный;9800;s114_
Гостиная;Диван-кровать;Айова;200×95 см;светло-серая;рогожка/ЛДСП;еврокнижка;-;37400;s115_
Гостиная;Журнальница;Венеция;40×15×50 см;дуб артизан;ЛДСП;3-секционная, настенная;-;2400;s116_
Прихожая;Консоль;Беверли;140×35×80 см;орех/латунь;шпон ореха/металл;ножки латунь;-;24500;s117_
Ванная;Шкаф навесной;Венето;60×20×60 см;белый глянец;МДФ;2 дверцы;-;6400;s118_
Спальня;Стол туалетный;Орхидея;-;белый матовый;ЛДСП/стекло;с зеркалом-бабочка и ящиками;-;23400;s119_
Гостиная;Кресло;Шанхай;-;чёрный;дерево/лак;восточное, лакированное, резьба;классика;34700;s120_
Спальня;Кровать-бокс;Орфей;140×200 см;серая;рогожка/ЛДСП;ортопедическое основание в комплекте;-;39800;s121_
Спальня;Шкаф;Карина;90×55×240 см;ясень шимо;ЛДСП;2-дверный, с антресолью;-;22400;s122_
Балкон;Стол складной;-;D60 см;-;металл/тик;круглый, серия Лайт;-;3900;s123_
Гостиная;Кресло-реклайнер;Орлеан;-;чёрный;кожа PU;электроподъём, USB;-;72400;s124_
Гостиная;Диван модульный;Манхэттен;320×170 см;коричневая;кожа;электрический реклайнер;премиум;142800;s125_
Декор;Подставка под цветок;Венеция;40×40×90 см;бронза;металл;кованая;-;3200;s126_
Кухня;Кухонный остров;Палермо;180×90×90 см;чёрный матовый/дуб;ЛДСП/мрамор;с барной стойкой и индукцией;-;124700;s127_
Текстиль;Покрывало;Орхидея;220×240 см;нежно-сиреневый;атлас;в подарочной упаковке;-;7700;s128_
Декор;Картина;Барселона;80×60 см;-;холст/дерево;Парк Гуэль, рама дерево;-;4800;s129_
Освещение;Светильник точечный;Меридиан;-;белый;металл/LED;встраиваемый, 5 Вт, комплект 6 шт;-;2200;s130_
Гостиная;Реклайнер;Орлеан;-;коричневая;кожа/дерево;кресло-качалка с пуфом;-;42700;s131_
Кухня;Стол барный;Дакота;60×60×110 см;венге;ЛДСП;высокий;-;5800;s132_
Декор;Гирлянда;Флоренция;3 м;тёплый белый;LED/пластик;LED-розы, USB;-;1900;s133_
Гостиная;Журнальный столик;Карерра;D80 см;белый/латунь;натуральный мрамор/латунь;круглый;-;31700;s134_
Кабинет;Кресло компьютерное;Бергамо;-;серая;сетка/металл;поясничный упор, газлифт класс 4;-;14900;s135_
Декор;Картина;Стокгольм;60×80 см;-;холст/багет;Скандинавский лес;скандинавский;3900;s136_
Спальня;Туалетный столик;Ариэль;100×40×140 см;розовое золото;МДФ/стекло;с зеркалом и подсветкой LED;-;22800;s137_
Гостиная;Кресло-бергер;Виктория;-;пыльный голубой;велюр/дерево;классическое, каретная стяжка;классика;52400;s138_
Гостиная;Кресло-папасан;Бали;D110 см;серый;ротанг/велюр;натуральный ротанг;-;18700;s139_
Кабинет;Кресло компьютерное;Бергамо;-;синяя;сетка/металл;поясничный упор, газлифт класс 4;-;14900;s140_
Спальня;Кровать;Венеция;160×200 см;вишня;массив бука;классика;классика;58900;s141_
Декор;Шар декоративный;Орбита;-;-;мрамор/металл;сет 3 шт разного диаметра;-;3700;s142_
Декор;Статуэтка;Будда;30 см;бронза;металл;медитация;-;3700;s143_
Детская;Парта-трансформер;Школьник;-;голубой;ЛДСП/металл;детская растущая;детский;11200;s144_
Гостиная;Тумба под ТВ;-;120 см;белый глянец;ЛДСП/LED;с подсветкой;-;13500;s145_
Гостиная;Диван-канапе;Меран;1.5-местный;флор;гобелен/дерево;классический, ножки массив;классика;43800;s146_
Спальня;Комод;Минск;40×40×120 см;белый матовый;ЛДСП;узкий, пенал, 5 ящиков;-;14200;s147_
Прихожая;Зеркало;Прага;60×80 см;состаренная медь;дерево/стекло;с фоторамкой, 4 встроенные рамки;-;4700;s148_
Спальня;Комод;Версаль;60×40×120 см;белый/золотая патина;МДФ;узкий, 4 ящика;классика;18900;s149_
Гостиная;Полка настенная;Берлин;90×20 см;дуб сонома;ЛДСП;навесная;-;1400;s150_
Балкон;Столик складной;-;70×40 см;-;металл/тик;прямоугольный;-;4200;s151_
Спальня;Кровать водяная;Лагуна;180×200 см;графит;экокожа/ЛДСП;подогрев, виброгаситель;премиум;78900;s152_
Декор;Подставка под цветок;-;20×20×35 см;белая;керамика;глазурь;-;145000;s153_
Освещение;Люстра;Премиум;-;-;хрусталь/металл;6 ламп, под старину;классика;24700;s154_
Гостиная;Шкаф-горка;Меридиан;320×45×200 см;ясень шимо тёмный;ЛДСП/стекло;светодиодная подсветка;-;52800;s155_
Кухня;Стул барный;Турин;-;белая/хром;экокожа/металл;регулируемая высота;-;5400;s156_
Детская;Кровать;Зефир;80×160 см;розовый/белый;ЛДСП;детская, с бортиками;детский;14800;s157_
Детская;Стол письменный;Авангард;140×140 см;белый;ЛДСП;угловой, для двоих детей;детский;19400;s158_
Спальня;Кровать;Тюльпан;90×200 см;салатовый;велюр/ЛДСП;односпальная, мягкое изголовье;-;19700;s159_
Балкон;Стул складной;-;-;антрацит;текстилен/металл;с мягким сиденьем;-;3700;s160_
Спальня;Зеркало-трюмо;Палаццо;80×40×165 см;белый/золото;МДФ/стекло;с подсветкой и сенсором;-;33400;s161_
Прихожая;Зеркало напольное;Палаццо;70×180 см;золото с патиной;дерево/стекло;в раме барокко;классика;19400;s162_
Гостиная;Диван прямой;Бостон;3-местный;белый;кожзам/металл;ножки хром;-;38900;s163_
Спальня;Зеркало-трюмо;Версаль;90×40×170 см;золото;дерево/стекло;классическое, с подсветкой и пуфом;классика;36800;s164_
Текстиль;Шторы;-;2×140×260 см;светло-сиреневый;жаккард;серия Базовая;-;5900;s165_
Кухня;Стол обеденный;Эра;160×90 см;орех;дерево;овальный;классика;34900;s166_
Текстиль;Шторы блэкаут;Иней;2×150×270 см;серебристо-голубой;ткань;блэкаут;-;6700;s167_
Гостиная;Кресло-реклайнер;Бостон;-;коричневая;экокожа/металл;с подножкой, ручной механизм;-;28900;s168_
Гостиница;Кровать;Делюкс;180×200 см;серый;велюр/ЛДСП;с изголовьем-панелью;гостиничный;42700;s169_
Декор;Подставка цветочная;Флоренция;-;чёрный;металл;напольная, 5-ярусная;-;3800;s170_
Гостиная;Кресло Lounge;Стокгольм;-;серый меланж;ткань/бук;с пуфом, ножки бук;скандинавский;28900;s171_
Кухня;Стул барный;Турин;-;красная/хром;экокожа/металл;регулируемая высота;-;5400;s172_
Декор;Подсвечник;Флоренция;30×15 см;-;латунь;на 5 свечей, ветвящийся;-;2700;s173_
Кухня;Стол обеденный;Палермо;160×90 см;белый глянец/металл;ЛДСП/металл;раздвижной, опоры металл;-;19400;s174_
Балкон;Скамья складная;Альпина;90×40 см;кофе;искусственный ротанг;балконная;-;4900;s175_
Спальня;Кровать-бокс;Атлант;160×200 см;беж;рогожка/ЛДСП;интегрированный матрас, ниша;-;52400;s176_
Детская;Парта;Школьник;-;синяя;ЛДСП/металл;регулируемая, наклонная столешница;детский;14700;s177_
Кухня;Стол обеденный;Берлин;140×80 см;белый/дуб;ЛДСП/дерево;прямоугольный, раздвижной;-;24800;s178_
Спальня;Шкаф-купе;Стокгольм;200×60×220 см;дуб артизан;ЛДСП/зеркало;3-дверный;скандинавский;46800;s179_
Кабинет;Стол офисный;-;200×100 см;орех;шпон ореха/дерево;руководительский, с приставкой;-;87400;s180_
Спальня;Шкаф;-;200×55×210 см;ясень шимо тёмный;ЛДСП;4-дверный, серия Стандарт;-;38700;s181_
Гостиная;Диван угловой;Луара;280×170 см;изумрудный;велюр/ЛДСП;еврокнижка, ниша для белья;-;64200;s182_
Гостиная;Комод-консоль;Прага;110×35×85 см;орех;шпон ореха/дерево;классика;классика;26800;s183_
Спальня;Комод прикроватный;Орлеан;50×40×60 см;белый патина;МДФ;3 ящика;-;9700;s184_
Детская;Балдахин;Камелия;-;розовый с золотыми звёздами;тюль/металл;детский, на стойке;детский;4800;s185_
Декор;Ваза;-;D10×25 см;прозрачное;стекло;цилиндр;-;990;s186_
Декор;Фоторамка;Геометрия;25×25 см;-;латунь;шестигранник;-;1400;s187_
Прихожая;Ключница;Дания;40×8×25 см;дуб артизан;ЛДСП/дерево;настенная, с полкой и крючками;-;1800;s188_
Прихожая;Зеркало напольное;Орхидея;60×170 см;белый патина;дерево/стекло/LED;в раме с подсветкой;-;17800;s189_
Спальня;Кровать-бокс;Меридиан;160×200 см;графит;экокожа/ЛДСП;встроенный матрас;-;48700;s190_
Балкон;Столик складной;Альпина;60×40 см;-;металл/ротанг;балконный;-;3700;s191_
Кабинет;Кресло компьютерное;Бюрократ CH-868;-;чёрная;сетка/металл;эргономическое;-;7990;s192_
Кабинет;Стойка для ПК;Лофт;-;венге;ЛДСП/пластик;на колёсах;лофт;1900;s193_
Декор;Картина-постер;Барселона;40×60 см;-;бумага/дерево;Sagrada Familia, графика;-;1500;s194_
Кухня;Стул барный;Турин;-;кофейная/хром;экокожа/металл;регулируемая высота;-;5400;s195_
Прихожая;Прихожая;Модерн;160 см;белый глянец;ЛДСП/МДФ;с вешалкой и тумбой;-;24700;s196_
Гостиная;Стеллаж;Глория;50×35×170 см;чёрный/дуб светлый;металл/дерево;лестница, 5 полок;-;5200;s197_
Кухня;Стол фуршетный;-;D150 см;белый;металл/ткань;круглый, складной, на 10 персон;-;8400;s198_
Текстиль;Шторы рулонные;Модерн;80×170 см;серый;ткань;день-ночь;-;1700;s199_
Текстиль;Тюль;Венеция;400×270 см;бежевый;вуаль;готовый;-;3200;s200_
Кухня;Шкаф барный;Флоренция;60×20×60 см;дуб/чёрный;ЛДСП/дерево;настенный, держатели бокалов;-;6900;s201_
Спальня;Тумба прикроватная;Версаль;50×40×55 см;орех патина;дерево/МДФ;2 ящика, резьба;классика;14700;s202_
Спальня;Кровать;Натура;160×200 см;-;массив дуба;без матраса;-;52400;s203_
Детская;Кровать-машинка;Малыш;80×170 см;красная;ЛДСП/пластик;с матрасом, гоночная;детский;19700;s204_
Гостиная;Шкаф книжный;Венеция;120×40×220 см;белый/золото;дерево/стекло;со стеклянными дверцами;классика;78900;s205_
Кабинет;Кресло руководителя;Director;-;чёрное;натуральная кожа/металл;5-star base;-;28500;s206_
Гостиная;Диван прямой;Берлин;-;графит;рогожка/ЛДСП;аккордеон;-;31200;s207_
Гостиная;Полка-стеллаж;Орбита;-;-;металл/дерево;подвесная, 5 ячеек;-;4400;s208_
Гостиная;Кресло Lounge;Авангард;-;горчичный;велюр/металл;каркас металл;-;24700;s209_
Гостиная;Сервант;Венеция-Lux;160×40×190 см;орех;дерево/стекло/LED;подсветка LED, стеклянные дверцы;-;76800;s210_
Гостиная;Диван прямой;Эдинбург;230×100 см;тёмно-синий;велюр/ЛДСП;раскладной;-;42800;s211_
Кухня;Модуль кухонный;Палермо;80×60 см;серый кашемир;ЛДСП/фурнитура;нижний, 3 ящика soft-close;-;11400;s212_
Гостиная;Диван;Бергамо;160×85 см;светло-серая;рогожка/дерево;2-местный, на ножках, без раскладки;-;24700;s213_
Спальня;Кровать-бокс;Балтика;180×200 см;капучино;велюр/ЛДСП;пружинный блок независимый;-;59700;s214_
Кухня;Стул кухонный;Прага;-;белая/хром;экокожа/металл;хром + экокожа, комплект 2 шт;-;4800;s215_
Декор;Фоторамка;-;30×40 см;бронза/эмаль;металл/эмаль;дизайнерская, art-серия;-;2700;s216_
Прихожая;Зеркало;Венеция;D80 см;золочёный;дерево/стекло;настенное, круглое, рама с лепниной;классика;7800;s217_
Спальня;Кровать;Ренессанс;160×200 см;-;латунь;латунная, витые спинки, лакированная;классика;94800;s218_
Гостиная;Диван угловой;Луара;280×170 см;капучино;шенилл/ЛДСП;еврокнижка, ниша для белья;-;61700;s219_
Кухня;Стол обеденный;Тоскана;140–180×85 см;-;массив дуба;раздвижной;-;46900;s220_
Текстиль;Подушка декоративная;Тоскана;50×30 см;песочный;лён;валик, с кистями;-;1800;s221_
Хозтовары;Ящик поделочный;Мастер;40×25×20 см;-;сосна;натуральная, без крышки;-;1800;s222_
Освещение;Бра;Камея;-;бронза/янтарный;металл/стекло;2 шт в комплекте, плафон янтарный;-;6700;s223_
Детская;Парта ростовая;Авангард;-;белая;ЛДСП/металл;с электроподъёмом столешницы;детский;28700;s224_
Спальня;Кровать водяная;Луара;200×200 см;графит;экокожа/ЛДСП;king-size, подогрев;премиум;134800;s225_
Текстиль;Шторы рулонные;-;100×170 см;светло-голубой;ткань;день-ночь;-;1900;s226_
Ванная;Тумба под умывальник;Бергамо;80×45×55 см;белый матовый/дуб;МДФ/дерево;с одной дверцей;-;15400;s227_
Ванная;Зеркало;Полярная;60×80 см;-;стекло/металл;прямоугольное, антипар, IP44;-;9800;s228_
Спальня;Кровать;Шантильи;160×200 см;состаренное серебро;металл;кованая, букетный узор;классика;47200;s229_
Освещение;Торшер;Лофт;-;чёрный;металл;штатив, плафон чёрный;лофт;5400;s230_
Гостиная;Журнальный столик;Версаль;100×60 см;белый/латунь;мрамор кракелюр/латунь;овальный;классика;36800;s231_
Гостиная;Полка настенная;Орбита;30×30×60 см;белая;ЛДСП/металл;угловая;-;1300;s232_
Ванная;Тумба под раковину;Капри;60×45×80 см;дуб артизан/белый;ЛДСП/МДФ;напольная;-;11900;s233_
Текстиль;Покрывало;-;200×220 см;шампань/золото;атлас;стёганое, золотая строчка;-;5800;s234_
Гостиная;Журнальный столик;Бергамо;60×45 см;белый/латунь;мрамор/латунь;сервировочный, на колёсах;-;9800;s235_
Гостиная;Банкетка;Стокгольм;180×40×45 см;молочный;лён/дуб;ножки дуб артизан;скандинавский;14400;s236_
Кухня;Стол раскладной;Карина;90×60–150 см;ясень шимо;ЛДСП/дерево;раскладной;-;12700;s237_
Гостиная;Стенка-горка;Орхидея;300 см;белый глянец/розовая пудра;ЛДСП/стекло/LED;модульная, подсветка;-;48700;s238_
Текстиль;Покрывало;Тюльпан;220×240 см;оливковый;хлопок-сатин;летнее;-;4700;s239_
Спальня;Тумбочка;Соната;50×40×60 см;дуб сонома;ЛДСП;с ящиками;-;4700;s240_
Прихожая;Стойка для одежды;Натура;-;-;массив бука;с полкой для обуви;-;6800;s241_
Гостиная;Шкаф-витрина;Стокгольм;100×40×200 см;дуб артизан/белый;ЛДСП/стекло;скандинавский;скандинавский;36400;s242_
Кабинет;Полка книжная;Архив;100×25 см;орех;дерево/ЛДСП;настенная;-;1900;s243_
Гостиная;Журнальный столик;Натура;90×50 см;-;массив дуба;из массива;-;14500;s244_
Кухня;Гарнитур кухонный;-;2.4×1.8 м;белый матовый/дуб артизан;ЛДСП/МДФ;угловой;-;87900;s245_
Детская;Парта-трансформер;Олимп;110×55 см;белый/мятный;ЛДСП/металл;с пеналом и ящиками;детский;14700;s246_
Ванная;Шкаф-пенал;Венето;35×28×195 см;серый матовый;МДФ;узкий, с корзиной для белья;-;13400;s247_
Спальня;Тумба прикроватная;Натура;50×40×55 см;-;массив сосны;-;-;7900;s248_
Детская;Кровать;Берлин;90×200 см;белый глянец;ЛДСП;односпальная, подростковая;детский;12400;s249_
Спальня;Комод;Аделина;100×45×85 см;дуб сонома;ЛДСП;6 ящиков;-;13700;s250_
Спальня;Кровать водяная;Атлантик;200×200 см;-;ЛДСП/экокожа/LED;king-size, термоуправление, LED;премиум;124700;s251_
Декор;Ваза;Версаль;60 см;бежевый кракелюр;керамика;напольная;классика;4900;s252_
Ванная;Тумба под умывальник;Аква;100×45×60 см;серый шёлк/белый;МДФ/искусственный камень;со столешницей;-;22800;s253_
Гостиная;Шкаф-витрина;Корсика;100×40×200 см;состаренный белый/золото;дерево/стекло;классика;классика;43700;s254_
Спальня;Зеркало-трюмо;Аделаида;80×40×170 см;бук бавария;дерево/стекло;с тумбой и ящиками;-;28700;s255_
Детская;Кровать-домик;Сказка;80×190 см;белый;массив сосны;с крышей;детский;19800;s256_
Спальня;Кровать;Премьер;160×200 см;дуб артизан/белый матовый;ЛДСП;с тумбами в изголовье;-;36700;s257_
Декор;Картина;Виктория;70×100 см;-;холст/багет;Анфилада, золочёный багет;классика;6800;s258_
Текстиль;Покрывало;Адриатика;200×220 см;морская волна;хлопок жаккард;-;-;4900;s259_
Декор;Корзина;Флоренция;35×35×40 см;бежевый;ротанг;плетёная, декоративная;-;1900;s260_
Гостиная;Тумба под ТВ;Меридиан;160×40×45 см;орех/латунь;шпон ореха/металл;ножки латунь;-;19800;s261_
Гостиная;Кресло;Орлеан;-;горчичный;велюр/металл;ручной реклайнер;-;31900;s262_
Ванная;Тумба под умывальник;Лагуна;90×45×55 см;-;МДФ/искусственный камень;со столешницей;-;19800;s263_
Гостиная;ТВ-тумба;Дакота;160×40×45 см;дуб сонома/чёрный;ЛДСП/металл;-;-;9400;s264_
Гостиная;Кресло подвесное;Тропик;-;бежевый;натуральный ротанг;swing chair, с подушкой;-;34700;s265_
Гостиная;Шкаф-витрина;Аметист;120×40×210 см;орех/золото;дерево/стекло/LED;с подсветкой;классика;52800;s266_
Спальня;Зеркало-трюмо;Орхидея;75×40×155 см;белый глянец;МДФ/стекло;с пуфом;-;22400;s267_
Гостиная;Стенка-горка;Меган;300 см;ясень шимо светлый/тёмный;ЛДСП/стекло;ниша под ТВ;-;46700;s268_
Гостиница;Кресло;Стандарт;-;серая;рогожка/дерево;гостиничное, ножки массив;гостиничный;14200;s269_
Кухня;Стол обеденный;Равенна;D120 см;белый матовый;МДФ/металл;круглый, раздвижной;-;31900;s270_
Освещение;Светильник настольный;Эссен;35 см;белая/льняной;керамика/ткань;абажур льняной;-;4500;s271_
Кухня;Стул;Льеж;-;пыльно-розовый;велюр/бук;обеденный, мягкое сиденье, ножки бук;-;8400;s272_
Декор;Картина;-;50×70 см;-;холст/дерево;Подсолнухи, репродукция, багет золото;классика;3700;s273_
Декор;Ваза;-;35 см;нежно-розовый/золото;керамика;с золотым ободком;-;2400;s274_
Декор;Шкатулка;Палаццо;30×20×15 см;венге;дерево;с гравировкой;-;4200;s275_
Спальня;Кровать;Эра;180×200 см;капучино;кожзам/ЛДСП;изголовье каретная стяжка;-;47900;s276_
Детская;Коврик прикроватный;Малыш;80×140 см;принт облака;ткань;детский;детский;1800;s277_
Ванная;Шкаф пенал;Адриатика;35×30×170 см;белый глянец;МДФ;для ванной;-;7800;s278_
Кухня;Модуль кухонный;Бергамо;90×90 см;белый;ЛДСП/МДФ;нижний угловой, мойка;-;13700;s279_
Прихожая;Шкаф угловой;Атриум;90×90×220 см;ясень светлый;ЛДСП;в прихожую;-;19800;s280_
Текстиль;Дорожка ковровая;-;80×300 см;ясень/беж;шерсть;-;-;6400;s281_
Гостиная;Пуф;Лофт;45×45 см;графит;рогожка;куб;-;2700;s282_
Прихожая;Прихожая;Уют;100×100×210 см;белый/дуб сонома;ЛДСП;угловая, с обувницей;-;22800;s283_
Освещение;Гирлянда-штора;Метелица;3×2 м;тёплый белый;LED;300 ламп;-;2200;s284_
Кухня;Модуль кухонный;Премиум-Бергамо;90×60×90 см;белый матовый;ЛДСП/МДФ;с интегрированной посудомойкой;-;48700;s285_
Кухня;Винная стойка;Флоренция;-;чёрный/дерево;металл/дерево;напольная, на 24 бутылки;-;7800;s286_
Гостиная;Кресло-папасан;Бали;D110 см;зелёный;ротанг/велюр;натуральный ротанг;-;18700;s287_
Текстиль;Шторы;Тоскана;2×145×270 см;тёплый бежевый;лён;льняные;-;7900;s288_
Кабинет;Стол письменный;-;140×60 см;дуб сонома;ЛДСП;-;-;8400;s289_
Прихожая;Обувница;Альпы;90×30×90 см;белый матовый;ЛДСП/МДФ;закрытая, 3 откидных секции;-;7800;s290_
Текстиль;Плед;Натура;130×170 см;молочный;хлопок;вязаный;-;3400;s291_
Гостиная;Стеллаж;Самара;-;дуб сонома;ЛДСП;угловой, 5 полок;-;6700;s292_
Гостиная;Диван-софа;Аделина;2-местный;изумрудный;велюр;-;-;28600;s293_
Спальня;Кровать;Бергамо;160×200 см;пыльно-розовый;велюр/ЛДСП;подъёмный механизм;-;36800;s294_
Гостиная;Диван секционный;Бруклин;380×190 см;горчичный;велюр/ЛДСП;П-образный, 7 мест;-;128700;s295_
Гостиная;Диван прямой;Орбита;3-местный;-;велюр;-;-;249000;s296_
Гостиная;Журнальный стол;Лофт;100×60 см;-;металл/дуб;металлическая опора + дуб;лофт;9800;s297_
Текстиль;Ковёр-циновка;-;160×230 см;натуральный;джут;-;-;4700;s298_
Текстиль;Покрывало;-;200×220 см;оливковый;жаккард;цветочный паттерн;-;5400;s299_
Спальня;Кровать;Версаль;180×200 см;орех патина;дерево/ЛДСП;с тумбами в изголовье, каретка;классика;58900;s300_
Освещение;Бра;Камелия;-;розовый/латунь;латунь/ткань;с тканевым абажуром;-;3400;s301_
Кухня;Стул барный;Лион;-;натуральный;массив бука;сиденье круглое, лак;-;5400;s302_
Прихожая;Зеркало;Геометрия;80×100 см;-;латунь/стекло;art-объект, шестиугольные модули;-;32700;s303_
Детская;Кровать;Гранд;90×200 см;дуб артизан/синий;ЛДСП;с антресолью, лестница-комод;детский;38400;s304_
Спальня;Кровать;Стокгольм;160×200 см;дуб артизан;ЛДСП/дерево;с тумбами в изголовье;скандинавский;42900;s305_
Декор;Фоторамка;Тоскана;20×30 см;-;дерево;с патиной;-;52;s306_
Освещение;Лампа настольная;-;-;чёрный;пластик/LED;с диммером и USB;-;1800;s307_
Декор;Картина;Барселона;60×80 см;-;холст/дерево;Готический квартал, багет дерево;-;4200;s308_
Гостиная;Пуф;Кокон;D40 см;горчичный;велюр;круглый;-;3200;s309_
Балкон;Стол складной;Терраса;70×50 см;белый;металл/HPL;для балкона;-;3700;s310_
Прихожая;Зеркало напольное;Прага;50×170 см;венге;дерево/стекло;рама дерево;-;9800;s311_
Гостиная;Журнальный столик;-;D70 см;-;натуральный мрамор/латунь;круглый;-;17800;s312_
Спальня;Шкаф-купе;Премиум;250×65×240 см;орех/чёрный глянец;ЛДСП/зеркало/LED;с зеркалом и подсветкой;-;87900;s313_
Освещение;Бра LED;-;-;белый;металл/LED;с сенсором движения, для прихожей;-;2300;s314_
Спальня;Кровать;Аврора;180×200 см;пудровый;велюр/ЛДСП;мягкое изголовье капитоне;-;41500;s315_
Гостиная;Кресло;Эдинбург;-;шотландская клетка;ткань/дуб;ушастое, с банкеткой, ножки дуб;-;42500;s316_
Гостиница;Кровать;Стандарт;90×200 см;кремовая;экокожа/ЛДСП;двойная для номера;гостиничный;14800;s317_
Гостиная;Шкаф-горка;Орхидея;300 см;бук бавария/состаренное золото;дерево/стекло/LED;с подсветкой;классика;58700;s318_
Гостиная;Стеллаж;Берлин;-;белый;ЛДСП;открытый, 6 секций;-;7900;s319_
Прихожая;Зеркало;Минск;D50 см;графит;металл/стекло;настенное, круглое;-;3200;s320_
Спальня;Тумба прикроватная;Стокгольм;45×40×50 см;дуб артизан;ЛДСП/дерево;на ножках;скандинавский;6700;s321_
Текстиль;Ковёр;Модерн;160×230 см;графит/беж;вискоза;абстрактный;-;14700;s322_
Гостиная;Шкаф книжный;Библиотека;200×35×220 см;венге;ЛДСП/стекло;4-секционный;-;43500;s323_
Кухня;Стул полубарный;Италия;65 см;оливковый;велюр/латунь;ножки латунь;-;6800;s324_
Прихожая;Обувница;Норвегия;80×22×85 см;дуб артизан;ЛДСП/МДФ;откидная, 2 секции;-;5400;s325_
Кухня;Стул складной;-;-;бук;металл/дерево;кухонный, серия Лайт;-;1900;s326_
Текстиль;Покрывало;Орхидея;200×220 см;светло-розовый;жаккард;цветочный узор;-;6400;s327_
Гостиная;Кресло-качалка;Прага;-;бежевая;ротанг/ткань;из ротанга, подушка;-;17800;s328_
Прихожая;Вешалка-стойка;Дания;45×45×175 см;натуральный;массив бука;натуральный лак;-;7900;s329_
Детская;Кровать-машинка;Авангард;80×170 см;синяя;ЛДСП/LED;LED-подсветка, гоночная;детский;24700;s330_
Декор;Подставка под цветок;-;80 см;-;искусственный ротанг;напольная;-;2400;s331_
Гостиная;Журнальный столик;Натура;D80 см;натуральный;массив дерева;круглый, скандинавский;скандинавский;22400;s332_
Текстиль;Плед;Венеция;200×220 см;шотландская клетка;шерсть;-;-;4700;s333_
Спальня;Шкаф;Орхидея;150×55×210 см;белый патина;ЛДСП/зеркало;3-створчатый, зеркальные вставки;-;33800;s334_
Кабинет;Стол учебный;Гранд;140×70 см;дуб артизан/графит;ЛДСП/металл;кабель-канал;-;13900;s335_
Спальня;Зеркало-трюмо;Виктория;80×40×150 см;белый/золото;МДФ/стекло;с табуретом;-;24800;s336_
Декор;Подсвечник;Готика;50 см;чёрный;металл;кованый, на 5 свечей;-;4800;s337_
Кухня;Стул барный;Кокон;-;пудровый;велюр/металл;поворотный;-;6300;s338_
Гостиная;Диван-кровать;Берн;220×100 см;серая;рогожка/ЛДСП;трансформер, тик-так;-;58400;s339_
Ванная;Тумба под раковину;Адриатика;80×45 см;белый глянец;МДФ;подвесная;-;14800;s340_
Кухня;Гарнитур кухонный;Палермо;2.0 м;белый/серый кашемир;ЛДСП/МДФ;прямой, столешница ЛДСП;-;58700;s341_
Текстиль;Подушка декоративная;Аметист;45×45 см;бордо/золото;бархат;с золотыми кистями;-;1800;s342_
Кухня;Гарнитур кухонный;-;1.6 м;белый матовый;ЛДСП;прямой, эконом;эконом;32400;s343_
Текстиль;Ковёр;Прага;200×300 см;-;шерсть/хлопок;орнамент;-;19400;s344_
Детская;Парта учебная;Эверест;120×60 см;дуб/синий;ЛДСП/металл;подростковая, регулировка наклона;детский;16800;s345_
Кухня;Пенал кухонный;Бергамо;60×60×210 см;белый матовый;ЛДСП/МДФ;духовой шкаф;-;19800;s346_
Детская;Кровать;Эверест;90×200 см;графит/жёлтый;ЛДСП/металл;с антресолью, рабочее место и шкаф;детский;42800;s347_
Спальня;Тумба;Версаль;50×40×55 см;орех патина;дерево/МДФ;прикроватная, с резьбой;классика;10400;s348_
Прихожая;Зеркало;Прованс;50×70 см;белая патина;дерево/стекло;декоративное, резная рама;классика;6700;s349_
Спальня;Зеркало напольное;Камелия;50×170 см;белый/розовая пудра;МДФ/стекло/LED;в раме с подсветкой;-;14700;s350_
Хозтовары;Ящик поделочный;Эра;35×25×18 см;орех;дерево;с резьбой;-;2700;s351_
Декор;Свечи ароматические;Тоскана;-;ваниль/корица/сандал;воск/стекло;набор 3 шт;-;2200;s352_
Ванная;Тумба под умывальник;Бергамо;100×45×55 см;дуб артизан/белый;МДФ/дерево;двойная, две раковины;-;28400;s353_
Гостиная;Кресло клубное;Нью-Йорк Club;-;коричневая;экокожа/дерево;с подлокотниками;классика;46700;s354_
Гостиная;Тумба под ТВ;Натура;150 см;орех;массив дерева;из массива;-;22800;s355_
Кабинет;Стол письменный;Натура;120×65 см;-;массив сосны;лак;-;19400;s356_
Гостиная;ТВ-стенка;Берлин;280 см;венге/дуб сонома;ЛДСП/стекло;модульная;-;26900;s357_
Текстиль;Подушка;Лофт;40×60 см;коричневый;кожзам;валик;-;1300;s358_
Прихожая;Прихожая;Берлин;240×40×210 см;дуб сонома/венге;ЛДСП/зеркало;модульная, со шкафом и зеркалом;-;38400;s359_
Гостиная;Диван-канапе;Камелия;2-местный;пудровый;велюр/металл;ножки гнутые золото;классика;43700;s360_
Гостиная;Кресло гостевое;Глория;-;серо-голубая;рогожка/дерево;с высокой спинкой;-;17900;s361_
Прихожая;Полка декоративная;Тоскана;60×20 см;дуб артизан;ЛДСП/металл;настенная, с крючками;-;2400;s362_
Прихожая;Прихожая;Прага;120×30×210 см;белый/венге;ЛДСП;модульная;-;19700;s363_
Кабинет;Кресло компьютерное;Минск;-;серая;сетка/металл;газлифт класс 3, эконом;эконом;7400;s364_
Кухня;Фартук кухонный;-;60×244 см;мрамор калакатта;ПВХ;панель;-;1900;s365_
Прихожая;Шкаф;Дания;60×35×205 см;ясень шимо светлый;ЛДСП;штанга и полки;-;13800;s366_
Спальня;Тумба прикроватная;Полярная;50×35×35 см;белый матовый;МДФ;подвесная;-;5900;s367_
Декор;Шкатулка;Тиффани;28×18×12 см;-;дерево/стекло;с витражной вставкой;-;3800;s368_
Декор;Картина;Флоренция;60×80 см;-;холст;абстракция, фактурная;-;4700;s369_
Спальня;Туалетный столик;Прага;80×40×140 см;белый;ЛДСП/стекло;с зеркалом;-;16800;s370_
Гостиная;Шкаф-витрина;Тиффани;80×40×195 см;белый патина;дерево/стекло;с гравировкой стекла;классика;38900;s371_
Спальня;Шкаф;Самара;150×55×210 см;ясень шимо светлый;ЛДСП/зеркало;3-дверный, с зеркалом;-;31900;s372_
Гостиная;Кресло;Мадрид;-;капучино;шенилл/металл;поворотное, металлическая ножка;-;24700;s373_
Спальня;Кровать водяная;Адриатик;180×200 см;кофе;искусственная кожа/ЛДСП;с термостатом;-;87900;s374_
Кабинет;Тумба офисная;-;40×50×60 см;серый;ЛДСП/металл;подкатная, 3 ящика, замок;-;7800;s375_
Кабинет;Стол офисный;-;160×80 см;серый кашемир;ЛДСП;-;-;9700;s376_
Кухня;Стул;Прага;-;серый;велюр/дерево;с мягким сиденьем, ножки массив;классика;5700;s377_
Детская;Кровать-чердак;Олимп;90×200 см;белый/розовый;ЛДСП/металл;с диваном и столом;детский;39700;s378_
Спальня;Кровать-бокс;Соната;90×200 см;пыльно-розовая;рогожка/ЛДСП;подъёмный механизм;-;28400;s379_
Текстиль;Ковёр;-;200×290 см;серый меланж;акрил;-;-;9800;s380_
Спальня;Комод;-;80×40×90 см;белый;ЛДСП;4 ящика;-;8900;s381_
Гостиная;Стеллаж;Геометрия;200×40×220 см;белый/чёрный;ЛДСП/металл;многоуровневый, из сот-ячеек;-;22400;s382_
Прихожая;Шкаф узкий;-;60×35×210 см;ясень шимо светлый;ЛДСП;в прихожую;-;9800;s383_
Декор;Панно;Флоренция;60×80 см;белый;гипс;3D, абстракция;-;4900;s384_
Спальня;Кровать;Меридиан;180×200 см;пыльный голубой;велюр/дерево;на ножках, изголовье капитоне;-;42900;s385_
Спальня;Кровать;Орхидея;160×200 см;белый;ЛДСП;подъёмный механизм;-;27500;s386_
Гостиница;Мини-бар;-;60×50×85 см;дуб артизан;ЛДСП/металл;с холодильной нишей, для номера;гостиничный;18400;s387_
Гостиная;Диван-трансформер;Модерн;-;светло-серый;ткань/ЛДСП;тик-так;-;47200;s388_
Кабинет;Кресло;Льеж;-;серая;ткань/металл;офисное, эконом, газлифт класс 2;эконом;8400;s389_
Декор;Картина;Венеция;50×70 см;-;холст/багет;репродукция, золото;классика;4900;s390_
Кабинет;Стол письменный;Конструктор;110×55 см;-;бук;трансформер;-;7900;s391_
Гостиная;Диван модульный;Сохо;3+3 секции;чёрная;кожа/металл;секционный, два реклайнера;премиум;156400;s392_
Спальня;Кровать;Стелла;180×200 см;белая;экокожа/ЛДСП;ортопедическое основание;-;42500;s393_
Декор;Корзина;Тоскана;45×45×55 см;-;джут/кожа;плетёная, ручки кожаные;-;3700;s394_
Декор;Шкатулка;Орхидея;22×16×10 см;-;бархат/зеркало;бархатная, с зеркалом внутри;-;2400;s395_
Детская;Шкаф;Олимп;120×55×210 см;белый/бирюзовый;ЛДСП;подростковый, 3-дверный, штанга;детский;22400;s396_
Кухня;Гарнитур кухонный;-;1.8 м;белый/венге;ЛДСП/МДФ;прямой, базовая комплектация;-;39800;s397_
Ванная;Зеркало-шкаф;Сиена;80×15×70 см;белый матовый;МДФ/стекло/LED;с подсветкой и розеткой;-;15800;s398_
Гостиная;Кресло-реклайнер;Меридиан;-;чёрный;кожа PU/металл;массаж спины, электропривод;-;72800;s399_
Декор;Скульптура;Венера;50 см;белый;искусственный мрамор;классика;классика;7400;s400_
Спальня;Кровать водяная;Меридиан;200×200 см;графит;экокожа/ЛДСП;king-size, термоуправление;премиум;126400;s401_
Прихожая;Зеркало;Лофт;D70 см;чёрный;металл/стекло;в раме, круглое;лофт;6300;s402_
Прихожая;Скамья-обувница;Атриум;-;коричневая;экокожа/металл;с откидным сиденьем;-;6900;s403_
Освещение;Люстра;Прага;-;-;латунь/хрусталь;классическая, 6 ламп;классика;19700;s404_
Кухня;Стул барный;Турин;-;чёрная/хром;экокожа/металл;регулируемая высота;-;5400;s405_
Ванная;Зеркало;Венето;D70 см;-;латунь/стекло;с подсветкой, IP44;-;12400;s406_
Спальня;Тумбочка прикроватная;Карина;45×40×55 см;белый;ЛДСП;с двумя ящиками;-;4400;s407_
Детская;Шкаф угловой;Феникс;90×90×210 см;белый/мятный;ЛДСП/зеркало;подростковый, с зеркалом;детский;26900;s408_
Детская;Кресло-мешок;Малыш;-;синий;ткань/гранулы;детское, мяч;детский;1800;s409_
Декор;Подставка под цветок;Флоренция;25×25×60 см;белая;керамика;с автополивом;-;3700;s410_
Освещение;Гирлянда сетка;-;2×2 м;тёплый белый;LED;200 ламп;-;2700;s411_
Декор;Картина;-;70×50 см;-;холст/дерево;Морошковое утро, рама натуральная;-;3900;s412_
Кухня;Барный шкаф;Венеция;55×40×110 см;чёрный матовый;ЛДСП/металл;напольный, на колёсах;-;14700;s413_
Гостиная;Кресло;Глория;-;серый меланж;велюр/металл;с подставкой для ног;-;19400;s414_
Спальня;Изголовье кровати;Виктория;160×120 см;пыльная роза;велюр/ЛДСП;мягкое;-;14200;s415_
Прихожая;Прихожая;Стокгольм;180×35×210 см;ясень светлый;ЛДСП;скандинавский стиль;скандинавский;28700;s416_
Прихожая;Полка навесная;-;60×20 см;белый матовый;МДФ/металл;с крючками;-;1500;s417_
Детская;Кровать-машина;Феррари;80×170 см;красный;пластик/LED;детская, с подсветкой;детский;24700;s418_
Детская;Кровать;Малыш;90×200 см;дуб сонома;ЛДСП;односпальная;детский;9800;s419_
Детская;Стенка-горка;Феникс;280×40×195 см;графит/жёлтый;ЛДСП;подростковая;детский;36700;s420_
Текстиль;Покрывало;Иней;150×200 см;молочный;трикотаж;вязаное, крупная вязка;-;4400;s421_
Кабинет;Стол письменный;-;120×60 см;белый;ЛДСП;-;-;540;s422_
Гостиная;Полка-сота;Кокон;-;белая;МДФ;настенная, декоративная;-;1700;s423_
Спальня;Тумбочка прикроватная;Берлин;45×40×50 см;белый;ЛДСП;с 2 ящиками;-;4200;s424_
Текстиль;Шторы;Прага;2×140×270 см;графит;ткань;готовые, блэкаут;-;5400;s425_
Детская;Кровать двухъярусная;Малыш;80×190 см;белый;ЛДСП;с лестницей-комодом;детский;26800;s426_
Детская;Парта-трансформер;-;-;дуб артизан/синий;ЛДСП/металл;с книжной полкой, регулировка высоты;детский;15700;s427_
Освещение;Бра;Венеция;-;-;латунь/хрусталь;1-рожковое, классика;классика;6700;s428_
Кухня;Стол банкетный;-;240×80 см;белый глянец;ЛДСП/лак;раздвижной, торжественный;-;38900;s429_
Гостиная;Кресло-реклайнер;Модерн;-;коричневая;экокожа/металл;механический механизм;-;32900;s430_
Туризм;Стул складной;Конструктор;-;зелёная;металл/ткань;туристический;-;1600;s431_
Гостиная;Диван оттоманка;Версаль;200×90 см;бордо;бархат/дерево;правый угол;классика;58400;s432_
Спальня;Кровать;Стокгольм;140×200 см;оливковый;велюр/дерево;на ножках;скандинавский;29900;s433_
Прихожая;Шкаф угловой;Самара;80×80×210 см;ясень шимо/венге;ЛДСП;в прихожую;-;17800;s434_
Кухня;Стул кухонный;Лофт;-;чёрный/дуб;металл/дерево;металл чёрный с дубовым сиденьем;лофт;3400;s435_
Спальня;Шкаф-купе;Прага;120×60×220 см;венге;ЛДСП/зеркало;2-дверный;-;28900;s436_
Гостиная;Диван Chesterfield;Лондон;240×95 см;бордо;кожа честерфилд/дерево;каретная стяжка;классика;138900;s437_
Гостиная;Стеллаж напольный;-;80×30×160 см;дуб сонома;ЛДСП;4-полочный;-;5400;s438_
Спальня;Кровать водяная;Адриатика;180×200 см;белая;экокожа/ЛДСП;интеллектуальное управление;премиум;132700;s439_
Текстиль;Ковёр;Кокон;D200 см;молочный;акрил;круглый, длинный ворс;-;7900;s440_
Гостиная;Сервант;Аделина;220×45×100 см;-;дерево/стекло;комбинированный, низкий с витриной;классика;67400;s441_
Освещение;Бра;Орлеан;-;слоновая кость/латунь;латунь/ткань;с тканевым абажуром;-;3900;s442_
Прихожая;Зеркало;Венеция;60×80 см;золото;дерево/стекло;настенное, в раме;классика;5700;s443_
Гостиная;Стеллаж угловой;Модерн;60×60×180 см;-;металл/дуб артизан;4-уровневый;-;8700;s444_
Гостиная;Кофейный столик;Малибу;D50 см;-;мрамор/латунь;круглый;-;16800;s445_
Декор;Статуэтка;-;30 см;золото;керамика;лошадь, серия Базовая;-;3200;s446_
Кабинет;Подставка для книг;Венеция;30×20 см;чёрный/мрамор;металл/мрамор;-;-;2200;s447_
Гостиная;Кресло-мешок;Облако;80×60 см;чёрная;водоотталкивающая ткань;M;-;2800;s448_
Гостиная;Стеллаж-перегородка;Аметист;-;чёрный/дуб артизан;металл/ЛДСП;4 ячейки;-;8400;s449_
Хозтовары;Ящик поделочный;Скандинав;50×30×25 см;-;сосна;натуральная, откидная крышка;-;2400;s450_
Детская;Кресло;Турин;-;розовая;сетка/пластик;детское компьютерное, до 60 кг;детский;5700;s451_
Декор;Фоторамка;Семья;60×40 см;венге;дерево;коллаж на 7 фото;-;1800;s452_
Кабинет;Картотека;Архив;-;серый;металл;на 4 ящика;-;13700;s453_
Декор;Подсвечник;Прованс;D8×12 см;прозрачное;стекло;набор 3 шт;-;990;s454_
Спальня;Шкаф-купе;Дрезден;320×60×240 см;бодега;ЛДСП/стекло;4-дверный, фотопечать;-;72500;s455_
Текстиль;Покрывало плед;Иней;200×220 см;белый/серебро;жаккард;-;-;5800;s456_
Кухня;Стул барный;Турин;-;синяя/хром;экокожа/металл;регулируемая высота;-;5400;s457_
Спальня;Комод;Сканди;80×40×110 см;ясень светлый;ЛДСП/дерево;5-ящичный, ножки натуральные;скандинавский;19700;s458_
Освещение;Люстра;Барокко;-;кремовые/бронза;металл/ткань;12 ламп E14, состаренная бронза;классика;42400;s459_
Детская;Кровать-карета;Принцесса;90×190 см;розовый;бархат/ЛДСП;детская, с балдахином;детский;31900;s460_
Детская;Диван;Малыш;160×80 см;принт машинки;ткань/ЛДСП;детский, раскладной;детский;13900;s461_
Детская;Шкаф;Феникс;-;графит/жёлтый;ЛДСП;для подростковой, 4-дверный;детский;31900;s462_
Декор;Статуэтка;Слон;25 см;венге/перламутр;дерево;резной, инкрустация;-;4200;s463_
Спальня;Кровать;Орхидея;160×200 см;орех;ЛДСП;подъёмный механизм;-;27500;s464_
Кухня;Столик сервировочный;Бостон;-;-;бамбук;на колёсах;-;4700;s465_
Ванная;Зеркало;Полярная;50×70 см;-;стекло/LED/металл;прямоугольное, антипар, сенсорное;-;8400;s466_
Гостиная;Диван Chesterfield;Виндзор;200×90 см;изумрудный;бархат/дуб;ножки массив дуба;классика;124700;s467_
Спальня;Тумбочка прикроватная;Кокон;-;дуб молочный;ЛДСП;подвесная;-;5100;s468_
Кухня;Стул;Гудрун;-;натуральный;массив ясеня/дерево;скандинавский, ножки натуральные;скандинавский;3900;s469_
Гостиная;Кресло;Виктория;-;-;бук/гобелен;классическое, резные ножки, флор;классика;26900;s470_
Декор;Статуэтка;Флоренция;40 см;бронза;металл;танцовщица;-;4800;s471_
Декор;Подсвечник;Венеция;-;-;чугун;настенный, кованый, на 3 свечи;-;3400;s472_
Декор;Скульптура;Лошадь;35×40 см;бронза;металл;ретро-стиль;-;4900;s473_
Гостиная;Тумба под телевизор;Кокон;100 см;белый матовый;ЛДСП;-;-;7800;s474_
Кухня;Стул барный;-;50×50×85 см;коричневая;экокожа/металл;со спинкой;-;3900;s475_
Спальня;Шкаф;Барс;180×60×220 см;дуб сонома/венге/орех глянец;ЛДСП;3-дверный;-;38400;s476_
Детская;Кровать двухъярусная;Малыш;80×190 см;дуб молочный/венге;ЛДСП;-;детский;19800;s477_
Спальня;Кровать;Берлин;160×200 см;графит;велюр/ЛДСП;с мягким изголовьем;-;33700;s478_
Гостиная;Кресло-реклайнер;Орлеан;-;кофейный;кожа PU/металл;электропривод;-;58900;s479_
Декор;Картина;Северянин;60×80 см;-;холст/лак;Карельские сосны, лакировка;-;4400;s480_
Спальня;Шкаф-купе;Турин;200×60×240 см;графит;ЛДСП/стекло;фотопечать Город;-;67800;s481_
Гостиная;Кресло-реклайнер;Адмирал;-;коричневая;кожа/металл;Lounge, подножка, USB;-;78400;s482_
Гостиная;Банкетка;Палаццо;160×40×45 см;бордовый;бархат/металл;ножки золото;классика;14700;s483_
Декор;Скульптура;Танец;45 см;хром/дуб;металл/дерево;современная, абстракция;-;6800;s484_
Гостиная;Кресло-реклайнер;Барон;-;коричневая;рогожка/металл;механический привод;-;31400;s485_
Текстиль;Ковёр;Сканди;D200 см;серый меланж;акрил;круглый, короткий ворс;-;9800;s486_
Спальня;Кровать;Лион;160×200 см;ясень шимо/венге;ЛДСП/дерево;с тумбами в изголовье, капитоне;-;46700;s487_
Декор;Зеркало;Море;80×60 см;синяя глянцевая;МДФ/стекло;art, форма облака;-;18900;s488_
Прихожая;Вешалка напольная;Лофт;60×40×170 см;чёрный/дуб;металл/дерево;с дубовой полкой;лофт;3400;s489_
Спальня;Туалетный столик;Камелия;90×40 см;розовая пудра;МДФ/стекло;с откидным зеркалом и табуретом;-;21700;s490_
Прихожая;Обувница;Норвегия;60×22×85 см;белый;ЛДСП/МДФ;компактная, 2 секции;-;180;s491_
Детская;Кресло компьютерное;Карина;-;розовое;ткань/пластик;детское;детский;5400;s492_
Спальня;Тумба прикроватная;Версаль;-;белый/золотая патина;МДФ;с 3 ящиками;классика;18900;s493_
Освещение;Бра-софит;Модерн;-;белый;металл/LED;LED;-;2700;s494_
Декор;Картина;Тоскана;60×90 см;-;холст/дерево;Виноградники, масло;-;6400;s495_
Кухня;Стол обеденный;Равенна;D120 см;чёрный матовый;МДФ/металл;круглый, раздвижной;-;31900;s496_
Гостиная;Шкаф-витрина;Версаль;100×40×210 см;орех патина;дерево/стекло/LED;классика, с подсветкой;классика;42800;s497_
Гостиная;Шкаф-горка;Версаль;280 см;орех патина;дерево/стекло;классика, с резьбой;классика;58700;s498_
Гостиная;Кресло-реклайнер;Глория;-;серая;рогожка/металл;механический;-;26900;s499_
Гостиная;Диван-канапе;Версаль;2-местный;изумрудный;велюр/дерево;классический, ножки гнутые;классика;46900;s500_
Спальня;Кровать;Ампир;180×200 см;-;латунь/ткань;латунная, с балдахином;классика;112400;s501_
Спальня;Кровать;Сицилия;180×200 см;бежевая;экокожа/ЛДСП;подъёмный механизм;классика;39800;s502_
Гостиная;Стенка-горка;Лагуна;320 см;белый глянец/дуб артизан;ЛДСП/стекло;модульная;-;58900;s503_
Детская;Кровать-машинка;-;80×180 см;синяя;ЛДСП/пластик/LED;детская, с подсветкой, пожарная графика;детский;22400;s504_
Гостиная;Полка-сота;-;-;дуб артизан;МДФ;настенная, декоративная, комплект 3 шт;-;2700;s505_
Гостиная;Кресло Lounge;Палаццо;-;пыльно-розовый;велюр/металл;классическое, с подушкой, ножки золото;классика;34800;s506_
Декор;Картина;Орхидея;50×70 см;-;холст/багет;ботанический принт, багет золото;-;4200;s507_
Спальня;Кровать;Тюльпан;90×200 см;салат;велюр/ЛДСП;односпальная, изголовье-цветок;-;21700;s508_
Ванная;Тумба под раковину;-;100×45 см;серый шёлк;МДФ;подвесная, серия Стандарт;-;17400;s509_
Кабинет;Кресло компьютерное;Бергамо;-;зелёная;сетка/металл;поясничный упор, газлифт класс 4;-;14900;s510_
Декор;Ваза;Афина;70 см;белый кракелюр/золото;керамика;напольная;классика;7400;s511_
Кабинет;Кресло компьютерное;Бергамо;-;чёрная;сетка/металл;поясничный упор, газлифт класс 4;-;14900;s512_
Освещение;Торшер;Венеция;165 см;серый;металл/ткань;напольный, тканевый абажур;-;7800;s513_
Спальня;Кровать;Меридиан;140×200 см;терракот;велюр/дерево;реечное основание;-;31700;s514_
Балкон;Комплект балконный;Терраса;-;-;металл/тик;стол + 2 стула, складной;-;9700;s515_
Детская;Кровать двухъярусная;Дуэт;80×190 см;белый/розовый;ЛДСП/металл;с лестницей и ящиками;детский;28700;s516_
Детская;Кровать-чердак;Авангард;90×200 см;графит/дуб;ЛДСП/металл;с гардеробной и лестницей-комодом;детский;38900;s517_
Кухня;Стол обеденный;Венеция;D110 см;-;мрамор/бронза;круглый;-;47900;s518_
Ванная;Тумба под раковину;Адриатика;80×45×55 см;белый/дерево;МДФ/дерево;с двумя ящиками;-;14400;s519_
Прихожая;Зеркало;Берлин;60×120 см;дуб сонома;ЛДСП/стекло;в прихожую, с полкой и крючками;-;5400;s520_
Освещение;Гирлянда уличная;Метелица;10 м;холодный белый;LED;IP44;-;2700;s521_
Прихожая;Зеркало напольное;Полярная;D80 см;белый;металл/стекло;круглое, в раме;-;11700;s522_
Гостиная;Кресло Lounge;Камея;-;-;гобелен/дерево;с подлокотниками, ножки массив;классика;31700;s523_
Текстиль;Шторы;Кокон;2×150×270 см;молочный;лён;льняные;-;7800;s524_
Прихожая;Прихожая мини;Эконом;100×30×190 см;венге;ЛДСП/зеркало;с зеркалом;эконом;9800;s525_
Декор;Шкатулка;Венеция;25×18×12 см;бордо/золото;бархат/зеркало;бархат с зеркалом;-;3700;s526_
Хозтовары;Ящик поделочный;Натура;40×28×22 см;-;дуб массив;без отделки;-;3700;s527_
Балкон;Шкаф;Терраса;60×35×180 см;белый;ЛДСП;балконный, 2 секции с полками;-;9800;s528_
Декор;Картина;Прованс;60×80 см;-;холст/дерево;Лавандовое поле, багет белёный;классика;6700;s529_
Офис;Стойка ресепшен;Модерн;200×70×110 см;белый глянец/чёрный матовый;ЛДСП/МДФ;минимализм;-;124800;s530_
Прихожая;Обувница;Дания;100×35×50 см;серая;рогожка/ЛДСП;с сиденьем, ящик под обувь;-;8400;s531_
Детская;Кровать-чердак;Школьник;80×190 см;дуб сонома/венге;ЛДСП/металл;с рабочей зоной;детский;23900;s532_
Ванная;Шкаф-пенал;Сиена;40×30×180 см;белый глянец;МДФ;ванный, 2 дверцы и полки;-;11700;s533_
Гостиная;Банкетка;Глория;100×40×45 см;беж;рогожка/ЛДСП;с местом хранения;-;7400;s534_
Освещение;Лампа настольная;Прага;-;бежевый;металл/ткань;классическая, тканевый абажур;классика;3700;s535_
Спальня;Кровать;Виктория;160×200 см;изумрудный;бархат/ЛДСП;подъёмный механизм, изголовье капитоне;-;52900;s536_
Освещение;Светильник напольный;Прованс;165 см;белая патина;металл/ткань;торшер, абажур плиссе;классика;9400;s537_
Декор;Ваза;Афродита;90 см;состаренная бронза;керамика;напольная, амфора;классика;9800;s538_
Гостиница;Зеркало;-;60×120 см;-;стекло/МДФ;настенное, с фацетом, для отеля;гостиничный;5800;s539_
Кабинет;Шкаф книжный;Модерн;90×90×210 см;дуб артизан/графит;ЛДСП;угловой;-;38900;s540_
Гостиная;Сервант-витрина;Версаль;100×40×190 см;орех/стекло;дерево/стекло;классика;классика;36400;s541_
Гостиная;Шкаф-витрина;Лион;120×40×210 см;орех тёмный;дерево/стекло/зеркало;с зеркальной задней стенкой;-;48900;s542_
Кухня;Шкаф верхний;-;60×30×72 см;белый матовый;ЛДСП/стекло;кухонный, с витринным стеклом;-;7900;s543_
Текстиль;Подушка декоративная;Барселона;45×45 см;-;лён;геометрический принт;-;1300;s544_
Декор;Статуэтка;Венеция;35 см;золото;керамика;олень;-;3400;s545_
Освещение;Бра настольное;Тюльпан;-;-;латунь/стекло/LED;2 шт, LED, опал;-;3800;s546_
Прихожая;Обувница;Эконом;80×20×100 см;дуб молочный;ЛДСП;откидная;эконом;3400;s547_
Гостиная;Журнальный столик;Палаццо;110×60 см;-;мрамор/латунь;прямоугольный;-;38700;s548_
Кабинет;Стол письменный;Школьник;120×60 см;белый;ЛДСП;-;-;6800;s549_
Спальня;Тумба прикроватная;Аметист;50×40×60 см;белый/золото;МДФ;с патиной;-;13700;s550_
Гостиная;Стеллаж навесной;Орбита;100×25×60 см;дуб артизан;ЛДСП;в гостиную;-;3200;s551_
Декор;Ваза;Артемида;60 см;дымчатый серый;стекло выдувное;напольная, дизайнерская;-;6400;s552_
Прихожая;Обувница;Кокон;-;белая;ЛДСП/МДФ;4-секционная;-;4900;s553_
Гостиная;Кресло-мешок;Облако;140×100 см;графит;водоотталкивающая ткань;XXL;-;6700;s554_
Гостиная;Диван прямой;Гамма;220×95 см;серый;велюр/шенилл/рогожка;еврокнижка;-;42700;s555_
Детская;Шкаф;Эверест;160×55×210 см;графит/оранжевый;ЛДСП;для подростка, 4-дверный;детский;28700;s556_
Текстиль;Ковёр;Венеция;160×230 см;терракот;шерсть;узор медальон;-;22500;s557_
Кухня;Стол обеденный;Лофт;140×80 см;графит;дерево/металл;металлические ноги;лофт;16400;s558_
Спальня;Комод;Карина;80×40×110 см;венге;ЛДСП;5 ящиков;-;11200;s559_
Кухня;Модуль кухонный;Бергамо;60×60 см;белый матовый;ЛДСП/фурнитура;нижний, soft-close;-;9400;s560_
Декор;Часы настенные;Версаль;60×30 см;-;дерево/металл;с маятником;классика;5700;s561_
Декор;Шкатулка;Камелия;26×18×10 см;-;бархат/металл;бархат внутри, золотой ободок;-;3200;s562_
Декор;Подсвечник;Венеция;20×20×40 см;-;латунь/стекло;стеклянный фонарь;-;3200;s563_
Гостиная;Кресло традиционное;-;-;-;гобелен/дерево;флористика, ножки массив;-;26800;s564_
Прихожая;Зеркало напольное;Контур;D100 см;чёрный;металл/стекло;круглое, в раме;-;13700;s565_
Балкон;Табурет складной;-;30×30×45 см;-;бамбук;для балкона;-;1300;s566_
Ванная;Тумба под умывальник;Венето;70×45×85 см;дуб артизан/белый глянец;МДФ/дерево;напольная, с одной дверцей;-;13900;s567_
Прихожая;Зеркало;Камея;70×100 см;золото с патиной;дерево/стекло;настенное, барочное;классика;9400;s568_
Спальня;Кровать;Орхидея;160×200 см;дуб сонома;ЛДСП;подъёмный механизм;-;27500;s569_
Декор;Ваза;-;50 см;прозрачное;стекло;амфора, серия Лайт;-;2800;s570_
Спальня;Шкаф-купе;Лофт;100×100×220 см;графит/зеркало;ЛДСП/стекло;угловой;лофт;45700;s571_
Спальня;Шкаф-купе;Берлин;320×60×220 см;дуб сонома;ЛДСП/зеркало;4-дверный, с зеркалом;-;58400;s572_
Спальня;Комод;Стелла;90×40×95 см;ясень шимо;ЛДСП;3 ящика, распашная дверца;-;14600;s573_
Прихожая;Шкаф узкий;Альпы;45×30×200 см;белый матовый;ЛДСП/зеркало;1 дверь с зеркалом;-;12400;s574_
Ванная;Полотенцесушитель;Лазурь;50×80 см;-;латунь;декоративный, лесенка;-;7400;s575_
Гостиная;Диван-кровать;Айова;200×95 см;горчичная;рогожка/ЛДСП;еврокнижка;-;37400;s576_
Туризм;Стул складной;Турист;-;-;ткань/металл;мягкий, с подлокотниками, для дачи;-;2400;s577_
Гостиная;Шкаф книжный;Кембридж;200×40×220 см;орех;дерево/стекло;библиотечный, со стеклом;классика;98400;s578_
Спальня;Тумба прикроватная;Камелия;50×40×55 см;розовая пудра;МДФ;с одним ящиком;-;5200;s579_
Кухня;Шкафчик барный;Тоскана;70×25×70 см;орех патина;дерево/стекло;подвесной;классика;7800;s580_
Прихожая;Зеркало напольное;Версаль;60×180 см;золото с патиной;дерево/стекло;в багетной раме;классика;14700;s581_
Гостиная;Кресло-реклайнер;Адмирал;-;коричневая;натуральная кожа/металл;с подогревом;-;87400;s582_
Гостиная;Полка навесная;Орбита;80×25 см;дуб артизан;ЛДСП;-;-;1900;s583_
Детская;Кровать-чердак;Аметист;90×200 см;графит/жёлтый;ЛДСП/металл/LED;с подсветкой и USB;детский;39700;s584_
Прихожая;Зеркало напольное;Парус;50×170 см;венге;дерево/стекло;в раме;-;9700;s585_
Гостиная;Тумба под ТВ;Лофт;140 см;венге;ЛДСП/металл;металлический каркас;лофт;11800;s586_
Гостиная;Диван-канапе;Барселона;2-местный;графит;велюр/дерево;классический, ножки гнутые;классика;52800;s587_
Ванная;Набор для ванной;Венето;-;белая/латунь;керамика/латунь;стакан и дозатор, 4 предмета;-;2700;s588_
Освещение;Светильник потолочный;-;-;чёрный;металл;4 спота, поворотные;-;3700;s589_
Прихожая;Зеркало напольное;Орбита;D90 см;-;металл латунь/стекло;круглое, рама матовая;-;16400;s590_
Гостиная;Кресло-реклайнер;Орхидея;-;изумрудный;велюр/дуб/ясень/рогожка;с регулировкой и подножкой;-;38400;s591_
Гостиная;Витрина-горка;Орхидея;120×45×220 см;-;дерево/стекло;классика, патина с золотом;классика;94600;s592_
Прихожая;Вешалка;Берлин;80×190 см;дуб сонома;ЛДСП/зеркало;с зеркалом и обувницей;-;13800;s593_
Детская;Кровать;Феникс;90×200 см;оранжевый/графит;ЛДСП;односпальная, для подростка;детский;18700;s594_
Спальня;Шкаф;Венеция;150×55×210 см;бук бавария;ЛДСП;3-створчатый, распашной;-;38600;s595_
Декор;Часы настенные;Камея;D40 см;-;металл;круглые, римские цифры;-;2300;s596_
Прихожая;Ключница;Норвегия;30×7×35 см;белый матовый;МДФ/зеркало;закрытая, с зеркалом и 6 крючками;-;2400;s597_
Гостиная;Комод-консоль;Венеция;120×35×80 см;орех;дерево;классика;классика;18900;s598_
Спальня;Кровать;Бостон;140×200 см;коричневая;экокожа/ЛДСП;с прострочкой;-;28700;s599_
Освещение;Светильник настенный;Минск;-;графит/опал;металл/стекло;бра 1-рожковый;-;3200;s600_
Ванная;Зеркало;Адриатика;80×60 см;-;стекло/LED/металл;для ванной, сенсор, антипар;-;9700;s601_
Гостиная;Стол консольный;Палермо;100×30×80 см;-;мрамор/бронза;мрамор/металл бронза;-;12900;s602_
Гостиная;Журнальный стол;Манхэттен;100×60×45 см;дуб артизан/чёрный;ЛДСП/металл;-;-;9700;s603_
Гостиная;Пуф;-;40×40 см;белая;экокожа/ЛДСП;с откидной крышкой, хранение;-;3800;s604_
Освещение;Бра-софит;Орбита;-;белый матовый;металл/LED;направленный LED, поворотный;-;2400;s605_
Спальня;Шкаф;Самара;90×55×210 см;дуб сонома;ЛДСП/зеркало;2-створчатый, с зеркалом;-;19400;s606_
Текстиль;Ковёр;-;200×290 см;бежевый;шерсть;классический;-;28700;s607_
Ванная;Шкаф пенал;-;30×25×170 см;белый глянец;МДФ;узкий, открытые полки;-;5900;s608_
Освещение;Бра;Тюльпан;-;-;медь/стекло;серия, 2 шт в комплекте;-;5700;s609_
Офис;Стойка ресепшен;Гранд;240×80×110 см;-;шпон ореха/латунь;классика, латунная отделка;классика;187400;s610_
Спальня;Гардеробная система;Конструктор;240×50×220 см;дуб артизан;ЛДСП/металл;модульная;-;38900;s611_
Декор;Картина;Глория;80×100 см;-;холст/багет;Поле маков;-;5600;s612_
Освещение;Светильник подвесной;Эдисон;-;медь;металл;3 лампы на цепи;лофт;4800;s613_
Кухня;Стол кухонный;-;90×60 см;белый;ЛДСП/металл;складной, эконом;эконом;5400;s614_
Прихожая;Банкетка;Норвегия;90×35×45 см;белая;экокожа/ЛДСП;в прихожую, с откидным сиденьем;-;6900;s615_
Декор;Постер;Лофт;40×50 см;чёрный;бумага/дерево;графический принт, в раме;-;1400;s616_
Текстиль;Шторы;Камея;2×150×270 см;бордо;бархат;готовые, с подхватами;-;9400;s617_
Спальня;Туалетный столик;Венеция;-;-;бук бавария;классический, с пуфом;классика;22500;s618_
Кухня;Стул барный;Лион;-;натуральный;массив бука;сиденье круглое D35, лак;-;4500;s619_
Текстиль;Подушка декоративная;Венеция;45×45 см;изумрудный;бархат;-;-;1400;s620_
Гостиная;Кресло Lounge;Палаццо;-;сапфировый;велюр/металл;с подушкой-валиком;-;31700;s621_
Гостиница;Гарнитур гостиничный;Премиум;160×200 см;-;дерево/ЛДСП;кровать + 2 тумбы + комод;гостиничный;87900;s622_
Ванная;Стеллаж навесной;Капри;60×20×80 см;-;бамбук/металл;для ванной;-;3700;s623_
Гостиная;Диван модульный;Дакота;4-секционный;беж;велюр/ЛДСП;секционный;-;78900;s624_
Гостиная;Шкаф книжный;Венеция;100×40×200 см;орех;дерево/стекло;со стеклянными дверцами;-;28700;s625_
Гостиная;Стеллаж-перегородка;Сканди;100×30×200 см;ясень светлый;ЛДСП/дерево;двусторонний, 5 полок;скандинавский;9700;s626_
Спальня;Кровать;Лагуна;140×200 см;белая;экокожа/ЛДСП;подъёмный механизм;-;33700;s627_
Ванная;Тумба под умывальник;Лагуна;120×45×55 см;белый глянец/серый;МДФ;двойная;-;32700;s628_
Декор;Фоторамка;Прованс;20×30 см;белая с патиной;дерево/МДФ;одинарная;классика;890;s629_
Спальня;Кровать;Орлеан;180×200 см;орех патина;дерево/ЛДСП;с тумбами в изголовье, бра в комплекте;классика;72800;s630_
Декор;Корзина-органайзер;Флоренция;40×25×20 см;-;джут;плетёная, с ручками;-;1800;s631_
Спальня;Кровать водяная;Камелия;160×200 см;пыльно-розовая;экокожа/ЛДСП;с подогревом;-;82900;s632_
Прихожая;Зеркало;Барокко;60×90 см;золочёный;дерево/стекло;настенное, рама с лепниной;классика;14700;s633_
Прихожая;Прихожая модульная;Атриум;220×35×210 см;дуб сонома/графит;ЛДСП;-;-;36800;s634_
Гостиная;Кресло-бергер;Шартрез;-;коньячная;кожа/дерево;с пуфом, ножки массив;классика;68900;s635_
Кухня;Стол кухонный;-;120×70 см;дуб сонома;ЛДСП/металл;регулируемые ножки;-;7400;s636_
Освещение;Гирлянда интерьерная;Метелица;5 м;тёплый белый;LED;USB;-;1300;s637_
Гостиная;Журнальный столик;Тоскана;120×60 см;-;дуб состаренный;овальный, из массива;-;28900;s638_
Спальня;Кровать;Прага;180×200 см;-;экокожа/ЛДСП;двуспальная, ортопедическое основание;-;42400;s639_
Гостиная;Кресло Lounge;Прованс;-;цветочный принт;ткань/дерево;состаренный, с подушкой, ножки гнутые;классика;31400;s640_
Гостиная;Кресло-кокон;Эверест;-;белый;искусственный ротанг/металл;подвесное, с подушкой;-;19800;s641_
Освещение;Люстра потолочная;Венеция;-;-;хрусталь/металл;5-рожковая;классика;14800;s642_
Декор;Постер;-;30×40 см;-;бумага/дерево;типографика Hej, комплект 3 шт;-;2400;s643_
Спальня;Шкаф распашной;Классик;200×60×220 см;орех итальянский;ЛДСП;4-дверный;классика;52300;s644_
Текстиль;Шторы;Берлин;2×145×260 см;песочный;лён;готовые;-;6900;s645_
Спальня;Кровать-татами;Киото;160×200 см;ясень светлый;дерево;низкая, на ножках;японский;41800;s646_
Декор;Шкатулка;Малахит;25×18×12 см;-;дерево;с инкрустацией;-;3400;s647_
Кухня;Пенал кухонный;Бергамо;60×60×220 см;белый/дуб артизан;ЛДСП/МДФ;с микроволновой;-;21900;s648_
Спальня;Шкаф-купе;-;240×60×220 см;дуб сонома;ЛДСП/зеркало;3-дверный;-;4990;s649_
Кухня;Стул;Карина;-;орех;дерево/лак;деревянный, лак;-;2400;s650_
Гостиная;Диван секционный;Челси;350×180 см;серо-синий;шенилл/ЛДСП;угловой, 5 мест;-;94600;s651_
Прихожая;Ключница;Атриум;-;дуб сонома;ЛДСП/металл;настенная, с крючками и полкой;-;1700;s652_
Текстиль;Подушка декоративная;Камея;45×45 см;бордо;бархат;с кисточками;-;1500;s653_
Кухня;Стул-стремянка;-;-;-;металл/дерево;трансформер для кухни;-;3700;s654_
Гостиная;Кресло;Тоскана;-;бежевая;рогожка/бук;каминное, с ушами, ножки бук;-;21700;s655_
Гостиная;Кресло-качалка;Бабушка;-;-;ивовая лоза;классическое;-;14800;s656_
Ванная;Тумба под умывальник;Капри;100×45×60 см;дуб артизан/белый;ЛДСП/МДФ;с двумя ящиками;-;24400;s657_
Кухня;Кухонный уголок;Прага;-;коричневая;экокожа/ЛДСП;с ящиками;-;17900;s658_
Спальня;Кровать водяная;Океан;180×200 см;-;ЛДСП/экокожа;двуспальная, две зоны подогрева;премиум;94800;s659_
Спальня;Кровать;Прима;140×200 см;дуб сонома;ЛДСП;с ящиком, эконом;эконом;18900;s660_
Текстиль;Покрывало;Тоскана;220×240 см;песочный;лён/жаккард;жаккард;-;6200;s661_
Спальня;Шкаф;Милан;150×55×210 см;венге;ЛДСП;3-створчатый, распашной;-;33700;s662_
Текстиль;Плед;-;150×200 см;белый;эко-мех;меховой;-;2900;s663_
Прихожая;Зеркало напольное;Эра;60×180 см;-;бук бавария/стекло;классическое, резная рама;классика;17400;s664_
Детская;Комод;Малыш;80×40×80 см;пастельные тона;ЛДСП;детский, 3 ящика;детский;9700;s665_
Ванная;Тумба под раковину;Аква;80×45×80 см;дуб артизан/белый;ЛДСП/МДФ;напольная;-;15600;s666_
Спальня;Кровать;Аврора;200×200 см;пудровый;велюр/ЛДСП;мягкое изголовье капитоне;-;47200;s667_
Гостиная;Журнальный столик;Скандинав;110×55 см;-;массив дуба;овальная столешница;скандинавский;26800;s668_
Освещение;Люстра потолочная;Барселона;-;-;латунь/стекло;8 рожков, опаловое стекло;-;26900;s669_
Текстиль;Плед;Кокон;150×200 см;серый;микрофибра;-;-;1900;s670_
Кухня;Модуль верхний;-;80×30×72 см;белый матовый;ЛДСП/металл;сушка для посуды;-;7200;s671_
Декор;Картина модульная;-;150×60 см;-;холст/багет;5 частей, Закат над морем;-;5700;s672_
Гостиная;Кресло;-;-;пыльно-розовый;бархат/металл;с подушкой-валиком, серия Лайт;-;22400;s673_
Ванная;Тумба под раковину;-;80×45×55 см;белый/дерево;МДФ/дерево;с двумя ящиками, серия Стандарт;-;12400;s674_
Кабинет;Кресло офисное;Лофт;-;серая;ткань/металл;эконом;эконом;4800;s675_
Гостиная;Кресло Lounge;Орхидея;-;пудровый;бархат/латунь;полукруглое, ножки латунь;-;26400;s676_
Спальня;Кровать-бокс;Премьер;180×200 см;молочная;рогожка/ЛДСП;с двойным основанием;-;58700;s677_
Гостиница;Стол рабочий;-;120×60 см;дуб артизан;ЛДСП/металл;гостиничный, с ящиком и розеткой;гостиничный;12700;s678_
Гостиная;Стеллаж;Самара;80×35×190 см;ясень шимо тёмный;ЛДСП;6-ярусный;-;7900;s679_
Гостиная;Стол журнальный;Палермо;90×50×45 см;-;мрамор/бронза;прямоугольный, мрамор/металл;-;12900;s680_
Декор;Триптих;Модерн;3×40×60 см;-;холст/металл;абстракция, металлический багет;-;6300;s681_
Декор;Кашпо;Венеция;25×25×35 см;белое;керамика/металл;с подставкой металл;-;2800;s682_
Освещение;Светильник подвесной;Лофт;-;медь;металл;Эдисона, 3 плафона;лофт;6800;s683_
Гостиная;Стеллаж для книг;Конструктор;80×30×190 см;бук;дерево;секционный;-;7400;s684_
Гостиная;Банкетка;Тоскана;170×40×45 см;песочный;лён/бук;ножки бук натуральный;-;13400;s685_
Кухня;Шкаф верхний;Бергамо;60×30×72 см;белый матовый;ЛДСП/МДФ;сушка;-;6800;s686_
Гостиная;Банкетка;Орхидея;200×40×50 см;изумрудный;бархат/металл;ножки золото;-;19800;s687_
Спальня;Туалетный столик;Ариэль;100×40×140 см;чёрный матовый;МДФ/стекло/LED;с зеркалом и подсветкой LED;-;22800;s688_
Гостиная;Диван-канапе;Кушетка;180×80 см;пудровый;велюр/дерево;односпальный, ножки массив;-;26400;s689_
Спальня;Шкаф-купе;Берлин;240×60×220 см;дуб сонома;ЛДСП/зеркало;3-дверный, с зеркалом;-;47990;s690_
Гостиная;Шкаф книжный;Оксфорд;240×40×220 см;-;массив дуба;библиотечный;классика;124700;s691_
Гостиная;Шкаф-витрина;Камея;100×40×200 см;белый патина/золото;дерево/стекло;классика;классика;46700;s692_
Кабинет;Подставка под монитор;Бюрократ;-;чёрная;металл/ABS;регулируемая;-;1800;s693_
Декор;Подставка для цветов;Флоренция;-;белый;металл;настенная-полка, 4 кашпо;-;2700;s694_
Гостиная;Кресло-качалка;Глен;-;-;массив бука/ткань;с подушкой, классика, лак;классика;19800;s695_
Гостиная;Столик кофейный;Кокон;D60 см;-;велюр/ЛДСП;круглый, велюр-пуф основание;-;7200;s696_
Спальня;Кровать водяная;Атлантика;180×200 см;-;ЛДСП/экокожа;двуспальная, термостат, подушки-валики;премиум;96700;s697_
Кухня;Домашний бар;Тоскана;80×45×190 см;дуб артизан;ЛДСП/стекло/LED;шкаф-купе, подсветка LED;-;36900;s698_
Гостиная;Журнальный столик;-;80×50 см;дуб сонома;ЛДСП;-;-;5400;s699_
Текстиль;Подушка декоративная;Прага;45×45 см;беж;ткань;с вышивкой;-;1200;s700_
Гостиная;Шкаф книжный;Британика;320×40×240 см;-;массив бука;с лестницей, библиотечный;классика;187900;s701_
Спальня;Кровать;Стокгольм;90×200 см;дуб артизан;ЛДСП/дерево;односпальная, с ящиками;скандинавский;17800;s702_
Кухня;Пенал кухонный;Бергамо-Plus;60×60×220 см;белый/орех;ЛДСП/МДФ;с холодильником встраиваемым;-;67800;s703_
Кабинет;Стол письменный;Премиум;160×80 см;орех/латунь;дерево/металл;с тумбой 3 ящика;-;48700;s704_
Спальня;Шкаф;Турин;150×55×210 см;орех итальянский;ЛДСП;для одежды, 3-створчатый;-;38900;s705_
Спальня;Тумба прикроватная;Эра;50×40×60 см;орех;дерево/МДФ;классическая, с резьбой;классика;9700;s706_
Декор;Пирамида декоративная;Тоскана;15×15×40 см;-;дерево/латунь;набор 3 шт;-;2700;s707_
Декор;Картина модульная;Адриатика;3×50×70 см;-;холст/багет;Морской бриз;-;5400;s708_
Освещение;Светильник настольный;Хюгге;30 см;бежевая;керамика/ткань;с тканевым абажуром;-;1900;s709_
Декор;Скульптура;Аполлон;40 см;белый;искусственный мрамор;бюст;-;5700;s710_
Детская;Кровать;Орхидея;90×180 см;белая/золото;ЛДСП/ткань;детская, с балдахином и короной;детский;28400;s711_
Балкон;Стул складной;Веранда;-;антрацит;металл/текстилен;с подлокотниками;-;3200;s712_
Кухня;Барная стойка;Турин;200×40×105 см;дуб артизан/чёрный;ЛДСП/металл;прямая, с двумя полками;-;38900;s713_
Текстиль;Покрывало;Тоскана;220×240 см;песочный;лён;стёганое, евро;-;5800;s714_
Текстиль;Подушка декоративная;Скандинавия;40×40 см;-;хлопок;графический принт;-;990;s715_
Ванная;Шкаф-пенал;Лазурь;30×25×170 см;белый/дерево;МДФ;подвесной, реверсивные дверцы;-;9800;s716_
Освещение;Бра настенное;Прага;-;-;латунь/стекло;классическое, рожок;классика;3200;s717_
Текстиль;Подушка декоративная;Кокон;45×45 см;пыльно-розовый;велюр;-;-;1100;s718_
Балкон;Шкаф;Патио;80×40×190 см;дуб артизан;ЛДСП;для лоджии, с ящиками для инструмента;-;14800;s719_
Гостиная;Сервант;Палаццо;160×45×190 см;орех/золото;дерево/стекло;с подсветкой, гравированное стекло;классика;78400;s720_
Спальня;Кровать;Эрмитаж;180×200 см;-;массив дуба;с инкрустацией, ручная работа;премиум;1289000;s721_
Декор;Зеркало;Нарцисс;70×100 см;золочёный;дерево/стекло;art, неправильной формы, лепнина;классика;28700;s722_
Гостиная;Стеллаж модульный;Конструктор;-;белый;ЛДСП;6 кубов, горизонтально/вертикально;-;6400;s723_
Детская;Парта детская;Авангард;-;бук/розовый;дерево/металл;с пеналом и стулом;детский;14800;s724_
Спальня;Тумбочка прикроватная;Венеция;50×40×55 см;белый/золото;МДФ/дерево;классика;классика;7800;s725_
Детская;Балдахин;-;-;кремовый;тюль/металл;детский подвесной, с короной;детский;3900;s726_
Декор;Статуэтка;Флоренция;45×15×35 см;бронза;металл;лошадь;классика;5700;s727_
Спальня;Кровать;Виктория;140×200 см;шампань;велюр/ЛДСП;с мягким изголовьем-волной;-;33700;s728_
Гостиная;Сервант;Версаль;180×45×195 см;орех патина;дерево/стекло;с подсветкой, стекло с гравировкой;классика;79800;s729_
Гостиная;Кресло Lounge;Натура;-;-;массив дуба/кожа;классическое, с кожаной подушкой;классика;38700;s730_
Прихожая;Калошница;Прихожая;80×30×100 см;белый матовый;ЛДСП/МДФ;с откидной полкой;-;4700;s731_
Спальня;Шкаф-купе;Модерн;180×60×220 см;белый глянец;ЛДСП/зеркало;с зеркальной вставкой;-;39800;s732_
Ванная;Тумба под раковину;Полярная;60×45×60 см;белый глянец;МДФ;с одним ящиком;-;9700;s733_
Кухня;Полка винная;Венеция;-;-;латунь/металл;подвесная, с держателем бокалов;-;4700;s734_
Балкон;Стул складной;-;-;серый;текстилен/металл;с подлокотниками;-;3400;s735_
Гостиная;Журнальный столик;Конструктор;-;венге;ЛДСП/металл;трансформер;-;12300;s736_
Прихожая;Зеркало;Аделина;60×80 см;белая;МДФ/LED/дерево;с подсветкой LED;-;7400;s737_
Кухня;Модуль нижний;-;60×60 см;белый матовый;ЛДСП/фурнитура;с выдвижными ящиками, серия Стандарт;-;9800;s738_
Гостиная;Диван угловой;Стелла;-;карамель;рогожка/ЛДСП;с ящиком для белья;-;46700;s739_
Гостиная;Сервант;Флоренция;200×45×220 см;патина золото;дерево/стекло/LED;с подсветкой LED и баром;классика;124700;s740_
Декор;Постер интерьерный;Минимализм;50×70 см;-;бумага/дерево;геометрия, рама белая;-;1700;s741_
Освещение;Бра настенное;Тюльпан;-;-;латунь/LED;LED, гибкий рожок;-;3600;s742_
Спальня;Кровать;Меридиан;160×200 см;ясень шимо/белый матовый;ЛДСП/дерево;с тумбами в изголовье;-;39800;s743_
Кабинет;Лампа на струбцине;Лофт;-;чёрный;металл;офисная;лофт;2400;s744_
Текстиль;Плед двусторонний;-;150×200 см;графит/молочный;микрофибра/искусственный мех;-;-;3400;s745_
Гостиная;Витрина;Корсика;100×40×220 см;чёрный глянец;ЛДСП/стекло/зеркало;с подсветкой и зеркальной задней стенкой;-;72800;s746_
Спальня;Кровать-бокс;Альфа;160×200 см;карамель;рогожка/ЛДСП;с боковыми ящиками;-;48900;s747_
Гостиная;Стеллаж напольный;-;70×35×140 см;-;металл/дуб;4 уровня;-;5700;s748_
Текстиль;Подушка декоративная;Премиум;50×50 см;-;бархат/нить;с золотой вышивкой;-;47000;s749_
Спальня;Кровать-татами;Окинава;180×200 см;дуб артизан;дерево/ЛДСП;с встроенными тумбами;-;48400;s750_
Детская;Люстра;Кокон;-;белый;пластик/LED;в детскую, облако с подсветкой;детский;4200;s751_
Гостиная;Диван-канапе;Орхидея;2-местный;-;гобелен/дерево;антикварный, флористика, резные ножки;классика;58700;s752_
Гостиная;Кресло-мешок;Биг;XL;серая;ткань;-;-;3700;s753_
Кухня;Барная стойка;Палермо;180×180×110 см;белый глянец/орех;ЛДСП/МДФ/стекло;угловая, с винным шкафом;-;94800;s754_
Гостиная;Журнальный столик;Прованс;80×50 см;белый состаренный;дерево/МДФ;классика;классика;14400;s755_
Декор;Зеркало;Венеция;50×70 см;белый;МДФ/стекло;с фоторамкой, коллаж 6 фото;-;3400;s756_
Ванная;Корзина для белья;Сиена;35×35×55 см;белый;искусственный ротанг;в ванную;-;3200;s757_
Гостиная;Стеллаж;Лофт;90×35×180 см;-;металл/дерево;5 полок;лофт;9700;s758_
Ванная;Тумба для ванной;Лазурь;100×45×60 см;серый шёлк;МДФ;с двумя ящиками;-;19400;s759_
Кухня;Кофейный столик;Беларус;80×50×45 см;чёрный/белый;металл/мрамор;-;-;8700;s760_
Гостиная;Стеллаж модульный;Конструктор;240×30×220 см;дуб артизан;ЛДСП;стеновой, из 18 кубов;-;36700;s761_
Гостиная;Стеллаж-перегородка;Кокон;-;дуб сонома;ЛДСП;5 ячеек;-;6800;s762_
Гостиная;Кресло-папасан;Бали;D110 см;бежевый;ротанг/велюр;натуральный ротанг;-;18700;s763_
Спальня;Шкаф-купе;Стокгольм;180×60×220 см;дуб артизан;ЛДСП/зеркало;2-дверный;скандинавский;41200;s764_
Гостиная;Диван-канапе;Палаццо;1.5-местный;сапфировый;бархат/металл;ножки золото;классика;42400;s765_
Гостиная;Журнальный столик;Версаль;D90 см;белый/латунь;мрамор/латунь;овальный;классика;38400;s766_
Спальня;Кровать-бокс;Лазурь;140×200 см;графит;велюр/ЛДСП;подъёмное основание;-;42700;s767_
Декор;Часы настенные;Венеция;D45 см;бронза;металл;римские, декоративные;-;3200;s768_
Гостиная;Стеллаж-витрина;-;80×40×200 см;орех/золото;дерево/стекло;стеклянные дверцы;классика;38700;s769_
Спальня;Кровать;Карина;160×200 см;бежевая;рогожка/ЛДСП;с декоративной строчкой;-;34500;s770_
Освещение;Бра;Лофт;-;чёрный;металл;поворотное, E27;лофт;1900;s771_
Декор;Картина-абстракция;Хаос;100×100 см;-;акрил/холст;без рамы, дизайнерская;-;9800;s772_
Кабинет;Кресло-кокон;Гранд;-;графит;рогожка/металл;для учёбы, поворотное, эргономика;-;18700;s773_
Спальня;Кровать;Бордо;140×200 см;чёрный матовый;металл;кованая, кованый узор, ретро;-;38900;s774_
Декор;Поднос декоративный;Флоренция;D40 см;-;дерево/латунь;круглый;классика;2900;s775_
Гостиная;Кофейный столик;-;D70 см;-;мрамор/латунь;круглый, серия Лайт;-;28400;s776_
Детская;Кресло мягкое;Зефир;-;розовый;велюр/ЛДСП;детское, с пуфом, серия мини;детский;14700;s777_
Гостиная;Диван угловой;Стокгольм;280×170 см;серая;рогожка/ЛДСП;левый угол;скандинавский;52400;s778_
Гостиная;Стенка-горка;Венеция;320 см;ясень шимо тёмный/светлый;ЛДСП/стекло;в гостиную;-;48700;s779_
Балкон;Стол складной;Веранда;D60 см;коричневый;искусственный ротанг;круглый;-;4200;s780_
Кухня;Диван кухонный;Карина;150×120 см;серая;рогожка/ЛДСП;угловой;-;15400;s781_
Гостиная;Журнальный столик;-;110×60 см;-;массив дуба;овальный, без серии;-;19400;s782_
Текстиль;Плед;Иней;180×220 см;серебристо-серый;микроплюш;-;-;3100;s783_
Прихожая;Шкаф узкий;Норвегия;50×35×210 см;дуб артизан;ЛДСП/зеркало;с зеркалом;-;14700;s784_
Гостиная;Кресло;Стелла;-;изумрудный;велюр/дерево;каминное, высокая спинка;-;24600;s785_
Гостиная;Шкаф-горка;Тоскана;280 см;состаренный белый;массив сосны;-;классика;52400;s786_
Декор;Шкатулка;Версаль;32×22×14 см;золото;МДФ/зеркало;с патиной и зеркалом внутри;классика;5400;s787_
Ванная;Тумба под умывальник;Полярная;70×45×55 см;белый глянец;МДФ/фурнитура;подвесная, soft-close;-;14700;s788_
Спальня;Кровать;Аделина;160×200 см;тёмно-серый;экокожа/ЛДСП;двуспальная, подъёмный механизм;-;38900;s789_
Кухня;Стул;Берлин;-;графит;велюр/металл;с мягкой спинкой;-;2900;s790_
Спальня;Кровать;Норд;160×200 см;ясень светлый;дерево/ЛДСП;двуспальная;скандинавский;39600;s791_
Кухня;Стул;Дельта;-;-;бук/пластик/металл;обеденный, лак;-;3700;s792_
Детская;Парта-трансформер;Эра;-;голубой;ЛДСП/металл;с пеналом и стулом;детский;17400;s793_
Освещение;Лампа настольная;-;-;белая;LED/пластик;LED;-;18900;s794_
Текстиль;Покрывало плед;Хюгге;130×170 см;молочный;трикотаж;крупная вязка;-;1900;s795_
Кабинет;Шкаф картотечный;Архив;-;серый;металл;2 секции, ключ;-;18900;s796_
Гостиная;Диван угловой;Малибу;-;серый;рогожка/ЛДСП;еврокнижка;-;49900;s797_
Гостиная;Кресло-кокон;-;-;белый;искусственный ротанг/металл;подвесное, с подушками;-;19800;s798_
Текстиль;Подушка декоративная;Прованс;45×45 см;бежевая;лён;с вышивкой;-;1400;s799_
Гостиная;Тумба под ТВ;Меридиан;200×40×45 см;светлый дуб;ЛДСП/шпон;светлый дуб, фасады шпон;-;24800;s800_
Кухня;Бар-витрина;Венеция;100×40×180 см;чёрный/латунь;ЛДСП/стекло/зеркало;с зеркальной задней стенкой;-;42400;s801_
Прихожая;Банкетка;Прага;90×35×45 см;серая;рогожка/ЛДСП;в прихожую;-;5400;s802_
Декор;Подсвечник;Венеция;30 см;цветной;стекло Murano;дизайнерский;-;6700;s803_
Гостиная;Диван-кровать;Айова;200×95 см;тёмно-синяя;рогожка/ЛДСП;еврокнижка;-;37400;s804_
Детская;Шкаф;Зефир;90×50×190 см;розовый/белый;ЛДСП;для одежды, детский;детский;18400;s805_
Декор;Картина;Натура;60×80 см;-;холст/багет;Северный лес;-;3700;s806_
Прихожая;Зеркало напольное;Бергамо;55×170 см;-;шпон ореха/стекло;в раме шпон ореха;-;11400;s807_
Детская;Стол письменный;Авангард;-;белый/мята;ЛДСП/металл;детский растущий, регулируемая столешница;детский;13800;s808_
Спальня;Зеркало-трюмо;Орхидея;80×40×155 см;белый/розовое золото;МДФ/стекло;классическое, с пуфом;-;26700;s809_
Гостиная;Витрина-горка;Кремона;70×70×210 см;светлый ясень/стекло;дерево/стекло;угловая, гранёное стекло;-;54200;s810_
Спальня;Комод;Венеция;100×50×90 см;белый/золото;МДФ/дерево;4-ящичный;классика;28400;s811_
Спальня;Шкаф-купе;Стокгольм;160×60×220 см;дуб артизан;ЛДСП/зеркало;2-дверный;скандинавский;36900;s812_
Гостиная;Журнальный столик;Натура;100×55 см;-;массив бука;со скруглёнными углами;-;18900;s813_
Кабинет;Кресло;Эпсилон;-;чёрный;сетка/ткань/кожа/экокожа;офисное;-;14800;s814_
Спальня;Комод;Барселона;90×40×100 см;чёрный матовый/латунь;ЛДСП/металл;3-ящичный, с дверцей;-;34800;s815_
Текстиль;Подушка декоративная;Иней;50×50 см;серебряный;искусственный мех;-;-;1700;s816_
Спальня;Кровать;Стокгольм;160×200 см;-;массив берёзы;каркасная;скандинавский;46700;s817_
Кабинет;Стол компьютерный;Лофт;140×120 см;графит;ЛДСП/металл;угловой, металлокаркас;лофт;18900;s818_
Декор;Гобелен настенный;Тоскана;80×120 см;-;ткань/дерево;флористика, багет узкий;-;5400;s819_
Гостиная;Шкаф-витрина;Меран;110×40×210 см;орех/золото;дерево/стекло;с витринным стеклом;классика;52800;s820_
Гостиная;Сервант;Луара;120×45×180 см;орех/патина;дерево/стекло/LED;классика, подсветка LED;классика;43900;s821_
Кухня;Модуль кухонный;Палермо-Lux;60×60×90 см;графит/дуб артизан;ЛДСП/МДФ;с встраиваемой духовкой;-;42500;s822_
Кабинет;Стол письменный;-;60×40×60 см;серый;ЛДСП/велюр;эргономический;-;17400;s823_
Гостиная;Диван-кровать;Венский;200×90 см;пыльно-розовая;рогожка/ЛДСП;клик-кляк;-;42700;s824_
Гостиная;Журнальный столик;Орбита;D70 см;-;мрамор каррара/латунь;мраморный, круглый;-;28700;s825_
Ванная;Тумба под умывальник;Капри;60×45×55 см;-;бамбук/металл;эко-стиль;-;13800;s826_
Гостиная;Кресло Lounge;Капри;-;бирюзовая;ротанг/ткань;из ротанга, с подушкой;-;19800;s827_
Гостиная;Диван угловой;Луара;280×170 см;серая;рогожка/ЛДСП;еврокнижка, ниша для белья;-;58900;s828_
Декор;Картина;Северянин;50×70 см;-;холст/дерево;Морошка, масло, натуральный багет;-;4700;s829_
Детская;Шкаф;Феникс;-;мятный/белый;ЛДСП;для игрушек, 3-секционный, открытые полки;детский;15700;s830_
Освещение;Гирлянда LED;-;3 м;тёплый белый;LED/медь;батарейная, медный провод;-;800;s831_
Прихожая;Зеркало напольное;Камея;55×170 см;бронза с патиной;металл/стекло;в раме барокко;классика;15800;s832_
Спальня;Шкаф;Версаль;200×60×240 см;белый/золото;ЛДСП/МДФ;4-створчатый;классика;94700;s833_
Кухня;Стул банкетный;Наполеон;-;серебро;поликарбонат;прозрачный, для свадеб;-;2900;s834_
Спальня;Кровать водяная;Лазурь;180×200 см;белая;экокожа/ЛДСП;раздельное управление сторон;премиум;102800;s835_
Ванная;Шкаф навесной;Лазурь;30×25×70 см;дуб артизан;ЛДСП/зеркало;одностворчатый, с зеркалом;-;5700;s836_
Декор;Ваза декоративная;Венеция;45 см;прозрачное/золото;стекло;с золотой росписью;-;3800;s837_
Освещение;Лампа настольная;Берлин;-;белая;пластик/LED;сенсорная LED;-;2900;s838_
Кабинет;Стол письменный;Берлин;130×60 см;белый/дуб сонома;ЛДСП;с тумбой и 3 ящиками;-;15600;s839_
Спальня;Кровать;Дрезден;140×200 см;графит;велюр/ЛДСП;с мягким изголовьем;-;31500;s840_
Спальня;Кровать;Сириус;120×200 см;серый;велюр/ЛДСП;полутораспальная, с ящиками;-;26700;s841_
Декор;Статуэтка;Журавль;50 см;бронзовая патина;металл;набор 2 шт, дизайнерская;-;6700;s842_
Спальня;Туалетный столик;Камелия;70×35×130 см;белый/розовое золото;МДФ/стекло;серия мини, с зеркалом;-;17900;s843_
Детская;Кровать-чердак;Сириус;90×200 см;серый/голубой;ЛДСП/металл;с диваном и столом;детский;42900;s844_
Гостиная;Шкаф-горка;Лион;320×45×200 см;орех итальянский;дерево/стекло;с витринным стеклом;-;58900;s845_
Гостиная;Шкаф книжный;Бельгия;180×35×220 см;орех итальянский;дерево;открытый, без дверей;-;52400;s846_
Спальня;Шкаф угловой;Прованс;100×100×220 см;белый с патиной;ЛДСП/МДФ;классика;классика;42800;s847_
Гостиная;Кресло-мешок;Облако;100×80 см;бежевая;водоотталкивающая ткань;L;-;3700;s848_
Кабинет;Кресло компьютерное;Бергамо;-;красная;сетка/металл;поясничный упор, газлифт класс 4;-;14900;s849_
Гостиная;Кресло Lounge;Палермо;-;горчичный;велюр/дерево;с пуфом, ножки массив;-;31700;s850_
Гостиная;Кресло-качалка;Прованс;-;белая патина;массив бука;классика;классика;22800;s851_
Кухня;Стол фуршетный;-;180×80×110 см;белая;металл/ткань;складной, для свадеб и банкетов;-;6700;s852_
Гостиная;Кресло-реклайнер;Палермо;-;кофейный;кожа PU/металл;Lounge, поворотное, ручной;-;39800;s853_
Текстиль;Покрывало;-;240×260 см;шоколадный/золото;велюр;евро, с золотой строчкой;-;8700;s854_
Декор;Часы настольные;Тоскана;25×15×30 см;-;дерево/металл;с маятником;-;3800;s855_
Ванная;Тумба под умывальник;Аква;60×45×60 см;белый глянец;МДФ;подвесная;-;13400;s856_
Гостиная;Журнальный столик;Меридиан;D90 см;-;бук бавария;круглый, из массива;классика;27800;s857_
Освещение;Торшер;Лофт;170 см;чёрный;металл/ткань;напольный, абажур цилиндр;лофт;7800;s858_
Спальня;Кровать;Аделина;160×200 см;орех/патина;дерево/ЛДСП;с тумбами в изголовье;классика;46800;s859_
Спальня;Шкаф;Милан;150×55×210 см;дуб сонома;ЛДСП;3-створчатый, распашной;-;33700;s860_
Гостиная;Диван-канапе;Стокгольм;2-местный;молочная;рогожка/бук;ножки бук;скандинавский;38700;s861_
Декор;Подставка под журналы;Флоренция;30×25×40 см;латунь;металл;винтаж;-;3200;s862_
Гостиная;Банкетка;Атриум;150×40×45 см;коричневая;экокожа/металл;ножки металл;-;9700;s863_
Кабинет;Кресло компьютерное;Бергамо;-;бежевая;сетка/металл;поясничный упор, газлифт класс 4;-;14900;s864_
Балкон;Скамья-сундук;Веранда;100×40×45 см;белый;ЛДСП;балконная, с хранением;-;7400;s865_
Прихожая;Вешалка-стойка;Лофт;-;чёрная;металл;напольная, металлическая;лофт;2700;s866_
Гостиная;Стеллаж стеновой;Сканди;180×30×210 см;ясень светлый;ЛДСП/дерево;8 ячеек;скандинавский;19800;s867_
Освещение;Люстра подвесная;Феникс;-;медь/янтарное;металл/стекло;5 ламп;-;13800;s868_
Гостиная;Банкетка;Версаль;200×40×50 см;золотистый;бархат/дерево;ножки резные;классика;22400;s869_
Детская;Стул-трансформер;Школьник;-;-;бук/ткань;детский растущий;детский;5400;s870_
Гостиная;Банкетка;Орхидея;170×40×45 см;пыльно-розовый;бархат/металл;ножки гнутые;-;13700;s871_
Гостиная;Диван-канапе;Аделаида;1.5-местный;фуксия;велюр/металл;ножки золото;классика;38900;s872_
Балкон;Стол-консоль;Терраса;70×35 см;белый матовый;ЛДСП/металл;откидной, настенный;-;3400;s873_
Спальня;Шкаф;Милан;150×55×210 см;ясень шимо тёмный;ЛДСП;3-створчатый, распашной;-;33700;s874_
Спальня;Шкаф-купе;Венский;180×60×220 см;дуб сонома;ЛДСП/зеркало;3 зеркала;-;47800;s875_
Декор;Ваза декоративная;Венеция;40 см;белый кракелюр/золото;керамика;амфора;классика;4200;s876_
Гостиная;Сервант;Лион;150×45×190 см;ясень шимо тёмный;ЛДСП/стекло;с подсветкой, стеклянные дверцы;-;46700;s877_
Кухня;Стол обеденный;Равенна;D120 см;капучино матовый;МДФ/металл;круглый, раздвижной;-;31900;s878_
Гостиная;Журнальный столик;Модерн;110×60 см;прозрачный/хром;стекло/металл;стеклянный;-;11400;s879_
Декор;Зеркало;Облако;90×70 см;неоновый розовый;МДФ/LED/стекло;art, рама с подсветкой LED;-;24800;s880_
Прихожая;Полка-консоль;Лофт;-;-;металл/дерево;для прихожей, с крючками;лофт;3900;s881_
Гостиная;Диван-кровать;Цюрих;240×110 см;оливковый;велюр/ЛДСП;трансформер, аккордеон;-;62800;s882_
Гостиная;Журнальная группа;Палермо;-;серый;мрамор/велюр;стол + 2 пуфа;-;24700;s883_
Ванная;Тумба под умывальник;Адриатика;60×45×55 см;белый глянец;МДФ/фурнитура;с подсветкой, soft-close;-;17800;s884_
Кухня;Стул обеденный;Кантри;-;натуральный;массив сосны/лак;с подлокотниками, лак;-;6700;s885_
Декор;Постер;Скандинавия;40×60 см;пастель;бумага/дерево;абстракция, в раме светлый дуб;скандинавский;1400;s886_
Спальня;Кровать водяная;Бриз;140×200 см;кофейный;экокожа/ЛДСП;полутораспальная, с подогревом;-;72400;s887_
Декор;Картина;Манхэттен;80×120 см;-;холст/дерево;Бруклинский мост, фактурный багет;-;7800;s888_
Спальня;Зеркало-трюмо;Аделина;90×45×170 см;белый/золото;МДФ/стекло/LED;с тумбой и подсветкой;-;31700;s889_
Прихожая;Зеркало напольное;Меран;60×180 см;-;шпон ореха/стекло;в раме шпон ореха;-;14700;s890_
Гостиная;Стеллаж;Лофт;80×35×170 см;-;металл/дуб;напольный, 5 уровней;лофт;7400;s891_
Кабинет;Шкаф книжный;Сканди;120×30×60 см;ясень светлый;ЛДСП/дерево;подвесной, на 3 уровня;скандинавский;8700;s892_
Текстиль;Покрывало;-;220×240 см;бордовый/золото;гобелен;с орнаментом, серия Стандарт;-;7200;s893_
Гостиная;Журнальный столик;Карерра;120×60 см;белый/латунь;мрамор/латунь;прямоугольный;-;42700;s894_
Гостиная;Сервант;Луара;140×45×185 см;орех;дерево/стекло;с подсветкой, стеклянные дверцы;классика;47200;s895_
Освещение;Лампа настольная;Прага;-;зелёный/бронза;металл/стекло;с зелёным стеклянным абажуром, библиотечная;классика;5700;s896_
Гостиная;Диван;Колумбия;240×100 см;белая;экокожа/металл;П-образный, реклайнер ручной;-;78400;s897_
Ванная;Корзина для белья;Лазурь;60×30×60 см;-;бамбук;2-секционная;-;4400;s898_
Гостиная;Диван прямой;Манчестер;220×95 см;серый меланж;шенилл/ЛДСП;еврокнижка;-;38700;s899_
Спальня;Кровать водяная;Лагуна;160×200 см;белая;экокожа/ЛДСП;одноконтурная, премиум;премиум;78400;s900_
Кухня;Стул банкетный;Кьявари;-;золотая отделка;бук/ткань;из бука с подушкой, торжественный;-;3700;s901_
Спальня;Кровать водяная;Морё;180×200 см;графит;экокожа/дерево;с подогревом, скандинавский каркас;скандинавский;88400;s902_
Ванная;Тумба под умывальник;Бергамо;80×45×55 см;белый матовый;МДФ;с двумя ящиками;-;17200;s903_
Кухня;Стол кухонный;Эконом;80×60 см;белый;ЛДСП/металл;металлические ножки;эконом;3700;s904_
Гостиная;Диван прямой;Дублин;200×90 см;зелёная;рогожка/ЛДСП;аккордеон;-;34200;s905_
Гостиная;Шкаф-горка;Палаццо;320×45×210 см;орех/золото;дерево/стекло;классика, с резьбой;классика;67400;s906_
Спальня;Зеркало-трюмо;Стокгольм;70×40×150 см;дуб артизан;ЛДСП/стекло;простое, с тумбой;скандинавский;19700;s907_
Гостиная;Журнальный столик;Палаццо;110×65 см;чёрный/золото;мрамор/металл;овальный;-;39400;s908_
Гостиная;Кресло-реклайнер;Капитан;-;кофейный;кожа PU/металл;электрическое, с массажем;-;67400;s909_
Кухня;Стул обеденный;Венеция;-;-;массив бука/ткань;из массива, мягкое сиденье;-;3400;s910_
Гостиная;Сервант;Палаццо;160×45×190 см;-;массив дуба/LED;с подсветкой LED;классика;72400;s911_
Гостиная;Стенка-горка;Стокгольм;280 см;дуб артизан/белый матовый;ЛДСП/стекло;модульная;скандинавский;44800;s912_
Детская;Туалетный столик;-;70×35×120 см;белый с цветочными ручками;ЛДСП/МДФ;детский;детский;13700;s913_
Детская;Кровать-чердак;Сириус;90×200 см;белый/серый;ЛДСП/металл;подростковая, со столом и шкафом;детский;39800;s914_
Спальня;Кровать;Аврора;140×200 см;пудровый;велюр/ЛДСП;мягкое изголовье капитоне;-;32400;s915_
Гостиная;Стеллаж модульный;Конструктор;200×30×220 см;белый;ЛДСП;стеновой, из 12 кубов;-;28400;s916_
Спальня;Шкаф;Эконом;80×52×200 см;дуб сонома;ЛДСП;2-створчатый;эконом;14200;s917_
Освещение;Бра;Аметист;-;-;хрусталь/латунь;2-рожковое, настенное;-;6800;s918_
Спальня;Шкаф;Милан;150×55×210 см;белый матовый;ЛДСП;3-створчатый, распашной;-;33700;s919_
Кухня;Стол обеденный;Равенна;D120 см;графит матовый;МДФ/металл;круглый, раздвижной;-;31900;s920_
Кухня;Винная стойка;Тоскана;60×15×40 см;дуб артизан;ЛДСП/дерево;настенная, на 8 бутылок;-;3400;s921_
Гостиная;Кресло;Лион;-;горчичный;велюр/дерево;классическое, каретная стяжка, ножки массив;классика;28700;s922_
Детская;Стол письменный;Малыш;-;розовый;ЛДСП/МДФ;детский, с пеналом и ящиками;детский;9800;s923_
Спальня;Тумбочка прикроватная;Бергамо;50×40×55 см;белый патина/золото;МДФ/дерево;классика;классика;7400;s924_
Кухня;Модуль верхний;Палермо;80×30×72 см;серый кашемир;ЛДСП/МДФ;угловой;-;7400;s925_
Гостиная;Кресло Lounge;Бергамо;-;пыльно-розовый;бархат/металл;с подушкой-валиком;-;26700;s926_
Спальня;Кровать водяная;Океания;180×200 см;графит;экокожа/ЛДСП;с системой памяти веса;премиум;112800;s927_
Кухня;Табурет барный;Эконом;-;дуб;ЛДСП;нерегулируемый;эконом;1900;s928_
Освещение;Бра;Полярная;-;белый матовый;металл/LED;LED, регулировка яркости, IP44;-;3400;s929_
Спальня;Туалетный столик;Ариэль;100×40×140 см;белый глянец;МДФ/стекло/LED;с зеркалом и подсветкой LED;-;22800;s930_
Гостиная;Кресло акцентное;Кокон;-;горчичный;велюр/металл;-;-;14900;s931_
Декор;Подставка для цветов;Тоскана;80 см;бежевая;ротанг;из ротанга, 3 уровня;-;4400;s932_
Ванная;Тумба под умывальник;Адриатика;80×45×55 см;белый глянец;МДФ/керамика;с раковиной в комплекте;-;24800;s933_
Гостиная;Тумба под ТВ;Беверли;180×40×50 см;орех/латунь;шпон ореха/металл;ножки латунь;-;24500;s934_
Декор;Картина;-;100×70 см;-;холст/дерево;Тосканские холмы, багет дерево;-;5800;s935_
Кухня;Чехол для стула;Кьявари;-;белый/золото;сатин/ткань;для банкетного стула, с бантом;-;390;s936_
Спальня;Кровать;Меридиан;160×200 см;серый;велюр/ЛДСП;двуспальная, изголовье каретная стяжка;-;42600;s937_
Освещение;Светильник потолочный;Премиум;-;-;хрусталь/латунь;8 ламп E14;классика;28700;s938_
Спальня;Кровать-софа;Сириус;90×190 см;графитовая;рогожка/ЛДСП;подъёмный механизм;-;23700;s939_
Балкон;Стульчик складной;-;-;кофе;искусственный ротанг;для балкона;-;2800;s940_
Гостиная;Стенка-горка;Лион;320 см;ясень шимо/венге;ЛДСП/стекло/LED;модульная, подсветка;-;54600;s941_
Гостиная;Кресло гостевое;Барселона;-;сапфировый;бархат/дерево;с подлокотниками;-;19400;s942_
Гостиная;Сервант;Тоскана;140×45×180 см;состаренный белый;массив сосны;-;классика;42800;s943_
Кухня;Подставка-полка;Венеция;30×15×25 см;дуб артизан;ЛДСП/дерево;настольная, для специй;-;1700;s944_
Спальня;Шкаф-купе;Кёльн;200×60×220 см;дуб сонома;ЛДСП/зеркало;с зеркалом, 3-дверный;-;42800;s945_
Спальня;Кровать;Орхидея;160×200 см;венге;ЛДСП;подъёмный механизм;-;27500;s946_
Прихожая;Шкаф для обуви;Прихожая;60×30×120 см;белый;ЛДСП/МДФ;с откидными секциями;-;7800;s947_
Декор;Зеркало;Каприз;60×80 см;-;МДФ/стекло/кристаллы;art, волнистый контур, патина;-;22400;s948_
Спальня;Кровать;Кокон;120×200 см;серо-голубой;велюр/ЛДСП;полутораспальная;-;26800;s949_
Гостиная;Кресло-реклайнер;Глория;-;беж;рогожка/металл;с поворотной базой, механический;-;28700;s950_
Гостиная;Диван угловой;Прага;-;коричневая;экокожа/ЛДСП;с оттоманкой;-;57800;s951_
Декор;Зеркало;Солнце;D80 см;-;латунь/стекло;art, круглое, с лучами, дизайнерское;-;19700;s952_
Балкон;Шкаф;Альпина;60×50×180 см;белый;ЛДСП;балконный, 2 секции;-;9700;s953_
Кухня;Стол обеденный;Венеция;D110 см;-;массив бука;круглый;-;28700;s954_
Гостиная;Кресло;Бостон;-;графит;рогожка/дерево;с подлокотниками;-;13700;s955_
Гостиная;Банкетка;Альпы;80×35×45 см;серая;рогожка/бук;ножки бук;-;5700;s956_
Спальня;Кровать;Невада;160×200 см;орех;массив сосны;-;-;36700;s957_
Декор;Постер;Стокгольм;50×70 см;чёрно-белый;бумага/дерево;минимализм, в раме;-;1600;s958_
Гостиная;Диван-канапе;Тоскана;2-местный;натуральный;лён/дерево;ножки массив бука;-;42700;s959_
Ванная;Тумба под раковину;Сиена;90×45×55 см;белый матовый;МДФ/фурнитура;подвесная, soft-close;-;16800;s960_
Гостиная;Кресло клубное;Бостон Club;-;тёмно-зелёная;кожа честерфилд/дерево;low-back;-;78400;s961_
Спальня;Кровать-бокс;Балтика;160×200 см;серый;велюр/ЛДСП;пружинный блок независимый;-;54900;s962_
Спальня;Зеркало-трюмо;Тиффани;80×40×160 см;белый/цветной;МДФ/стекло;с витражной отделкой;-;28700;s963_
Гостиная;Диван прямой;Прованс;230×95 см;-;гобелен/дерево;классика, резные ножки, флористика;классика;87400;s964_
Гостиная;Кресло-кокон;Эгг;-;зелёный;велюр/металл;подвесное, chair на ножке;-;47800;s965_
Текстиль;Подушка декоративная;Шанхай;50×50 см;изумрудный;шёлк;с кистями, набор 2 шт;-;4500;s966_
Гостиная;Шкаф книжный;Прованс;80×80×220 см;белый с патиной;ЛДСП/МДФ;угловой;классика;47800;s967_
Гостиная;Сервант;Аделаида;130×45×180 см;ясень шимо светлый;ЛДСП/стекло;с подсветкой;классика;42600;s968_
Гостиная;Кресло-реклайнер;Атлант;-;коричневая;натуральная кожа/металл;электропривод, USB;-;112800;s969_
Гостиная;Витрина-горка;Палермо;80×80×220 см;дуб артизан/стекло;ЛДСП/стекло/LED;угловая, с подсветкой;-;68900;s970_
Спальня;Шкаф-купе;-;240×60×220 см;белый/чёрный венге;ЛДСП/зеркало;3-дверный, зеркало;-;42700;s971_
Хозтовары;Ящик поделочный;Лион;45×30×20 см;орех/золото;дерево;с инкрустацией;-;4400;s972_
Балкон;Стол складной;Патио;80×50 см;кофе;тик/металл;прямоугольный;-;5400;s973_
Ванная;Полка-этажерка;Сиена;60×25×80 см;-;бамбук/металл хром;в ванную, 3-ярусная;-;3900;s974_
Кухня;Стол обеденный;Прага;160×90 см;-;массив дуба/лак;раздвижной, тёмный лак;-;48700;s975_
Освещение;Бра;Сириус;-;чёрный/латунь;металл/LED;поворотное, с диммером;-;3900;s976_
Сад;Кресло-шезлонг;-;-;-;тик;садовое, складное, для террасы;-;18400;s977_
Гостиная;Диван-книжка;Эконом;2-местный;серая;рогожка/ЛДСП;прямой;эконом;15800;s978_
Текстиль;Подушка;Шанхай;60×60 см;чёрный/золото;шёлк;с вышивкой, дракон;-;3700;s979_
Спальня;Кровать;Прима;160×200 см;дуб сонома;ЛДСП;с ящиком, эконом;эконом;21400;s980_
Кухня;Домашний бар;Флоренция;60×40×120 см;орех/золото;дерево/стекло;компактный;классика;28700;s981_
Гостиная;Диван;Стокгольм;3-местный;белый/серый;экокожа/ткань/бук;ножки бук;скандинавский;39700;s982_
Текстиль;Плед;Шотландия;150×200 см;красно-зелёная;шерсть;клетка;классика;4200;s983_
Ванная;Тумба под умывальник;Орхидея;75×45×55 см;белый патина;МДФ/дерево;с одной дверцей;-;13800;s984_
Освещение;Светильник точечный;-;-;чёрный;металл/LED;GU10 поворотный, комплект 4 шт;-;1800;s985_
Кухня;Кухонный уголок;Берлин;130×80 см;бежевый;кожзам/ЛДСП;правый/левый;-;14800;s986_
