product_name;price_rub
Арт. ЯР-PL-B16 ящик пластик. с колёсами 60х40х35 45л синий, тм Алтек;1400
Арт. СТЖ-906-C58 «Аделина» столик журн. 90х50х45 МДФ глянец, тм Lazurit;6200
Арт. БАН-1004-C80 «Брест» банкетка 100х35х45 ткань микровельв. беж., тм Anrex;5400
Арт. ЗЕР-6080-C56 «Стокгольм» зеркало настен. 60х80 рама д.сонома, тм Anrex;4400
Арт. ПР-1206-781 прихожая модул. «Аркада» 120х30х205 ЛДСП дуб, тм Сокол;19800
Арт. КОМ-705-943 «Капитошка» комод детск. 4-ящ 70х40х80 бел./розов., тм Mr. Doors;8700
Арт. ОБВ-1004-B32 обувница 5-секц. 100х25х100 ЛДСП венге, тм Икар;7200
Арт. МТР-1620-F21 матрас «Promtex Silver» 160х200 пружин. 5 зон, тм Promtex;31800
Арт. БАН-1004-C34 «Прованс» банкетка 100х40х48 ткань льняная беж., тм Лером;7600
Арт. ТУС-1004-B67 «Стокгольм» туал.столик 100х45х80 ЛДСП д.сонома, тм Anrex;12800
Арт. ДЕТ-ЮН-016 «Юниор» пуф детск. с ящ. 40х40х42 ткань бирюз., тм Любимый дом;3200
Арт. ДУ-2602-807 диван угл. «Каир» дельфин рогожка тёмн.серая, тм Pushe;58400
Арт. ШК-2106-185 шкаф-купе 4-дв. 210х60х220 зерк. венге, тм Hoff;42800
Арт. КО-TC-D96 «Tetchair Pilot» кресло геймер. экокожа RGB чёрн., тм Tetchair;19800
Арт. ДУ-3001-C23 «Манхэттен» диван угл. модул. кожа коричн., тм Сонум;87800
Арт. КОМ-1305-B65 «Орхидея» комод XL 130х45х100 ЛДСП дуб мол., тм Лером;17800
Арт. ОБ-1808-E37 стол обед. раздв. 180-220х90 массив дуб, тм Mebelain;38400
Арт. ШП-2206-563 «Премиум» шкаф плат. 4-дв. 220х65х225 шпон, тм Лером;87400
Арт. МТР-1820-A73 матрас «Vegas Soft» 180х200 беспруж. пена мемори, тм Vegas;33400
Арт. КВ-09015 ковёр прикров. 90х150 шерсть классик беж., тм Витебск;4200
Арт. ТВ-1204-555 тумба ТВ 120 ЛДСП бел.глян., тм Eltap;6900
Арт. ТВ-1804-011 тумба ТВ угл. 180х50х50 ЛДСП венге, тм Сокол;9100
Арт. ПЛ-ВЛ-932 плед велюр 150х200 однотонный графит, тм Этель;2400
Арт. КАК-7575-D42 кресло «Аскона Меган» вращ. велюр графит, тм Аскона;19800
Арт. КОМ-1205-E59 комод 5-ящ 120х45х95 МДФ белый матов., тм Lazurit;180
Арт. ЗЕР-5070-C79 «Брест» зеркало с полк. 50х30х110 ЛДСП белый, тм Anrex;4200
Арт. КГ-OS-B55 кухонн. остров «Кантри» 100х80х90 МДФ беж., тм Stolline;32400
Арт. КО-BR-A91 «Бюрократ T-995» кресло руковод. кожа коричн. хром, тм Бюрократ;24800
Арт. ШП-1506-660 «Норд» шкаф плат. 3-дв. 150х60х220 артизан, тм Anrex;31200
Арт. КВ-16023 ковёр вискоза 160х230 модерн серый, тм Меринос;9200
Арт. МТР-1820-F19 матрас «Optima Plus» 180х200 пружин. независим. зональный, тм Аскона;25800
Арт. КШ-1006-764 «Атриум» шкаф книжн. модул. 100х35х210 венге, тм Mebelain;18400
Арт. ШП-1606-B66 «Карина» шкаф плат. 3-дв. 160х60х225 МДФ графит, тм Lazurit;48700
Арт. СТ-1206-C93 стол письм. 120х60 ЛДСП венге, тм Anrex;5100
Арт. КОМ-1205-252 комод 6-ящ 120х40х95 ЛДСП венге, тм Anrex;11800
Арт. МДУЛ-806-A40 «Гранд» модуль шкаф узк. 80х40х210 МДФ глянец бел., тм Hoff;14400
Арт. БАН-1004-966 «Лагуна» банкетка 100х40х48 экокожа белая, тм Anrex;7400
Арт. ДУ-2801-606 «Малибу» диван угл. еврокн. рогожка серый;52400
Арт. ВТ-606-218 вешалка напольн. метал. чёрн. 60х170, тм Икар;2400
Арт. КОМ-805-F08 «Версаль» комод 3-ящ 80х45х80 МДФ глянец сл.кость, тм Lazurit;14800
Арт. ДЕТ-TET-013 «Tetris» комод 5-ящ 100х40х95 ЛДСП дуб артизан, тм Mr Doors;12400
Арт. КО-868-007 «Бюрократ CH-868» кресло офисн. сетка синяя;7600
Арт. КО-CHR-D93 «Chairman 736» кресло посет. ткань серая (2 шт), тм Chairman;5800
Арт. СТ-1306-711 «Стокгольм» стол письм. 130х60 ЛДСП дуб сонома, тм Anrex;6800
Арт. ШП-1806-F26 шкаф плат. 4-дв. 180х60х230 ЛДСП белый, тм Лазурит;48700
Арт. КШ-8060-D70 шкаф кух. навесн. 80х30х72 ЛДСП дуб сонома, тм Сокол;3700
Арт. ДН-2400-D24 диван прям. «Аскона Лагуна» еврокн. шенилл капучино, тм Аскона;62400
Арт. ВТ-806-B30 вешалка-стойка дерев. дуб с крючк. 80х175, тм Икар;3800
Арт. МТР-0920-D10 матрас «Vegas Soft» 90х200 беспруж. пена мемори, тм Vegas;16800
Арт. БАН-1104-C73 «Гомель» банкетка обув. 110х35х48 ткань серая, тм Anrex;5800
Арт. ДЕТ-ШК-020 «Школьник» уголок школьн. 120х60 с полк. беж., тм Любимый дом;13800
Арт. ЛНП-200-E13 торшер LED 200 см smart RGB управл. с тлф., тм Navigator;8400
Арт. КП-2006-785 компл. прихож. «Скандик» 200х35х215 ЛДСП белый, тм Икар;31700
Арт. МТР-1620-A66 матрас «Optima» 160х200 пружин. независим. эконом, тм Аскона;19800
Арт. ШО-1806-385 шкаф офисн. ЛДСП 180х40х200 дуб, тм Бюрократ;14700
Арт. ТУС-1104-705 «Орхидея» туал.столик 110х45х80 МДФ дуб мол., тм Лером;17400
Арт. БАН-1004-707 «Орхидея» банкетка 100х40х48 ткань пыльн.роза, тм Лером;7800
Арт. КР-1820-117 кровать дв. 180х200 ЛДСП белый ортопед.осн., тм Mr. Doors;28400
Арт. ШК-1806-174 шкаф-купе 3-дв. 180х60х220 ЛДСП белый, тм Hoff;33700
Арт. ШО-1206-B45 шкаф архивн. 120х40х200 ЛДСП венге, тм Бюрократ;15800
Арт. КР-0820-951 «Школьник» кровать-чердак 80х190 ЛДСП бук/зелён., тм Любимый дом;19800
Арт. ЛН-USB-911 лампа дет. ночник звёзды LED USB пластик, тм Camelion;1100
Арт. КШ-9080-A13 шкаф кух. напольн. сушка 90х60х85 МДФ беж., тм Stolline;8900
Арт. ШП-2006-724 «Карина» шкаф плат. 5-дв. 200х60х230 МДФ графит, тм Lazurit;67800
Арт. КО-815-099 кресло руковод. экокожа чёрн. хром, тм Бюрократ;13700
Арт. БС-4080-871 стул барн. вращ. 40х40х80 метал. чёрн. сидение ясень, тм Tetchair;4400
Арт. ШК-2406-022 «Берлин» шкаф-купе 3-дв. зерк. 240х60х220 д.сонома, тм Hoff;45900
Арт. МТР-0820-D05 матрас «Vita Plus» 80х200 пружин. независим. латекс, тм Орматек;22400
Арт. ПР-ИКР-015 «Норд» банкетка обув. 80х35х48 ткань серая, тм Икар;5200
Арт. ТУС-1104-C16 «Лион» туал.столик 110х45х80 ЛДСП артизан, тм Mr. Doors;13800
Арт. ССТ-805-505 «Лофт» стеллаж 80х30х180 5 полок метал.кар., тм Eltap;9700
Арт. ДН-2200-801 диван прям. «Норд» еврокниж. рогожка серая, тм Hoff;42800
Арт. ОБ-1408-070 стол обед. 140х80 МДФ белый глянец, тм Stolline;14800
Арт. ПР-ANR-D77 «Гомель» зеркало с полк. 60х30х110 ЛДСП дуб, тм Anrex;5800
Арт. КОМ-1304-723 «Карина» комод 5-ящ 130х45х95 МДФ графит, тм Lazurit;21400
Арт. МТР-1520-D19 матрас «Promtex Silver» 150х200 пружин. 5 зон, тм Promtex;28400
Арт. МТР-1620-E60 матрас «Vegas Soft» 160х200 беспруж. пена мемори, тм Vegas;2890
Арт. ДЕТ- «Tetris» стол письм. трансформ. 120х65 ЛДСП дуб артизан, тм Mr. Doors;14200
Арт. ШК-2406-747 «Флоренция» шкаф-купе 3-дв. 240х65х230 ясень шпон, тм Mebelain;78400
Арт. БАН-1204-174 банкетка с обув. 120х35х50 ЛДСП венге, тм СБК;6900
Арт. ДН-2200-D37 диван прям. «Eltap Орегон» еврокн. рогожка терракот, тм Eltap;42700
Арт.   стол письм. 120х60 ЛДСП белый, тм Anrex;5200
Арт. ПР-ИКР-D80 «Норд XL» прихожая модул. 200х30х215 ЛДСП белый, тм Икар;32400
Арт. ВН-АКТ-E51 «Лондон» комплект ванный тумба+зеркало, тм Mebelain.;28400
Арт. ВН-ГРЦ-017 «Прованс» тумба под раков. 70х45х85 МДФ беж., тм Грация;15800
Арт. СТО-1407-429 стол офисн. с тумб. 140х70 ЛДСП бел., тм Бюрократ;11700
Арт. МТР-1820-835 матрас «Премиум» 180х200 латекс натур. 7 зон, тм Аскона;52800
Арт. БС-4585-873 стул барн. со спин. 45х40х85 экокожа коричн. хром, тм Tetchair;5400
Арт. ЛТ-LED-E08 светильник потолоч. LED 36Вт круг. ультратонк., тм Camelion;1800
Арт. ЗЕР-6080-993 зеркало настен. круг. d80 рама метал. золото, тм Икар;7800
Арт. ТП-4540-A19 «Орхидея» тумба прикров. подвесн. 45х40х25 дуб мол., тм Лером;5800
Арт. ДУ-2602-303 диван угл. «Прованс» дельфин ткань голуб., тм Eltap;48700
Арт. МТР-1820-841 матрас «Мульти» 180х200 пружин. зональный 5 зон, тм Promtex;29800
Арт. ЯР-А4-107 ящик архивн. картон А4 35х25х30 (5 шт), тм Практик;1200
Арт. ПР-СКЛ-014 «Атриум» зеркало с полк. 50х30х100 ЛДСП венге, тм Сокол;4900
Арт. ДКР-RG-014 картина «Морской пейзаж» холст 70х50 см, тм Royal Garden;3800
Арт. ПР-ИКР-008 «Минимал» обувница 60х25х95 ЛДСП белый мат., тм Икар;4400
Арт. КОМ-1105-962 «Лагуна» комод 5-ящ 110х45х95 МДФ глянец бел., тм Anrex;17400
Арт. ТРН-BS-007 «BS-2200» степпер с эспанд. дисплей, тм Body Sculpture;8900
Арт. ТРН-DFC-009 «E1000» эллипс магнит. компакт. 7 програм., тм DFC;26400
Арт. ЛТ-LED-E06 светильник линейн. LED 50Вт 150см IP65 белый, тм Navigator;2800
Арт. КР-1620-721 «Карина» кровать дв. с подъём. 160х200 экокожа графит, тм Lazurit;38400
Арт. ДКР-ЭТЛ-001 ваза керамика «Орхидея» h25 см белая глянец, тм Этель;1400
Арт. ОБ-1608-B73 стол обед. овал. 160х80 ЛДСП белый ножки метал., тм Stolline;14800
Арт. ЛНП-170-B09 торшер арматура 170 см метал. чёрн. матовый, тм СветТех;5400
Арт. ПР-ИКР-006 «Норд» прихожая модул. 160х30х210 ЛДСП белый, тм Икар;24700
Арт. КАК-8080-227 кресло акцент. велюр пыльн.роза 80х80, тм Tetchair;15400
Арт. ЛТ-LED-B05 светильник линейн. LED 20Вт 60см белый, тм ЭкономСвет;820
Арт. КОМ-1205-C39 «Афина» комод 5-ящ 120х50х100 массив ясень, тм Mebelain;31800
Арт. ПУФ-5050-141 пуф с ящ. 50х50х42 рогожка серая, тм Tetchair;3700
Арт. КР-1620-C37 «Афина» кровать дв. 160х200 массив ясень белый, тм Mebelain;54200
Арт. ШК-1806-385 «Атлантик» шкаф-купе 3-дв. 180х65х230, тм Mr. Doors;46900
Арт. КОМ-1205-703 «Орхидея» комод 5-ящ 120х45х95 дуб молочн., тм Лером;15800
Арт. МДУЛ-3206-D48 «Скандик» стенка гостин. 3.2 м МДФ белый матов., тм Eltap;62400
Арт. ВН-MST-014 «Лилия» зеркало-шкаф 65х78 LED белый МДФ, тм Lazurt;11900
Арт. ПЛ-ВЛ-E35 плед велюр 180х200 однотонный изумруд, тм Этель;2800
Арт. ОБ-1208-B72 стол обед. круг. d120 массив дуб натур., тм Mebelain;28400
Арт. ДУ-2602-D35 диван угл. «Боровичи Премьер» дельфин экокожа коричн., тм Боровичи-Мебель;58400
Арт. МДУЛ-806-A45 «Атриум» модуль витрина 80х40х210 стекло венге, тм Mebelain;18700
Арт. КР-1820-163 кровать дв. с подъём 180х200 экокожа коричн., тм Lazurit;42700
Арт. ЛТ-SP-B01 светильник спот поворотн. LED 12Вт хром, тм Camelion;1700
Арт. ИЗГ-1820-A22 «Стокгольм» изголовье 180х200 ткань рогожка беж., тм Anrex;13400
Арт. ТП-5045-745 «Флоренция» тумба прикров. 50х45х55 ясень, тм Mebelain;9200
Арт. КР-1820-A26 «Стокгольм» кровать дв. 180х200 ЛДСП д.сонома, тм Anrex;29400
Арт. КРЗ-ВЛ-926 корзина войлок круг. d35х30 серая, тм Этель;780
Арт. ТП-4545-C42 «Афина» тумба прикров. 45х45х55 ясень белый, тм Mebelain;9400
Арт. КП-1006-786 компл. прихож. «Минимал» 100х30х200 ЛДСП венге, тм Икар;17400
Арт. КО-887-E50 «Бюрократ CH-887» кресло операт. сетка чёрн., тм Бюрократт;7400
Арт. МДУЛ-3806-A46 «Скандик» стенка гостин. 3.8 м МДФ дуб сонома, тм Eltap;67800
Арт. ДЕТ-TET-012 «Tetris» шкаф плат. 4-дв. 160х55х210 ЛДСП дуб, тм Mr. Doors;28400
Арт. ХР-АЛТ-002 стеллаж гараж. усил. 120х50х200 4 полки 300 кг, тм Алтек;9400
Арт. ВН-1MK-006 «Палермо» тумба под раков. 70х46х80 бел. глянец, тм 1MarKa;16400
Арт. СТ-1006-307 стол письм. компакт 100х50 ЛДСП бел., тм Anrex;3700
Арт. МТР-1520-D08 матрас «Vita Plus» 150х200 пружин. независим. латекс, тм Орматек;34800
Арт. КВ-20030 ковёр шегги 200х300 высокий ворс графит, тм Меринос;12400
Арт. ОБ-СТ-883 стул обед. полукрес. велюр изумруд (2 шт), тм Stolline;8900
Арт. КР-1620- кровать дв. ЛДСП белый ортопед.осн., тм Lazurit;28400
Арт. ДКР-RG-011 ваза напольн. керамика «Этно» h60 см беж., тм Royal Garden;4900
Арт. БАН-906-789 банкетка прихож. 90х35х45 ткань серая, тм Икар;4700
Арт. ПОД-6060-B43 подушка декорат. 60х60 велюр графит, тм Этель;1400
Арт. ШК-2406-C51 «Орхидея» шкаф-купе 3-дв. 240х60х225 дуб молочн., тм Лером;47800
Арт. ТУС-1104-C32 «Прованс» туал.столик 110х45х80 МДФ беж. матов., тм Лером;19800
Арт. КАР-505-979 картотека 5-ящ метал. серая А4 замок, тм Практик;13700
Арт. ИЗГ-1620-C18 «Лион» изголовье 160х200 ткань рогожка серая, тм Mr. Doors;12400
Арт. КР-08040-501 комод 4-ящ 80х40х90 ЛДСП белый, тм Anrex;7600
Арт. БАН-1004-C17 «Лион» банкетка 100х40х48 ткань рогожка серая, тм Mr. Doors;6900
Арт. МДУЛ-906-D53 «Гранд» модуль шкаф узк. 90х40х210 МДФ глянец, тм Hoff;15400
Арт. МДУЛ-2806-752 «Гранд» гостиная модул. 2.8 м ЛДСП дуб сонома, тм Hoff;47800
Арт. ШП-1206-207 шкаф плат. 2-дв. 120х55х210 ЛДСП дуб, тм Anrex;19800
Арт. КО-MTT-A83 «Метта Trium S» кресло руковод. сетка эргон. бел., тм Метта;36400
Арт. КР-1820-552 «Премиум» кровать дв. 180х200 массив дуб шпон, тм Лером;78900
Арт. КО-MTT-D90 «Метта Comfort C» кресло руковод. экокожа коричн., тм Метта;28400
Арт. ПОД-4040-E36 подушка декорат. 40х40 шенилл графит, тм Этель;860
Арт. ТП-4040-022 «Берлин» тумба прикров. 2-ящ 40х40х50 д.сонома, тм Hoff;5800
Арт. ПР-СКЛ-D75 «Атриум» прихожая компл. с зерк. 200х35х215 венге, тм Сокол;31800
Арт. ПЛ-ТТР-931 плед тёплый 180х200 шерсть-акрил клетка серая, тм Этель;3700
Арт. ДН-1800-A56 диван прям. «Аскона Лайт» кн. рогожка беж., тм Аскона;32400
Арт. ЛНП-160-904 торшер классич. 160 см дерев. абажур ткань, тм СветТех;4200
Арт. ДУ-2802-803 диван угл. «Палермо» еврокн. рогожка беж., тм Hoff;67800
Арт. КО-CHR-A88 «Chairman 685» кресло посет. ткань чёрн. (2 шт), тм Chairman;6800
Арт. ВН-АКТ-021 «Капри» комод ванный 60х40х80 МДФ белый 3-ящ, тм Aquaton;12700
Арт. ЛТ-LED-E07 светильник линейн. LED 18Вт 60см с датч. движ., тм Эра;1100
Арт. КР-1620-701 «Орхидея» кровать дв. с ящ. 160х200 ЛДСП дуб молочн., тм Лером;34800
Арт. КР-1820-F02 диван угл. еврокн. рогожка серый, тм Hoff;32400
Арт. ДКР-ЭТЛ-010 подсвечник метал. 3-х рожков h25 см золото, тм Этель;2100
Арт. КО-696-080 «Бюрократ CH-696» кресло операт. сетка серая;5800
Арт. ЗЕР-7010-447 «Венеция» зеркало 70х100 МДФ бел.рама, тм Lazurit;6300
Арт. ПР-1606-196 прихожая «Уют» 160х30х210 ЛДСП белый, тм Сокол;22400
Арт. ВН-АКТ-E34 «Северная Венеция» комод ванный 60х35х85 МДФ глянец, тм Aquaton;12400
Арт. СТО-1607-B46 стол офисн. эргон. угл. 160х80 ЛДСП белый, тм Бюрократ;14400
Арт. КО-T9908-857 «Бюрократ T-9908» кресло руковод. кожа коричн.;26800
Арт. БАН-1104-727 «Карина» банкетка 110х40х48 экокожа графит, тм Lazurit;9400
Арт. ТВ-1404-014 «Лофт» тумба ТВ 140 ЛДСП венге метал.кар., тм Eltap;8450
Арт. ДУ-2802-C22 «Манхэттен» диван угл. еврокн. рогожка изумруд, тм Сонум;72400
Арт. КО-808-852 «Бюрократ CH-808» кресло руковод. сетка чёрн.;11400
Арт. КАК-8080-824 кресло «Лиссабон» поворотн. велюр изумруд, тм Hoff;17800
Арт. КР-1620-303 «Прага» кровать дв. 160х200 массив бук, тм Mebelain;48700
Арт. ИЗГ-1620-A21 «Стокгольм» изголовье 160х200 ткань рогожка беж., тм Anrex;11800
Арт. КГ-2800-D62 кухня модул. «Манхэттен» 2.8 м МДФ серый матовый, тм Stolline;62400
Арт. ДН-2400-802 диван прям. «Лиссабон» кн. велюр зелёный, тм Hoff;52400
Арт. ТП-4540-B85 тумба прикров. 1-ящ 45х40х50 ЛДСП белый глянец, тм СБК;3400
Арт. МТР-1520-D04 матрас «Optima Plus» 150х200 пружин. независим., тм Аскона;18900
Арт. ДЕТ-ЮН-003 «Юниор» стеллаж детск. 80х30х175 ЛДСП бел./мята, тм Любимый дом;6400
Арт. КШ-6080-A15 шкаф кух. подмойн. 60х60х85 ЛДСП белый, тм Сокол;4400
Арт. ТУС-1304-A20 «Орхидея» туал.столик XL 130х45х80 МДФ дуб мол., тм Лером;19800
Арт. СТЖ-905-505 «Лофт» столик журн. 90х50х45 метал.кар., тм Eltap;5400
Арт. ПР-СКЛ-003 «Кантри» прихожая модул. 180х35х210 ЛДСП дуб, тм Сокол;27800
Арт. КГ-OS-A08 кухонн. остров «Шеф» 120х90х90 МДФ венге, тм Stolline;38900
Арт. ШП-1006-341 шкаф плат. для пр. 100х55х200 ЛДСП дуб, тм Anrex;16700
Арт. ОБВ-806-997 обувница откидн. 3-секц. 80х25х100 ЛДСП дуб, тм Икар;5800
Арт. ДКР-ЭТЛ-003 ваза керамика «Кантри» h40 см беж. матовая, тм Этель;2400
Арт. БАН-1004-B33 банкетка прихож. 100х35х48 ткань рогожка беж., тм Икар;4800
Арт. ШП-1806-F13 «Манхэттен» шкаф плат. 4-дв. 180х60х230 ЛДСП графит, тм Сонум;47800
Арт. КШ-1280-A14 шкаф кух. напольн. 120х60х85 ЛДСП венге, тм Сокол;8200
Арт. СТЖ-806-E46 столик журн. круг. d80 МДФ дуб артизан, тм Tetchair;6400
Арт. ТП-4040-352 «Соня» тумба прикров. 40х40х45 венге, тм Lazurit;3400
Арт. КГ-2100-772 кухня модул. «Венеция» 2.1 м МДФ белый матовый, тм Stolline;42400
Арт. КВ-12017 ковёр шегги 120х170 высокий ворс молочн., тм Меринос;4400
Арт. МДУЛ-806-A50 «Скандик» модуль витрина 80х40х210 стекло дуб, тм Eltap;17400
Арт. ЛТ-LED-A99 трек-система магнитн. LED 48В 3м чёрн., тм Navigator;11400
Арт. ШП-1806-014 «Аделина» шкаф плат. 4-дв. 180х60х230 МДФ, тм Lazurit;58900
Арт. ПУФ-4040-022 «Берлин» пуф квадр. 40х40х42 экокожа беж., тм Hoff;3400
Арт. КВ-15022 ковёр акрил 150х220 ориент. бордо, тм Витебск;6800
Арт. КОМ-1004-C53 «Стокгольм» комод XL 100х45х95 ЛДСП д.сонома, тм Anrex;11400
Арт. ШК-2406-374 «Атлантик» шкаф-купе 4-дв. 240х65х230 зерк., тм Mr. Doors;58400
Арт. ВН-ГРЦ-019 «Лагуна» пенал ванный 30х30х175 МДФ глянец бел., тм Грация;8400
Арт. КОМ-1404-B84 комод XL 140х45х95 ЛДСП дуб сонома, тм Anrex;14700
Арт. МТР-1220-D17 матрас «Promtex Gold» 120х200 гибрид мемори+латекс, тм Promtex;28900
Арт. ТУС-1304-C05 «Версаль» туал.столик с подсв. 130х45х80 МДФ, тм Lazurit;27400
Арт. СТ-1606-C97 стол письм. 160х60 ЛДСП белый, тм Anrex;7700
Арт. БАН-1004-A23 «Стокгольм» банкетка 100х40х45 ткань рогожка беж., тм Anrex;6900
Арт. КШ-6080-D69 шкаф кух. напольн. 60х60х85 ЛДСП дуб сонома, тм Сокол;4400
Арт. КР-1820-129 «Софт» кровать дв. 180х200 велюр серый, тм Lazurit;38900
Арт. ТП-4540-014 «Аделина» тумба прикров. 45х40х50 МДФ, тм Lazurit;6400
Арт. МТР-1620-840 матрас «Мульти» 160х200 пружин. зональный 5 зон, тм Promtex;26400
Арт. КВ-15021 ковёр акрил 150х210 модерн серый, тм Меринос;5800
Арт. ВН-АКТ-E23 «Сильва» пенал 35х30х170 МДФ венге 2-дв., тм Aquaton;11800
Арт. ЗЕР-6011-C84 «Атриум» зеркало напольн. 60х170 рама венге, тм Сокол;8400
Арт. ДКР-RG-013 статуэтка «Лошадь» бронза 25х10х22 см, тм Royal Garden;5400
Арт. ОТТ-7070-F17 оттоманка прикров. «Сонум» 70х70х45 рогожка беж., тм Сонум;7400
Арт. КГ-3300-A02 кухня модул. «Лофт XL» 3.3 м ЛДСП венге метал.кар., тм Stolline;72400
Арт. КО-FX2-859 «Бюрократ FX-2» кресло геймер. экокожа чёрн./син.;15800
Арт. КР-1820-E48 «Венеция» кровать дв. 180х200 ЛДСП белая, тм Хофф;38400
Арт. КАК-6565-825 кресло «Мини» детск. ткань акрил рис.звезды, тм Этель;5400
Арт. ДКР-ЭТЛ-005 статуэтка «Слон» полирезин 18х10х15 золото, тм Этель;1700
Арт. СТ-1806-329 стол угл. для геймера 180х80 ЛДСП чёрн., тм Anrex;14400
Арт. КО-571-D82 «Бюрократ CH-571» кресло операт. сетка чёрн.;6800
Арт. КШ-1006-E45 книжн. шкаф 2-дв. 100х35х210 ЛДСП дуб артизан, тм Сокол;15800
Арт. СТ-906-945 «Капитошка» стол письм. дет. 90х50 ЛДСП бел./голуб., тм Mr. Doors;5400
Арт. ЗЕР-6090-014 «Аделина» зеркало в раме 60х90 МДФ глянец, тм Lazurit;5200
Арт. ЛН-AKK-529 лампа наст. аккум. сенсор. пластик чёрн., тм Camelion;2400
Арт. ВИТ-906-E44 витрина 90х40х210 МДФ дуб сонома стекло, тм Сокол;20400
Арт. КО-MTT-862 «Метта Samurai SL» кресло операт. сетка эргон., тм Метта;38400
Арт. КОМ-1004-505 «Лофт» комод 5-ящ 100х40х95 ЛДСП венге метал., тм Eltap;14600
Арт. ШП-1206-715 «Стокгольм» шкаф плат. 2-дв. 120х55х210 д.сонома, тм Anrex;19400
Арт. БАН-1104-C07 «Версаль» банкетка 110х40х48 экокожа слон.кость, тм Lazurit;9400
Арт. ПОД-5050-B42 подушка декорат. 50х50 шенилл серая, тм Этель;1100
Арт. КВ-08015 ковёр прикров. 80х150 шерсть беж., тм Витебск;3700
Арт. БАН-1204-746 «Флоренция» банкетка 120х45х48 кожа белая, тм Mebelain;17800
Арт. ИЗГ-1620-A38 «Гранд» изголовье мяг. 160х200 велюр серый, тм Hoff;13200
Арт. ОБ-СТ-707 стул обед. экокожа белая хром (4 шт), тм Stolline;8700
Арт. СТ-1106-952 «Школьник» стол письм. с надстр. 110х55 бук/зелён., тм Любимый дом;9400
Арт. КР-0920-088 кровать односп. 90х200 ЛДСП д.сонома, тм Mr. Doors;11700
Арт. СТЖ-905-717 «Стокгольм» столик журн. 90х50х45 ЛДСП д.сонома, тм Anrex;4200
Арт. ВН-АКТ-E33 «Северная Венеция» навесн. шкафч. 70х25х70 МДФ глянец, тм Aquaton;7800
Арт. ПР-СКЛ-001 «Атриум» прихожая модул. 220х35х215 ЛДСП венге, тм Сокол;32400
Арт. КР-1620-141 кровать кушетка 90х200 ЛДСП венге, тм Mr. Doors;12900
Арт. КВ-12018 ковёр шерсть 120х180 классик зелёный, тм Витебск;5800
Арт. ЛНП-180-903 торшер LED 180 см смарт RGB пульт, тм СветТех;6400
Арт. МДУЛ-3006-D47 «Скандик» стенка гостин. 3.0 м МДФ дуб сонома, тм Eltap;58900
Арт. КР-1620- кровать односп. 90х200 ЛДСП дуб сонома, тм Mr. Doors;11400
Арт. КР-0820-942 «Капитошка» кровать детск. 80х160 ЛДСП бел./голуб., тм Mr. Doors;14700
Арт. ИЗГ-1620-A28 «Карина» изголовье 160х200 экокожа графит, тм Lazurit;15700
Арт. МДУЛ-2606-762 «Атриум» гостиная модул. 2.6 м ЛДСП белый, тм Mebelain;43800
Арт. ШП-1806-F10 «Лион» шкаф плат. 4-дв. 180х60х225 ЛДСП артизан, тм Mr. Doors;48700
Арт. ШП-2006-C04 «Версаль» шкаф плат. 5-дв. 200х60х230 МДФ глянец, тм Lazurit;68900
Арт. ШП-1606-C55 «Стокгольм» шкаф плат. 3-дв. 160х55х220 д.сонома, тм Anrex;26800
Арт. ЛТ-SP-E04 светильник спот накладн. LED 12Вт золото 2шт, тм Camelion;2400
Арт. МДУЛ-2806-D50 «Гранд» гостиная 2.8 м МДФ глянец белый, тм Hoff;52400
Арт. ЛТ-LED-891 люстра потолоч. LED 60Вт 6 ламп хром, тм СветТех;7400
Арт. КО-BR-A90 «Бюрократ KD-2» кресло детск. сетка регулир., тм Бюрократ;9200
Арт. ПР-ANR-D78 «Брест» прихожая XL 200х30х200 ЛДСП белый, тм Anrex;29400
Арт. ВИТ-906-707 витрина 90х35х200 МДФ венге стекло, тм Сокол;19700
Арт. СТЖ-1006-033 столик журн. 100х60х45 стекло хром, тм Tetchair;8900
Арт. КУШ-2008-A64 кушетка «Сонум Софт» 200х80х70 ткань велюр беж., тм Сонум;28700
Арт. ССТ-706-954 «Школьник» стеллаж 70х30х190 5 полок ЛДСП бук, тм Любимый дом;5800
Арт. МДУЛ-806-D60 «Скандик» модуль шкаф узк. 80х40х210 МДФ дуб, тм Eltap;12800
Арт. ВН-AQW-012 «Бергамо» пенал подвесн. 35х30х160 МДФ серый, тм Aqwella;12800
Арт. ОБВ-806-C77 «Брест» обувница откидн. 80х25х95 ЛДСП белый, тм Anrex;4400
Арт. ДУ-3001-D29 диван угл. «Сонум Мега» модул. 5-секц. велюр серый, тм Сонум;94800
Арт. ДЕТ-ШК-007 «Школьник» тумба прикров. 40х40х50 ЛДСП бел./беж., тм Любимый дом;3400
Арт. СТ-1207-330 стол комп. с надстр. 120х70 ЛДСП венге, тм Anrex;9800
Арт. ЯР-PL-B18 ящик пластик. штабел. 50х30х25 25л серый, тм Алтек;540
Арт. ЛН-LED-441 лампа наст. LED 12W сенсор. метал. бел., тм Эра;2300
Арт. МТР-1620-843 матрас «Релакс» 160х200 гибрид мемори+пружин., тм Promtex;33700
Арт. ПР-СКЛ-005 «Лофт-Прихожая» компл. 200х35х215 ЛДСП венге, тм Сокол;29800
Арт. КШ-6080-774 шкаф кух. навесн. угловой 60х60х72 МДФ беж., тм Stolline;5800
Арт. ОРГ-ТКЛ-B22 органайзер ткан. для шкафа 9 секц. 30х15х80 серый, тм Этель;780
Арт. КО-868-009 «Бюрократ CH-868» кресло офисн. сетка зелён.;7800
Арт. ЛН-LED-B10 лампа архитект. LED 18W поворотн. метал., тм Эра;3700
Арт. ДУ-2802-A58 диван угл. «Аскона Релакс» с реклайн. экокожа, тм Аскона;94800
Арт. ОБ-СТ-882 стул обед. «Винтаж» дерев. ткань серая (4 шт), тм Stolline;11400
Арт. ДН-2090-141 диван прям. «Честер» кожа кор. 200х90, тм Eltap;67400
Арт. ТРН-SE-002 «City» велотренаж. вертик. 12 програм. дисплей, тм Sportelite;22400
Арт. ШК-#### шкаф-купе 2-дв. 180х60х220 ЛДСП белый, тм Anrex;28900
Арт. КГ-3200-779 кухня модул. «Хай-тек» 3.2 м МДФ глянец белый, тм Сокол;69800
Арт. ЛН-CL-452 лампа наст. классич. абажур текстиль беж., тм Эра;1800
Арт. ШО-1006-B44 шкаф для бумаг 100х35х200 ЛДСП дуб сонома, тм Бюрократ;13400
Арт. ТП-4540-726 «Карина» тумба прикров. 45х40х55 МДФ графит, тм Lazurit;6900
Арт. ТУС-1204-014 «Аделина» туал.столик с подсв. 120х45 МДФ, тм Lazurit;22400
Арт. ШК-2406-022 шкаф-купе 2-дв. 240х60х220 ЛДСП белый, тм Mr. Doors;38900
Арт. КО-MTT-863 «Метта Su-B» кресло операт. сетка чёрн., тм Метта;19800
Арт. КГ-3600-A04 кухня угл. «Прованс» 3.6х1.8 м МДФ слон.кость, тм Stolline;94800
Арт. СТЖ-705-044 столик журн. круг. 70х45 МДФ венге, тм Tetchair;4700
Арт. ССТ-705-946 «Капитошка» стеллаж дет. 70х30х150 4 полки бел./желт., тм Mr. Doors;4800
Арт. МТР-1620-A81 матрас «Топпер» 160х200 пена мемори 4 см, тм Promtex;7800
Арт. КВ-22030 ковёр шерсть 220х300 классик беж.-голуб., тм Витебск;22400
Арт. ТУМ-454-976 тумба офисн. выкатн. 3-ящ 45х50х65 ЛДСП дуб, тм Бюрократ;5800
Арт. СТ-1206-441 стол письм. 120х60 ЛДСП белый, тм Anrex;5100
Арт. МДУЛ-2406-D59 «Скандик» модуль гостиная мини 2.4 м МДФ дуб, тм Eltap;38900
Арт. МДУЛ-1006-A49 «Скандик» модуль шкаф 100х40х210 ЛДСП дуб, тм Eltap;14800
Арт. ОБ-СТ-B69 стул обед. «Модерн» метал.кар. экокожа белая (4 шт), тм Stolline;10400
Арт. КР-1820-F11 «Манхэттен» кровать дв. 180х200 ЛДСП графит, тм Сонум;36400
Арт. КГ-3000-771 кухня модул. «Венеция» 3.0 м МДФ беж., тм Stolline;67800
Арт. ДН-2200-808 диван прям. «Релакс» с реклайн. экокожа беж., тм Сонум;67800
Арт. КО-868-006 «Бюрократ CH-868» кресло офисн. сетка серая;7600
Арт. ДКР-ЭТЛ-002 ваза стекло «Лагуна» h35 см прозр. синяя, тм Этель;1800
Арт. ПОД-4040-B41 подушка декорат. 40х40 рогожка горчичн., тм Этель;820
Арт. ДЕТ-ШК-009 «Школьник» шкаф плат. 80х50х190 ЛДСП бел./беж., тм Любимый дом;15400
Арт. ТУС-1204-744 «Флоренция» туал.столик 120х50х80 массив ясень, тм Mebelain;27800
Арт. КШ-6080-775 шкаф кух. пенал 60х60х200 МДФ беж., тм Stolline;14700
Арт. КВ-14020 ковёр шегги 140х200 высокий ворс беж., тм Меринос;6700
Арт. ЛТ-LED-E01 трек-система магнитн. LED 48В 4м чёрн., тм Navigator;14800
Арт. ССТ-1808-496 стеллаж лесенка 180х35х200 4 полки бамбук, тм Икар;9800
Арт. БС-5085-077 стул барн. со спин. 50х50х85 экокожа коричн., тм Tetchair;4200
Арт. ЛН-USB-018 лампа наст. диммер USB пластик чёрн., тм Эра;1450
Арт. ВН-АКТ-001 «Америна» тумба под раков. 60х48х86 МДФ белая, тм Aquaton;14800
Арт. КОМ-1404-574 «Премиум» комод 6-ящ 140х50х100 шпон дуб, тм Лером;38900
Арт. ДН-2400-A57 диван прям. «Аскона Гранд» еврокн. велюр графит, тм Аскона;67800
Арт. ЛТ-SP-B03 светильник спот встр. GU10 1шт чёрн., тм Эра;480
Арт. КР-1820-C02 «Версаль» кровать дв. 180х200 МДФ глянец слон.кость, тм Lazurit;46400
Арт. КВ-15020 ковёр детск. 150х200 акрил рис.машинки, тм Меринос;4900
Арт. КШ-3060-D67 шкаф кух. навесн. узк. 30х30х72 ЛДСП венге, тм Сокол;2400
Арт. КР-1820-363 «Соня» кровать дв. 180х200 ЛДСП венге, тм Lazurit;27400
Арт. КШ-4560-A12 шкаф кух. навесн. угл. 45х45х72 ЛДСП дуб, тм Сокол;3700
Арт. КР-1620-014 «Аделина» кровать дв. 160х200 экокожа сл.кость, тм Lazurit;34200
Арт. ТУС-1004-660 «Норд» туал.столик 100х45х80 ЛДСП дуб, тм Anrex;11800
Арт. КП-1606-784 компл. прихож. «Скандик» 160х35х210 ЛДСП белый, тм Икар;24800
Арт. СТО-1607-407 стол офисн. руковод. 160х80 ЛДСП венге, тм Бюрократ;18400
Арт. ДН-2400-C20 «Манхэттен» диван прям. еврокниж. рогожка графит 240х95, тм Сонум;58900
Арт. ТП-4540-303 «Прага» тумба прикров. 45х40х55 массив бук, тм Mebelain;7600
Арт. ССТ-905-117 стеллаж 90х30х190 5 полок ЛДСП белый, тм Сокол;6700
Арт. ХР-ПРК-012 ящик архив. метал. А4 35х27х30 серый замок, тм Практик;1800
Арт. БАН-1004-A37 «Гранд» банкетка модул. 100х40х48 МДФ глянец, тм Hoff;8400
Арт. ОБ-СТ-B70 стул обед. полукрес. дерев. ткань серая (2 шт), тм Stolline;7800
Арт. ШО-906-174 шкаф офисн. 5 полок 90х40х190 ЛДСП серый, тм Бюрократ;7800
Арт. МТР-1420-A74 матрас «Vegas Soft» 140х200 беспруж. пена мемори, тм Vegas;25700
Арт. ВН-АКТ-E15 «Йорк» тумба напольн. 100х48х85 МДФ белый, тм Aquaton;24400
Арт. МТР-0920-D06 матрас «Vita Plus» 90х200 пружин. независим. латекс, тм Орматек;24800
Арт. ТВ-1604-909 «Скандик» тумба ТВ 160х40х45 ЛДСП дуб, тм Сокол;7400
Арт. ДУ-2802-814 диван угл. «Премьер» дельфин велюр капучино, тм Аскона;72400
Арт. ЗЕР-7090-708 «Орхидея» зеркало настен. 70х90 рама дуб мол., тм Лером;5400
Арт. КОМ-1104-447 «Венеция» комод 5-ящ 110х45х95 МДФ белый, тм Lazurit;19800
Арт. ОБ-1209-119 стол обед. раздв. 120-160х90 ЛДСП дуб, тм Stolline;12400
Арт. СТ-1106-734 «Юниор» стол письм. 110х55 ЛДСП бел./бирюз., тм Любимый дом;6200
Арт. ТП-4545-447 «Венеция» тумба прикров. 45х45х55 МДФ бел., тм Lazurit;6800
Арт. КАК-7575-821 кресло «Релакс» с подножк. реклайн. экокожа кор., тм Сонум;38400
Арт. КР-0820-099 кровать-машина 80х170 МДФ красн., тм Сокол;14200
Арт. ТВ-1804-C57 «Аделина» тумба ТВ 180х45х50 МДФ глянец сл.кость, тм Lazurit;13800
Арт. КРЗ-РТ-B12 корзина плетён. ротанг XL 50х50х40 натур., тм Этель;2200
Арт. ЛНП-180-463 торшер 1.8 м метал. золото абажур, тм СветТех;4700
Арт. ПР-ANR-D76 «Гомель» прихожая компл. 260х35х215 ЛДСП дуб, тм Anrex;41800
Арт. ИЗГ-1820-A29 «Карина» изголовье 180х200 экокожа графит, тм Lazurit;17800
Арт. ТРН-SE-001 «Smart» велотренаж. магнит. 8 уровн. чёрный, тм Sportelite;18900
Арт. МТР-1420-838 матрас «Эконом» 140х200 пружин. бонель ватин, тм Орматек;14700
Арт. ШП-2006-447 «Венеция» шкаф плат. 5-дв. 200х60х230 МДФ, тм Lazurit;62400
Арт. КОМ-1004-352 «Соня» комод 4-ящ 100х40х85 венге, тм Lazurit;9700
Арт. КОМ-6004-241 комод 3-ящ 60х40х80 ЛДСП белый, тм Anrex;5400
Арт. ЗЕР-D60-B36 зеркало настен. круг. d60 рама дерев. дуб, тм Икар;4900
Арт. ШП-1606-E55 шкаф плат. 3-дв. 160х55х225 МДФ глянец, тм DiamondFurniture;42800
Арт. КОМ-8049-225 комод 4-ящ 80х40х90 ЛДСП белый, тм Anrex;7800
Арт. КО-512-D85 «Бюрократ CH-512» кресло операт. сетка серая регулир.;7900
Арт. СЕЙ-303-981 сейф офисн. метал. электр.замок 30х30х40 чёрн., тм Практик;14800
Арт. КГ-2400-101 кухня модул. «Прованс» 2.4 м МДФ беж., тм Сокол;48900
Арт. ДЕТ-TET-015 «Tetris» стеллаж модул. 80х35х180 ЛДСП дуб артизан, тм Mr. Doors;7800
Арт. ДУ-3001-202 диван угл. «Сити» аккорд. велюр графит, тм Eltap;58200
Арт. КР-1620-352 «Соня» кровать дв. с ламел. 160х200 ЛДСП венге, тм Lazurit;24800
Арт. ТРН-BS-006 «BE-7900» эллипс электромагнит. 24 програм., тм Body Sculpture;47800
Арт. ШО-1206-971 шкаф офисн. 4 полки 120х35х200 ЛДСП серый, тм Практик;12400
Арт. ВН-MST-015 «Кантри» пенал напольн. 40х33х170 МДФ слон.кость, тм Misty;13400
Арт. ДН-2200-C21 «Манхэттен» диван прям. кн. ткань микровельвет беж., тм Сонум;47800
Арт. КГ-OS-D74 кухонн. остров «Кантри XL» 140х90х90 МДФ беж., тм Stolline;42800
Арт. ДН-1808-404 «Модуль» диван модул. 3-секц. рогожка серая, тм Eltap;71800
Арт. МТР-1620-F18 матрас «Optima Plus» 160х200 пружин. независим. зональный, тм Аскона;21800
Арт. МТР-1620-836 матрас «Ортопед» 160х200 беспруж. кокос-латекс, тм Орматек;34800
Арт. МТР-1520-D12 матрас «Vegas Soft» 150х200 беспруж. пена мемори, тм Vegas;26800
Арт. МДУЛ-2406-D46 «Скандик» стенка гостин. 2.4 м ЛДСП дуб сонома, тм Eltap;42800
Арт. МДУЛ-606-A42 «Гранд» модуль полки откр. 60х30х210 МДФ глянец, тм Hoff;11800
Арт. ШК-2406-022 «Соната» навесн. шкафч. ванный 60х25х65 ЛДСП бел., тм 1MarKa;5400
Арт. ТРН-SE-011 «Home» велотренаж. складной 8 уровн., тм Sportelite;16700
Арт. ПР-2406-783 прихожая компл. «Аркада» 240х35х215 дуб артизан, тм Сокол;36900
Арт. ЛТ-SP-E02 светильник спот поворотн. LED 8Вт белый 4шт, тм Camelion;1900
Арт. КОМ-1205-C03 «Версаль» комод 5-ящ 120х45х95 МДФ глянец сл.кость, тм Lazurit;22700
Арт. КР-1820-F06 «Версаль» кровать дв. 180х200 шпон дуб мореный массив, тм Lazurit;52400
Арт. ДН-2400-A63 диван прям. «Сонум Класс» еврокниж. кожа коричн., тм Сонум;78400
Арт. МТР-1820-A68 матрас «Optima» 180х200 пружин. независим. эконом, тм Аскона;22800
Арт. ВТ-806-996 вешалка-стойка дерев. бук с зеркал. 80х175, тм Икар;5400
Арт. КАР-606-B50 картотека 6-ящ метал. А4 замок серая, тм Практик;16400
Арт. ТП-4040-C69 «Скандик» тумба прикров. 40х40х50 ЛДСП дуб сонома, тм Eltap;4400
Арт. ХР-ПРК-004 стеллаж метал. сборн. 100х30х185 4 полки серый, тм Практик;5900
Арт. ПОД-4040-058 подушка декорат. 40х40 велюр серая, тм Этель;780
Арт. КШ-805-303 «Атланта» книжн. шкаф 80х30х200 ЛДСП дуб, тм Сокол;12400
Арт. ПЛ-ТТР-B40 плед тёплый 200х220 шерсть-акрил клетка беж., тм Этель;4200
Арт. ДКР-ЭТЛ-008 картина «Лофт» абстракт. холст 80х60 рама метал., тм Этель;4400
Арт. ДН-1909-085 диван прям. кн. экокожа белая 190х90, тм Eltap;31200
Арт. ЛН-OFC-902 лампа офисн. LED 15W с дисплеем чёрн., тм Эра;2800
Арт. ТРН-BS-005 «BC-1500» велотренаж. горизонт. магнит., тм Body Sculpture;32400
Арт. ШП-1806-704 «Орхидея» шкаф плат. 4-дв. 180х60х230 дуб молочн., тм Лером;48700
Арт. КОМ-9004-660 «Норд» комод 4-ящ 90х40х90 дуб артизан, тм Anrex;9100
Арт. ШО-906-F05 кровать дв. с подъём. 160х200 МДФ глянец, тм Lazurit;9700
Арт. КАК-8585-C24 «Манхэттен» кресло акцент. рогожка графит вращ., тм Сонум;19800
Арт. КШ-9080-773 шкаф кух. напольн. 90х60х85 МДФ беж., тм Stolline;7400
Арт. КГ-2000-B54 кухня прям. «Кантри» 2.0 м МДФ зелён. матовый, тм Stolline;38900
Арт. ВН-АКТ-005 «Йорк» зеркало-шкаф ванный 60х75 МДФ белый, тм Aquaton;8400
Арт. КО-799-855 «Бюрократ CH-799» кресло операт. сетка красн.;6200
Арт. КОВ-Р-991 ковровая дорожка 100х400 акрил ориент. серая, тм Витебск;8400
Арт. ДН-1908-D31 диван прям. «Pushe Эко» кн. микрофибра беж., тм Pushe;28400
Арт. КОМ-1004-022 «Берлин» комод 5-ящ 100х45х90 д.сонома, тм Hoff;12800
Арт. ДКР-RG-015 ваза стекло цвет. «Бохо» h28 см янтарь, тм Royal Garden;2300
Арт. ДЕТ-ШК-008 «Школьник» стеллаж детск. 60х30х150 ЛДСП бел./беж., тм Любимый дом;4800
Арт. КОМ-1004-263 комод узк. 100х30х85 ЛДСП дуб сонома, тм Anrex;8400
Арт. ШП-1806-963 «Лагуна» шкаф плат. 4-дв. 180х60х225 МДФ глянец, тм Anrex;48700
Арт. ПР-ANR-013 «Брест» обувница 80х30х90 ЛДСП белый, тм Anrex;5800
Арт. ТУМ-454-712 «Стокгольм» тумба выкатн. 3-ящ 45х45х60 д.сонома, тм Anrex;5400
Арт. КОМ-1305-742 «Флоренция» комод 6-ящ 130х50х100 ясень масс., тм Mebelain;32400
Арт. ДКР-ЭТЛ-009 свеча декорат. ароматич. ваниль h12 см беж., тм Этель;480
Арт. ДН-2100-806 диван прям. «Брюссель» еврокн. велюр графит, тм Pushe;48900
Арт. ВН-АКТ-E16 «Йорк» зеркало-шкаф 80х80 LED бел. МДФ, тм Aquaton;11400
Арт. КР-1820-B61 кровать дв. 180х200 ЛДСП венге ортопед.осн., тм Хофф;31400
Арт. МТР-1820-A82 матрас «Топпер» 180х200 кокос 4 см жёстк., тм Орматек;9800
Арт. ССТ-806-B75 стеллаж лесенка 80х30х170 4 полки бамбук, тм Икар;5400
Арт. КО-797-853 «Бюрократ CH-797» кресло операт. ткань синяя;5400
Арт. КШ-4080-D68 шкаф кух. напольн. 40х60х85 ЛДСП белый, тм Сокол;3400
Арт. ТП-4040-660 «Норд» тумба прикров. 40х40х45 ЛДСП дуб, тм Anrex;3200
Арт. ПУФ-4545-463 пуф «Груша» XXL ткань велюр графит, тм Tetchair;4900
Арт. МДУЛ-2806-A47 «Скандик» стенка гостин. 2.8 м МДФ дуб сонома, тм Eltap;52400
Арт. ХР-АЛТ-003 стеллаж склад. 90х40х180 5 полок оцинков., тм Алтек;5400
Арт. ТП-4540-A35 «Флоренция» тумба прикров. 1-ящ 45х40х55 ясень масс., тм Mebelain;7800
Арт. КР-1620-001 «Йорк» компл. тумба+раков. 60х46х85 МДФ белый, тм Aquaton;18900
Арт. ШО-1206-E52 шкаф офисн. метал. 120х40х200 серый, тм Hofff;14800
Арт. ДЕТ-ЮН-004 «Юниор» кров.-чердак 90х200 со столом бел./мята, тм Любимый дом;22400
Арт. ШП-1606-F07 «Версаль» шкаф плат. 3-дв. 160х60х225 МДФ глянец, тм Lazurit;54800
Арт. МТР-1820-A70 матрас «Vita Plus» 180х200 пружин. независим. латекс, тм Орматек;42800
Арт. СТ-1406-B63 стол письм. с надстр. 140х60 ЛДСП венге, тм SuperMebel;7200
Арт. МТР-1620-834 матрас «Премиум» 160х200 мемори-пена 7 зон, тм Аскона;41400
Арт. ТП-4545-228 «Дакота» тумба прикров. 45х45х55 дуб масс., тм Mebelain;8200
Арт. КГ-1800-202 кухня модул. «Лофт» 1.8 м ЛДСП венге, тм Сокол;36400
Арт. ВТ-606-B29 вешалка напольн. метал. золото 60х170, тм Икар;2800
Арт. КО-797-D84 «Бюрократ CH-797» кресло операт. ткань серая;5400
Арт. КР-1620-110 комод 4-ящ 100х40х90 ЛДСП дуб сонома, тм Anrex;9400
Арт. ДН-2400-D36 диван прям. «Боровичи XL» еврокн. шенилл изумруд, тм Боровичи-Мебель;47800
Арт. МТР-1620-A69 матрас «Vita Plus» 160х200 пружин. независим. латекс, тм Орматек;36400
Арт. МТР-0920-D16 матрас «Promtex Gold» 90х200 гибрид мемори+латекс, тм Promtex;22400
Арт. ШК-2406-022 «Берлин» шкаф-купе 3-дв. зерк. 240х60х220 д.сонома, тм Hoff;45900
Арт. КО-TC-A95 «Tetchair Maxi» кресло операт. сетка эргон. серый, тм Tetchair;9800
Арт. КР-1620-152 «Лагуна» кровать дв. с ящ. 160х200 ткань, тм Mebelain;39400
Арт. МТР-1620-A76 матрас «Promtex Gold» 160х200 гибрид мемори+латекс, тм Promtex;38900
Арт. КГ-2400-D61 кухня модул. «Манхэттен» 2.4 м МДФ серый матовый, тм Stolline;52400
Арт. СВТ-1604-E43 сервант 2-дв. со стекл. 160х40х200 МДФ венге, тм Сокол;22800
Арт. БАН-906-441 банкетка прихож. с ящ. 90х40х48 экокожа, тм СБК;5400
Арт. КО-FX1-858 «Бюрократ FX-1» кресло геймер. экокожа чёрн./красн.;14400
Арт. ЛТ-LED-B06 светильник линейн. LED 30Вт 90см белый, тм ЭкономСвет;1100
Арт. ХР-ЭТЛ-009 корзина плетён. ротанг 30х25х20 натур., тм Этель;680
Арт. МТР-0820-A78 матрас детск. 80х190 беспруж. кокос ватин гипоаллер., тм Аскона;10400
Арт. ДУ-2602-817 диван угл. «Боровичи Лидер» дельфин велюр серый, тм Боровичи-Мебель;52800
Арт. ШО-1206-B60 шкаф офисн. метал. 120х40х200 серый, тм Бюрократт;13800
Арт. КГ-2700-778 кухня модул. «Хай-тек» 2.7 м МДФ глянец антрац., тм Сокол;58900
Арт. ЛТ-LED-A98 трек-система магнитн. LED 48В 2м белая, тм Navigator;7800
Арт. ЗЕР-7090-C09 «Версаль» зеркало настен. 70х90 рама МДФ глянец, тм Lazurit;5800
Арт. КО-868-005 «Бюрократ» кресло офисн. эрг. сетка чёрн.;7600
Арт. КОМ-8049-225 комод 4-ящ 80х40х90 ЛДСП белый, тм Anrex;7800
Арт. ПЛ-ВЛ-B39 плед велюр 200х220 уютный изумруд, тм Этель;3200
Арт. ОБВ-4045-241 обувница 4-секц. 80х25х95 ЛДСП дуб, тм Икар;4800
Арт. ДКР-RG-017 часы настен. квадр. 40х40 МДФ венге, тм Royal Garden;3200
Арт. КРЗ-ТКЛ-A01 корзина склад. ткань 40х30х25 серая (3 шт), тм Алтек;540
Арт. КР-1820-505 «Лофт» кровать дв. 180х200 ЛДСП венге метал., тм Eltap;26800
Арт. КГ-2400-F04 кресло руковод. экокожа коричн. хром, тм Бюрократ;47800
Арт. КАР-303-352 картотека 3-ящ метал. чёрн. А4, тм Практик;7800
Арт. ТУС-1004-022 «Берлин» туал.столик с зерк. 100х45 д.сонома, тм Hoff;14500
Арт. ШК-1206-014 «Дрезден» шкаф-купе 2-дв. 120х60х220 венге, тм Hoff;26800
Арт. МДУЛ-3206-D56 «Атриум» гостиная XL 3.2 м МДФ дуб сонома, тм Mebelain;54800
Арт. ДКР-RG-012 панно декор. дерево «Ловец снов» d50 см, тм Royal Garden;2800
Арт. ШО-906-972 шкаф для документов 90х40х200 ЛДСП дуб сонома, тм Бюрократ;11800
Арт. СВТ-1806-530 «Премиум» сервант 180х45х210 шпон дуб, тм Лером;42700
Арт. ПР-906-185 прихожая модул. 90х30х200 ЛДСП дуб, тм Сокол;14800
Арт. МДУЛ-906-D57 «Атриум» модуль витрина 90х40х210 стекло венге, тм Mebelain;20700
Арт. ОБ-СТ-558 стул обед. венский ротанг (2 шт), тм Stolline;6400
Арт. ДУ-3001-A54 диван угл. «Гавана» дельфин экокожа коричн., тм Сонум;71800
Арт. СТЖ-1006-B79 столик журн. трансформ. 100х60 ЛДСП дуб сонома, тм Tetchair;11800
Арт. КО-868-F01 «Бюрократ CH-868» кресло офисн. сетка фиолет.;7600
Арт. МТР-1420-F20 матрас «Vita Plus» 140х200 пружин. независим. латекс, тм Орматек;31800
Арт. МДУЛ-2406-754 «Гранд» гостиная мини 2.4 м ЛДСП венге, тм Hoff;38700
Арт. ТП-4040-A24 «Стокгольм» тумба прикров. 1-ящ 40х40х50 д.сонома, тм Anrex;4200
Арт. ТВ-1804-B78 «Атриум» тумба ТВ модул. с ящ. 180х45х55 ЛДСП белый, тм Mebelain;12700
Арт. КО-799-D86 «Бюрократ CH-799» кресло операт. сетка зелён.;6200
Арт. ПОД-4060-927 подушка декорат. 40х60 рогожка терракот, тм Этель;860
Арт. ТВ-1604-B77 «Скандик» тумба ТВ модул. 160х40х45 МДФ дуб сонома, тм Eltap;8400
Арт. МТР-1420-D23 матрас «Орматек Premium» 140х200 латекс натур. 7 зон, тм Орматек;42400
Арт. ЛТ-LED-D99 трек-система магнитн. LED 48В 1.5м белая, тм Эра;6800
Арт. КГ-3000-B56 кухня угл. «Венеция» 3.0х1.5 м МДФ беж., тм Stolline;78400
Арт. БС-5085-244 стул барн. со спин. экокожа коричн., тм Tetchair;58000
Арт. БАН-1104-A16 «Орхидея» банкетка с ящ. 110х40х48 ткань пыльн.роза, тм Лером;9200
Арт. КР-1620-118 «Софт» кровать дв. с мяг.изгол. 160х200 ткань, тм Lazurit;33800
Арт. ЛН-OFC-E12 лампа офисн. LED 12W складная USB чёрн., тм Camelion;2200
Арт. ТУС-905-A32 «Юниор» туал.столик с зерк. 90х40х80 ЛДСП бел./бирюз., тм Любимый дом;9700
Арт. КГ-2700-F24 кухня модул. «Хай-тек XL» 2.7 м МДФ глянец антрац., тм Сокол;52400
Арт. КАК-7080-105 «Кокон» кресло акцент. велюр горчичн., тм Tetchair;17800
Арт. ДН-2400-F27 диван прям. «Премиум» еврокниж. шенилл серый, тм Аскона;480
Арт. ОБВ-806-B31 обувница откидн. 4-секц. 80х25х110 ЛДСП белый, тм Икар;6400
Арт. ШК-2406-E57 шкаф-купе 3-дв. 240х60х225 МДФ венге, тм Hoff;459000
Арт. ДУ-2802-D32 диван угл. «Pushe Барс» аккорд. рогожка горчичн., тм Pushe;58900
Арт. КОМ-805-B83 комод узк. 80х30х95 МДФ глянец белый, тм Anrex;7400
Арт. ШП-1806-228 «Дакота» шкаф плат. 4-дв. 180х60х225 дуб, тм Mebelain;67900
Арт. ДЕТ-ЮН-019 «Юниор» уголок школьн. с надстр. 130х110 ЛДСП мята, тм Любимый дом;17400
Арт. СТ-1406-C96 стол письм. 140х60 ЛДСП венге, тм Anrex;6400
Арт. ДН-2200-815 диван прям. «Боровичи Стандарт» кн. рогожка беж., тм Боровичи-Мебель;31400
Арт. ДКР-ЭТЛ-016 часы настен. круг. d35 метал. рим.цифры чёрн., тм Этель;49000
Арт. ТУС-1204-725 «Карина» туал.столик с подсв. 120х45х80 МДФ, тм Lazurit;24800
Арт. ПУФ-5050-C25 «Манхэттен» пуф квадр. 50х50х42 рогожка графит, тм Сонум;4800
Арт. ТРН-DFC-010 «SC-S801» степпер поворотн. с эспанд. серебр., тм DFC;7800
Арт. ВН-АКТ-E27 «Лондон» пенал 35х30х170 МДФ серый 2-дв., тм Aquaton;12400
Арт. ДКР-ЭТЛ-006 картина модул. 3 шт «Париж» холст 100х50 ч/б, тм Этель;4800
Арт. КВ-25035 ковёр шерсть 250х350 ориент. бордо-беж., тм Меринос;24800
Арт. КО-1399-303 кресло операт. сетка беж., тм Бюрократ;4800
Арт. ШК-2406-#### шкаф-купе 3-дв. зерк. дуб сонома, тм Hoff;42700
Арт. КОН-PL-B20 контейнер пластик. герметич. 30х20х15 5л (3 шт), тм Алтек;320
Арт. КГ-2800-A03 кухня модул. «Скандинавия XL» 2.8 м МДФ белый, тм Stolline;58700
Арт. МДУЛ-1206-A39 «Гранд» модуль шкаф средн. 120х40х210 МДФ венге, тм Hoff;19800
Арт. ПР-ANR-011 «Гомель» шкаф плат. для прих. 90х40х210 ЛДСП дуб, тм Anrex;17400
Арт. ВН-MST-013 «Лилия» тумба под раков. 65х48х85 МДФ белая ножки, тм Misty;17400
Арт. МТР-0920-D20 матрас «Аскона Орматек Эконом» 90х200 беспруж. ватин, тм Аскона;6800
Арт. МТР-1620-A75 матрас «Vegas Hard» 160х200 беспруж. кокос жёсткий, тм Vegas;26400
Арт. ЗЕР-7090-C64 «Карина» зеркало настен. 70х90 рама МДФ графит, тм Lazurit;5800
Арт. КОМ-1205-607 «Тоскана» комод 5-ящ 120х45х95 МДФ, тм Любимый дом;14700
Арт. ПР-2006-B28 «Уют XL» прихожая компл. 200х35х215 венге, тм Сокол;29800
Арт. ССТ-1206-B74 стеллаж 120х35х200 6 полок МДФ дуб сонома, тм Сокол;12400
Арт. КОВ-Р-474 ковровая дорожка 80х300 шерсть классик, тм Витебск;7400
Арт. КО-MTT-D88 «Метта Y-7DF» кресло геймер. экокожа эргон. красн., тм Метта;52400
Арт. КВ-23034 ковёр шерсть 230х340 классик бордо, тм Витебск;19700
Арт. КШ-6080-014 шкаф кух. навесн. 60х30х72 ЛДСП бел., тм Сокол;3200
Арт. ЗЕР-7090-B58 «Берлин» зеркало настен. 70х90 рама венге, тм Mr Doors;5400
Арт. КР-1820-447 «Венеция» кровать дв. 180х200 экокожа белая, тм Lazurit;41200
Арт. ВН-1MK-008 «Стандарт» пенал ванн. 30х30х170 ЛДСП белый мат., тм 1MarKa;7900
Арт. ШО-2406-374 шкаф офисн. метал. 240х60х185 серый, тм Практик;26800
Арт. КГ-3000-D65 кухня модул. «Скандинавия XL» 3.0 м МДФ белый, тм Сокол;58900
Арт. ИЗГ-1820-C44 «Афина» изголовье 180х200 экокожа белая массив, тм Mebelain;21800
Арт. ДН-2000-A52 диван прям. «Мадрид» кн. велюр горчичн., тм Сонум;39800
Арт. ШК-2406-355 «Берлин» шкаф-купе 3-дв. зерк. 240х60х220, тм Hoff;3990
Арт. ПР-2006-C71 «Гомель» прихожая XL 200х35х215 ЛДСП дуб, тм Anrex;34800
Арт. КШ-1060-D71 шкаф кух. навесн. 100х30х72 ЛДСП белый, тм Сокол;4200
Арт. ЛТ-CL-892 люстра классич. 5 ламп бронза текстиль абажур, тм СветТех;9800
Арт. СТ-1206-C91 стол письм. 120х60 ЛДСП белый прямоуг., тм Anrex;5100
Арт. ШО-906-978 шкаф архивн. метал. 90х40х200 жалюзи серый, тм Практик;19800
Арт. ТП-4540-C06 «Версаль» тумба прикров. 45х40х55 МДФ глянец, тм Lazurit;7200
Арт. КРЗ-ТКЛ-B11 корзина для бельё ткань крышк. 50х35х55 серая, тм Этель;1400
Арт. ШП-1806-618 «Тоскана» шкаф плат. 3-дв. 180х60х225 МДФ, тм Любимый дом;36800
Арт. ХР-АЛТ-001 стеллаж гараж. метал. 100х40х200 5 полок 200 кг, тм Алтек;6800
Арт. КР-0820-941 «Капитошка» кровать детск. 80х160 ЛДСП бел./розов., тм Mr. Doors;14700
Арт. КО-BR-A93 «Бюрократ MC-411» кресло конф. кожа чёрн. хром, тм Бюрократ;11400
Арт. БАН-906-A31 «Юниор» банкетка 90х35х45 ткань голуб., тм Любимый дом;4400
Арт. ДУ-3001-D40 диван угл. «Eltap Хьюстон XL» аккорд. экокожа чёрн., тм Eltap;67800
Арт. ШК-1211-902 «Юниор» стол письм. угл. 120х110 ЛДСП бел./мята, тм Любимый дом;11800
Арт. КГ-2700-303 кухня модул. «Скандинавия» 2.7 м белая, тм Сокол;57800
Арт. ТП-4540-706 «Орхидея» тумба прикров. 2-ящ 45х40х50 дуб мол., тм Лером;6200
Арт. ДУ-3001-804 диван угл. «Сан-Ремо» аккорд. экокожа кор., тм Hoff;78400
Арт. МТР-1820-837 матрас «Ортопед» 180х200 беспруж. кокос-латекс, тм Орматек;39800
Арт. МТР-1820-D22 матрас «Орматек Hard» 180х200 кокос-пружина 7 зон, тм Орматек;46800
Арт. ОБ-СТ-E39 стул обед. «Виктория» полукрес. бархат изумруд (2 шт), тм Stolline;9400
Арт. ИЗГ-1820-C61 «Аделина» изголовье 180х200 экокожа сл.кость, тм Lazurit;16800
Арт. КО-TC-A94 «Tetchair Profi» кресло руковод. кожа премиум коричн., тм Tetchair;28400
Арт. КО-MTT-D89 «Метта BK-9» кресло операт. сетка эргон. синяя, тм Метта;17800
Арт.   тумба ТВ 140 ЛДСП венге метал.кар., тм Eltap;8400
Арт. КР-0820-088 кровать-чердак 80х200 ЛДСП бел./син., тм Сокол;17400
Арт. КО-BR-D95 «Бюрократ T-9909» кресло руковод. кожа премиум хром, тм Бюрократ;28400
Арт. БАН-1204-C43 «Афина» банкетка 120х45х50 кожа белая массив, тм Mebelain;17400
Арт. ТУМ-454-977 тумба офисн. подкат. 4-ящ замок 45х50х70 серая, тм Практик;7400
Арт. ШК-1506-196 шкаф-купе 2-дв. 150х60х220 ЛДСП дуб, тм Hoff;28400
Арт. КО-CHR-866 «Chairman 9801» кресло операт. сетка серая, тм Chairman;9700
Арт. ОБВ-1004-C81 «Атриум» обувница 100х30х110 ЛДСП венге, тм Сокол;6800
Арт. МТР-0820-D01 матрас «Optima» 80х200 пружин. независим. эконом, тм Аскона;9400
Арт. ОБ-1408-884 стол обед. раздв. 140-180х80 МДФ белый матовый, тм Stolline;19800
Арт. ТВ-1604-C49 «Орхидея» тумба ТВ 160х40х50 ЛДСП дуб молочн., тм Лером;9800
Арт. ТП-5050-585 «Премиум» тумба прикров. 50х45х55 шпон дуб, тм Лером;12400
Арт. СТО-1207-B47 стол офисн. компл. с тумб. 120х70 ЛДСП дуб, тм Бюрократ;13700
Арт. ВИТ-806-B82 витрина узк. 80х35х200 МДФ венге стекло, тм Сокол;17400
Арт. ТВ-2004-022 тумба ТВ с ящ. 200х45х55 МДФ глян., тм Сокол;12800
Арт. СТЖ-905-C63 «Карина» столик журн. 90х50х45 МДФ графит, тм Lazurit;6800
Арт. КО-CHR-D92 «Chairman 444» кресло руковод. экокожа чёрн., тм Chairman;16400
Арт. КОН-PL-B21 контейнер пластик. под обувь 35х20х12 (5 шт), тм Алтек;680
Арт. ТП-4540-296 тумба прикров. подвесн. 45х30х30 ЛДСП венге, тм СБК;2700
Арт. СВТ-1404-505 сервант 4-дв. 140х40х200 ЛДСП венге, тм Сокол;22400
Арт. СТ-1606-C99 стол письм. 160х60 ЛДСП венге, тм Anrex;7700
Арт. КР-1620-C01 «Версаль» кровать дв. 160х200 МДФ глянец слон.кость, тм Lazurit;42800
Арт. КР-1620-F09 «Лион» кровать дв. с подъём 160х200 ЛДСП дуб артизан, тм Mr. Doors;34800
Арт. ВТ-906-788 вешалка напольн. дерев. бук натур. 90х175, тм Икар;3400
Арт. ВН-АКТ-E24 «Сильва» комод ванный 50х35х80 МДФ венге, тм Aquaton;9800
Арт. КО-DRC-441 «Director» кресло руковод. кожа чёрн., тм Бюрократ;19400
Арт. ВН-ГРЦ-020 «Лагуна» навесн. шкафч. 50х25х65 МДФ глянец бел., тм Грация;5900
Арт. КО-868-008 «Бюрократ CH-868» кресло офисн. сетка красн.;7800
Арт. БАН-1004-A34 «Флоренция» банкетка прикров. 100х40х48 ткань ясень, тм Mebelain;14800
Арт. МТР-1420-D14 матрас «Vegas Hard» 140х200 беспруж. кокос жёсткий, тм Vegas;23800
Арт. КВ-23032 ковёр вискоза 230х320 классик беж., тм Меринос;18400
Арт. МТР-1420-A71 матрас «Vita Plus» 140х200 пружин. независим. латекс, тм Орматек;32400
Арт. ДН-2000-D34 диван прям. «Боровичи Эконом» кн. микровельв. серый, тм Боровичи-Мебель;26400
Арт. КР-0820-731 «Юниор» кровать подростк. 90х200 ЛДСП бел./бирюз., тм Любимый дом;13800
Арт. ТП-4540-629 «Тоскана» тумба прикров. 45х40х50 МДФ, тм Любимый дом;4800
Арт. ПР-ANR-010 «Гомель» прихожая модул. 240х35х215 ЛДСП дуб, тм Хофф;36400
Арт. БРА-300-B07 бра LED 12Вт дист. упр. метал. хром, тм Navigator;3400
Арт. МТР-1620-831 матрас «Баланс» 160х200 пружин. независим. кокос, тм Аскона;28400
Арт. ВН-АКТ-E31 «Северная Венеция» зеркало-шкаф 80х90 LED глянец, тм Aquaton;14400
Арт. СТО-1607-E42 стол офисн. угл. 160х80 ЛДСП белый, тм Бюрократ;14400
Арт. ТП-4540-C33 «Прованс» тумба прикров. 45х40х55 МДФ беж., тм Лером;6800
Арт. МТР-1620-A72 матрас «Vegas Soft» 160х200 беспруж. пена мемори, тм Vegas;28900
Арт. ЛТ-SP-E03 светильник спот встр. GU10 3шт хром, тм Эра;1400
Арт. ЛТ-LED-906 светильник встр. LED 18Вт квадр. 5шт, тм ЭкономСвет;1400
Арт. ДН-2400-A51 диван прям. «Конкорд» еврокниж. рогожка изумруд, тм Сонум;48700
Арт. КГ-1800-777 кухня модул. «Хай-тек» 1.8 м МДФ глянец чёрн., тм Сокол;39400
Арт. КР-1620-001 кровать дв. 160х200 ЛДСП молочн. дуб, тм Anrex;24700
Арт. МДУЛ-3406-A48 «Скандик» стенка гостин. 3.4 м МДФ белый матовый, тм Eltap;58900
Арт. ЛТ-LED-D98 светильник трек. LED 24Вт белый (комплект 5 шт), тм Camelion;4400
Арт. ТУС-1304-447 «Венеция» туал.столик 130х45х80 МДФ глян., тм Lazurit;24700
Арт. ДЕТ-ШК-017 «Школьник» подставка под монит. ЛДСП беж., тм Любимый дом;1800
Арт. ТП-5045-A30 «Карина» тумба прикров. 3-ящ 50х45х55 МДФ графит, тм Lazurit;8400
Арт. ТРН-SE-004 «Step» степпер мини с поручн. чёрн./красн., тм Sportelite;6400
Арт. БС-5085-872 стул барн. «Bistro» 50х45х85 ротанг кр.спинка, тм Tetchair;5800
Арт. СТ-1206-441 «Юниор» книжн. шкаф откр. 80х30х170 ЛДСП мята, тм Любимый дом;5800
Арт. КР-1620-C67 «Скандик» кровать дв. 160х200 ЛДСП дуб сонома, тм Eltap;26400
Арт. КАР-405-341 картотека 4-ящ метал. серая А4, тм Практик;9800
Арт. ХР-ПРК-006 ящик метал. инструм. 50х25х25 на ключе серый, тм Практик;2400
Арт. ДН-2400-118 диван прям. «Лондон» еврокниж. рогожка беж., тм Eltap;47800
Арт. ДН-2200-090 диван прям. еврокниж. рогожка беж. 220х90, тм Eltap;38900
Арт. МДУЛ-906-A44 «Атриум» модуль шкаф 90х40х210 ЛДСП венге, тм Mebelain;15800
Арт. КУШ-2008-C26 «Манхэттен» кушетка 200х80х70 ткань микровельв. беж., тм Сонум;32400
Арт. МТР-0820-A79 матрас детск. 80х160 беспруж. пена мемори, тм Vegas;9700
Арт. ТП-4045-274 тумба прикров. 2-ящ 40х40х50 ЛДСП белый, тм СБК;3200
Арт. КШ-4080-D73 шкаф кух. напольн. с ящ. 40х60х85 ЛДСП венге, тм Stolline;4800
Арт. КОН-PL-B19 контейнер пластик. для овощей 40х30х20 с крышк., тм Алтек;420
Арт. МДУЛ-1606-A43 «Атриум» модуль ТВ 160х45х55 ЛДСП белый, тм Mebelain;13400
Арт. КРЗ-ТКЛ-B14 корзина склад. ткань 30х20х15 беж. (4 шт), тм Алтек;680
Арт. ТВ-1604-765 «Атриум» тумба ТВ модул. 160х45х50 ЛДСП венге, тм Mebelain;11400
Арт. КГ-2400-D64 кухня модул. «Скандинавия» 2.4 м МДФ белый, тм Сокол;47800
Арт. МДУЛ-1006-D58 «Атриум» модуль шкаф 100х40х210 ЛДСП венге, тм Mebelain;16800
Арт. ВН-1MK-009 «Соната» тумба напольн. с раков. 80х50х85 бел., тм 1MarKa;19800
Арт. КР-1820-C68 «Скандик» кровать дв. 180х200 ЛДСП дуб сонома, тм Eltap;29800
Арт. ДН-2000-810 диван прям. «Финляндия» еврокн. велюр горчичн., тм Сонум;44800
Арт. КО-FX3-860 «Бюрократ FX-3» кресло геймер. ткань серая RGB;18400
Арт. МДУЛ-1606-D54 «Гранд» модуль ТВ 160х45х55 МДФ глянец белый, тм Hoff;13200
Арт. ЛТ-LED-A96 светильник трек. LED 24Вт чёрн. (комплект 4 шт), тм Navigator;3400
Арт. КВ-08016 ковёр прикров. 80х150 акрил серый, тм Меринос;2400
Арт. ВН-AQW-010 «5 Stars Cube» тумба подвесн. 60х45х50 дуб светл., тм Aqwella;21400
Арт. ЛТ-LED-E09 светильник потолоч. LED 48Вт smart RGB пульт, тм Navigator;3700
Арт. ХР-ЭТЛ-008 ящик для хран. ткань с крышк. 40х30х25 серый, тм Этель;520
Арт. КР-1620-228 «Дакота» кровать дв. 160х200 массив дуб, тм Mebelain;52800
Арт. БРА-080-999 бра дет. рис.облака LED 8Вт пластик голуб., тм Camelion;1400
Арт. ПР-ANR-012 «Брест» компл. прих. 180х30х200 ЛДСП белый, тм Anrex;25400
Арт. СТ-1406-C95 стол письм. 140х60 ЛДСП дуб сонома, тм Anrex;6400
Арт. КРЗ-ТКЛ-924 корзина для хран. ткань склад. 35х35х35 беж., тм Этель;620
Арт. ДУ-2602-A61 диван угл. «Pushe Меган» дельфин велюр изумруд, тм Pushe;54700
Арт. ПР-1606-C76 «Брест» прихожая модул. 160х30х200 ЛДСП белый, тм Anrex;22800
Арт. КР-1620-741 «Флоренция» кровать дв. 160х200 массив ясень, тм Mebelain;58400
Арт. ВИТ-1206-808 витрина 2-секц. 120х40х205 МДФ белый, тм Сокол;24800
Арт. ВН-ГРЦ-018 «Прованс» зерк.-шкаф ванный 70х75 МДФ беж. LED, тм Грация;9800
Арт. ТУС-1104-303 «Прага» туал.столик 110х50х80 массив бук, тм Mebelain;23800
Арт. КО-BR-A89 «Бюрократ KB-9N» кресло детск. ткань рис.машинки, тм Бюрократ;7400
Арт. ДКР-ЭТЛ-004 статуэтка «Сова» керамика 15х10х20 беж., тм Этель;900
Арт. КОМ-1204-014 «Аделина» комод 4-ящ 120х45х85 МДФ глянец, тм Lazurit;18900
Арт. ВТ-906-C78 «Брест» вешалка-стойка 90х30х200 ЛДСП белый, тм Anrex;4800
Арт. ВН-АКТ-002 «Леон» зеркало-шкаф 65х80 LED подсвет. бел., тм Aquaton;9700
Арт. КАР-2006-296 каркас-шкаф метал. сборн. 200х50х180 серый, тм Практик;7800
Арт. КОМ-805-732 «Юниор» комод 4-ящ 80х40х85 ЛДСП бел./бирюз., тм Любимый дом;7400
Арт. ДН-2000-D28 диван прям. «Сонум Ритм» кн. шенилл изумруд, тм Сонум;43400
Арт. ШО-806-196 шкаф для одежды офисн. 80х50х190 ЛДСП, тм Бюрократ;9700
Арт. КО-868-005 «Бюрократ» кресло офисн. эрг. сетка чёрн.;7600
Арт. ПР-ANR-D79 «Брест» шкаф плат. для прих. 90х40х200 белый, тм Anrex;16800
Арт. ПОД-4040-929 подушка декорат. дет. 40х40 рис.котики, тм Этель;680
Арт. ОРГ-ТКЛ-B23 органайзер ткан. для бельё подвесн. 6 ящ. 30х15х130, тм Этель;1100
Арт. КВ-18024 ковёр вискоза 180х240 модерн беж., тм Меринос;11400
Арт. КШ-4080-088 шкаф кух. пенал 40х60х200 ЛДСП дуб артизан, тм Сокол;9800
Арт. КОМ-1004-B62 комод 5-ящ 100х40х95 МДФ глянец белый, тм MebelKing;14800
Арт. ВН-АКТ-E19 «Йорк» полка-этажерка ванн. 35х25х80 МДФ белый, тм Aquaton;4200
Арт. КР-1620-110 «Берлин» кровать дв. 160х200 ЛДСП д.сонома, тм Hoff;31500
Арт. ССТ-806-C50 «Орхидея» стеллаж 80х30х180 4 полки дуб молочн., тм Лером;6400
Арт. ПР-2006-207 прихожая с шкафом 200х35х215 венге, тм Сокол;31200
Арт. КО-CHR-D91 «Chairman 950» кресло руковод. кожа премиум хром, тм Chairman;42800
Арт. ШК-2406-C14 «Лион» шкаф-купе 3-дв. зерк. 240х60х225 артизан, тм Mr. Doors;47400
Арт. КГ-BAR-A10 кухонн. барная стойка 180х40х110 ЛДСП белый, тм Сокол;14800
Арт. ЛТ-LED-A97 светильник трек. LED 18Вт белый (комплект 6 шт), тм Navigator;4200
Арт. ЛН-RGB-912 лампа наст. RGB сенсор. круг. база метал., тм Camelion;2700
Арт. ЗЕР-7011-C45 «Афина» зеркало в раме 70х110 массив ясень, тм Mebelain;8900
Арт. КГ-3000-A07 кухня модул. «Хай-тек XL» 3.0 м глянец серый, тм Сокол;67800
Арт. БС-4080-258 стул барн. со спин. 40х40х80 ротанг, тм Tetchair;3800
Арт. ВН-АКТ-E17 «Йорк» пенал ванный 35х30х170 МДФ белый, тм Aquaton;10400
Арт. ОБ-1808-886 стол обед. овал. 180х90 массив бук натур., тм Mebelain;32400
Арт. ХР-ПРК-005 стеллаж усил. MS-200/100х40 5 полок 200 кг, тм Практик;7400
Арт. ЛТ-PND-907 подвес декоратив. метал. золото 1 лампа эдисон, тм ЭкономСвет;2400
Арт. ШК-2706-396 шкаф-купе угл. 270х90х225 ЛДСП венге, тм Mr. Doors;67400
Арт. ВН-АКТ-E20 «Сильва» тумба под раков. 65х48х85 МДФ венге, тм Aquaton;18400
Арт. ДН-1909-818 диван прям. «Бавария» кн. микрофибра коричн., тм Eltap;33400
Арт. ССТ-1106-225 стеллаж 110х30х200 6 полок ЛДСП венге, тм Сокол;8900
Арт. ШП-1806-C40 «Афина» шкаф плат. 4-дв. 180х60х230 ясень масс., тм Mebelain;67400
Арт. ТП-4540-C15 «Лион» тумба прикров. 2-ящ 45х40х50 артизан, тм Mr. Doors;5400
Арт. ЛТ-SP-B04 светильник спот встр. GU10 6шт хром, тм Эра;2700
Арт. СТЖ-606-066 столик кофейн. 60х60х50 массив бук, тм Mebelain;7800
Арт. БС-5085-E40 стул барн. со спин. экокожа графит хром, тм Tetchair;5200
Арт. ДН-1900-D38 диван прям. «Eltap Лиссабон» кн. микровельв. серый, тм Eltap;28900
Арт. ТП-5045-285 тумба прикров. 50х40х50 МДФ глянец, тм СБК;4800
Арт. МДУЛ-2806-D55 «Атриум» гостиная стенка 2.8 м ЛДСП венге, тм Mebelain;47800
Арт. МТР-1620-D21 матрас «Орматек Soft» 160х200 пружин. мемори топпер, тм Орматек;38400
Арт. ШП-2206-C62 «Карина» шкаф плат. 6-дв. 220х65х230 МДФ графит, тм Lazurit;72400
Арт. ДУ-2600-141 диван угл. еврокн. рогожка серый, тм Hoff;4790
Арт. БАН-1204-C83 «Атриум» банкетка с обув. 120х35х50 ЛДСП венге, тм Сокол;6900
Арт. ВН-АКТ-E18 «Йорк» навесн. шкафч. 60х25х70 МДФ белый, тм Aquaton;6400
Арт. КР-1820-C12 «Лион» кровать дв. 180х200 ЛДСП дуб артизан, тм Mr. Doors;32400
Арт. МТР-1420-844 матрас «Софт» 140х200 беспруж. пена мемори 5 см, тм Аскона;18900
Арт. КОМ-805-C52 «Орхидея» комод 3-ящ 80х40х80 ЛДСП дуб молочн., тм Лером;9800
Арт. ШПК-905-318 шкаф плат. кор. купе 90х50х200 зеркало, тм Hoff;19400
Арт. МДУЛ-2806-F23 «Скандик» стенка гостин. 2.8 м МДФ дуб сонома, тм Eltap;51800
Арт. КАК-8585-822 кресло «Босс XL» вращ. экокожа чёрн., тм Tetchair;19800
Арт. ДН-2000-816 диван прям. «Боровичи Уют» еврокн. ткань серая, тм Боровичи-Мебель;36900
Арт. ИЗГ-1620-A33 «Флоренция» изголовье 160х200 кожа белая, тм Mebelain;22800
Арт. СТО-1207-418 стол офисн. эргон. угл. 120х80 ЛДСП дуб, тм Бюрократ;13800
Арт. БАН-1004-F15 «Афина» банкетка прикров. 100х40х48 ткань беж. ясень, тм Mebelain;13400
Арт. МТР-0920-A80 матрас «Топпер» 90х200 латекс 5 см натур., тм Аскона;8400
Арт. ДН-2000-A59 диван прям. «Pushe Уют XL» еврокн. ткань микровельвет, тм Pushe;42400
Арт. ЗЕР-8016-274 зеркало напольн. 80х160 рама дерево, тм Икар;9800
Арт. ЗЕР-7110-994 зеркало напольн. 70х170 рама метал. чёрн., тм Икар;11400
Арт. ТУМ-454-B49 тумба офисн. с замком 45х50х70 метал. серая, тм Практик;8400
Арт. КГ-1800-D66 кухня прям. «Кантри XL» 1.8 м МДФ беж. матов., тм Stolline;36400
Арт. БАН-1004-B68 «Дакота» банкетка 100х40х48 кожа коричн. массив, тм Mebelain;11400
Арт. СТ-1512-070 «Бостон» стол угл. с надстр. 150х120 ЛДСП венге, тм Сокол;9800
Арт. ЯР-PL-B15 ящик пластик. с крышк. 80х40х30 60л прозр., тм Алтек;1200
Арт. БАН-1004-022 «Берлин» банкетка с ящ. 100х40 ткань беж., тм Hoff;6700
Арт. ОТТ-7070-163 оттоманка прикров. 70х70х45 экокожа бел., тм Tetchair;6400
Арт. ВН-АКТ-E22 «Сильва» зеркало-шкаф 65х78 LED венге МДФ, тм Aquaton;10200
Арт. КОМ-1004-303 «Прага» комод 6-ящ 100х50х100 массив бук, тм Mebelain;26900
Арт. МТР-1420-A67 матрас «Optima» 140х200 пружин. независим. эконом, тм Аскона;17400
Арт. МДУЛ-3206-761 «Атриум» гостиная стенка 3.2 м ЛДСП венге, тм Mebelain;52400
Арт. КОМ-805-C66 «Скандик» комод 4-ящ 80х40х90 МДФ дуб сонома, тм Eltap;9800
Арт. ЛТ-MOD-895 люстра модерн 3 лампы стекло хром, тм Navigator;6200
Арт. ТУС-1204-C41 «Афина» туал.столик 120х50х80 ясень белый, тм Mebelain;28900
Арт. ДН-2200-D33 диван прям. «Боровичи Классик» кн. рогожка беж., тм Боровичи-Мебель;34800
Арт. КР-1620-596 «Тоскана» кровать дв. с ящ. 160х200 МДФ, тм Любимый дом;32400
Арт. КР-1620-C28 «Прованс» кровать дв. 160х200 МДФ беж. матовый, тм Лером;38400
Арт. КОМ-9005-B57 «Аделина» комод 5-ящ 90х50х100 МДФ глянец, тм Lazurt;19800
Арт. СВТ-1604-B81 сервант 2-дв. 160х40х200 ЛДСП дуб артизан, тм Сокол;21400
Арт. ТП- тумба прикров. 1-ящ 40х35х50 ЛДСП д.сонома, тм СБК;2900
Арт. ЯР-PL-923 ящик пластик. с крышк. 60х40х30 30л синий, тм Алтек;780
Арт. ПОД-5050-069 подушка декорат. 50х50 рогожка беж., тм Этель;920
Арт. ПУФ-4545-C47 «Орхидея» пуф квадр. 45х45х42 ткань пыльн.роза, тм Лером;3400
Арт. ИЗГ-1620-A17 «Орхидея» изголовье мяг. 160х200 экокожа дуб мол., тм Лером;14800
Арт. КО-CHR-A86 «Chairman 442» кресло руковод. экокожа коричн. хром, тм Chairman;17800
Арт. СТ-1206-C92 стол письм. 120х60 ЛДСП дуб сонома, тм Anrex;5100
Арт. ПУФ-4545-728 «Карина» пуф с ящ. 45х45х42 экокожа графит, тм Lazurit;4400
Арт. СТ-1206-441 стол письм. угл. с надстр. 150х70 ЛДСП дуб сонома, тм Сокол;9400
Арт. ТРН-SE-003 «Pro» эллипс магнит. 10 уровн. дисплей LCD, тм Sportelite;28700
Арт. ХР-АЛТ-011 контейнер пластик с крышк. 60х40х30 50л прозр., тм Алтек;1100
Арт. ШП-1606-218 шкаф плат. 3-дв. 160х55х210 ЛДСП белый, тм Anrex;27300
Арт. БРА-200-897 бра LED 8Вт сенсор. метал. золото, тм Camelion;2100
Арт. КР-1620-660 «Норд» кровать дв. 160х200 ЛДСП дуб артизан, тм Anrex;22400
Арт. ПР-1606-C70 «Гомель» прихожая модул. 160х35х215 ЛДСП дуб, тм Anrex;28400
Арт. ДУ-2602-D26 диван угл. «Аскона Норд» дельфин велюр графит, тм Аскона;68900
Арт. ЛНП-200-B08 торшер дугообр. 200 см метал. золото абажур текст., тм СветТех;9800
Арт. ОБ-СТ-881 стул обед. «Лофт» метал.кар. сидение ясень (2 шт), тм Stolline;7800
Арт. СТ-1406-505 стол письм. 140х60 ЛДСП д.сонома, тм Сокол;6400
Арт. ПР-1206-B25 «Минимал» прихожая 120х35х210 ЛДСП дуб сонома, тм Икар;18900
Арт. КР-1620-A25 «Стокгольм» кровать дв. 160х200 ЛДСП д.сонома, тм Anrex;26800
Арт. МТР-1220-D07 матрас «Vita Plus» 120х200 пружин. независим. латекс, тм Орматек;28400
Арт. МДУЛ-1206-D52 «Гранд» модуль шкаф 120х40х210 ЛДСП венге, тм Hoff;19400
Арт. КОМ-1205-F12 «Манхэттен» комод 5-ящ 120х45х95 ЛДСП графит, тм Сонум;16400
Арт. КГ-2400-776 кухня модул. «Прованс XL» 2.4 м МДФ оливк., тм Stolline;54800
Арт. ТРН-DFC-012 «B5000» велотренаж. горизонт. эргон. чёрн., тм DFC;19800
Арт. СТЖ-805-303 «Кофе» столик журн. 80х50 ЛДСП д.сонома, тм Eltap;3700
Арт. СТ-1406-E49 стол письм. с тумбой 140х60 ЛДСП венге, тм Mr Doors;9700
Арт. ДН-2200-A55 диван прям. «Аскона Прайм» еврокн. шенилл серый, тм Аскона;58400
Арт. ШК-2406-022 стол письм. 120х60 ЛДСП белый, тм Anrex;5200
Арт. ПУФ-4545-C08 «Версаль» пуф квадр. 45х45х42 экокожа сл.кость, тм Lazurit;4400
Арт. КУШ-1908-152 кушетка дв. с ящ. 190х80х75 ткань серая, тм Eltap;22400
Арт. ПР-СКЛ-004 «Кантри» обувница откр. 90х30х50 ЛДСП дуб, тм Сокол;5400
Арт. КШ-1206-441 книжн. шкаф 2-дв. 120х35х220 ЛДСП белый, тм Сокол;17800
Арт. ИЗГ-1820-A18 «Орхидея» изголовье мяг. 180х200 экокожа дуб мол., тм Лером;16400
Арт. КР-1820-C29 «Прованс» кровать дв. 180х200 МДФ беж. матовый, тм Лером;41800
Арт. КО-1110-185 «Director DLX» кресло руковод. кожа премиум, тм Бюрократ;28400
Арт. ИЗГ-1620-C60 «Аделина» изголовье 160х200 экокожа сл.кость, тм Lazurit;14400
Арт. ПУФ-5050-447 «Венеция» пуф круг. 50х45 экокожа бел., тм Lazurit;4100
Арт. МТР-1820-A77 матрас «Promtex Gold» 180х200 гибрид мемори+латекс, тм Promtex;44700
Арт. КШ-8080-022 шкаф кух. напольн. 80х60х85 ЛДСП дуб, тм Сокол;5400
Арт. СЕЙ-404-B52 сейф мебельн. метал. кодов.замок 40х30х30, тм Практик;9800
Арт. ВН-AQW-011 «5 Stars Cube» зерк.-шкаф 60х70 LED дуб светл., тм Aqwella;14700
Арт. ШП-1606-352 «Соня» шкаф плат. 3-дв. 160х55х220 венге, тм Lazurit;28700
Арт. КР-1604-901 «Юниор» комод 4-ящ 80х40х90 ЛДСП бел./мята, тм Любимый дом;8700
Арт. ШК-1806-C54 «Стокгольм» шкаф-купе 2-дв. 180х60х220 д.сонома, тм Anrex;31800
Арт. ДУ-2802-141 диван угл. модул. «Хьюстон» велюр графит, тм Eltap;74900
Арт. ЛН-LED-E11 лампа наст. LED 10W сенсор. метал. золото, тм Эра;2400
Арт. ДЕТ-TET-014 «Tetris» кровать односпал. 90х200 с ящ. дуб, тм Mr. Doors;18700
Арт. ПР-ИКР-D81 «Уют» прихожая с шкафом 180х35х215 ЛДСП венге, тм Икар;27800
Арт. СТЖ-906-C48 «Орхидея» столик журн. 90х50х45 ЛДСП дуб молочн., тм Лером;4400
Арт. ОБ-1208-885 стол обед. круг. d120 МДФ дуб сонома, тм Stolline;14400
Арт. ШК-1004-B64 кровать дв. 160х200 ЛДСП дуб сонома, тм Mr. Doors;26400
Арт. ВН-#### «Кантри» навесн. шкафч. ванный 60х24х70 МДФ слон.кость, тм Misty;6900
Арт. ОБ-СТ-441 стул обед. дерев. ткань беж. (4 шт), тм Stolline;9800
Арт. ПЛ-ФЛ-933 плед флис 200х220 уютный беж., тм Этель;1800
Арт. ДКР-ЭТЛ-007 картина «Прованс» холст 60х80 рама дерево, тм Этель;3700
Арт. КО-CHR-864 «Chairman 668» кресло руковод. кожа премиум, тм Chairman;36400
Арт. ДУ-3002-811 диван угл. «Манчестер» модул. кожа коричн., тм Сонум;89400
Арт. КРЗ-ВЛ-B13 корзина войлок прямоуг. 40х30х30 беж., тм Этель;920
Арт. МТР-1420-833 матрас «Баланс» 140х200 пружин. независим. кокос, тм Аскона;24800
Арт. ДН-1909-805 диван прям. «Уют» кн. ткань микровельвет, тм Pushe;34700
Арт. МДУЛ-4006-763 «Атриум» гостиная макси 4.0 м МДФ венге, тм Mebelain;78900
Арт. ССТ-906-B59 стеллаж 90х30х190 5 полок ЛДСП дуб сонома, тм Сокол.;7400
Арт. КО-TC-867 «Tetchair Step» кресло операт. ткань серая, тм Tetchair;6400
Арт. ЛН-LED-901 лампа наст. LED 8W складная USB-C белая, тм Camelion;1900
Арт. МДУЛ-3506-753 «Гранд» гостиная модул. 3.5 м МДФ глянец белый, тм Hoff;67400
Арт. ЛТ-LED-894 люстра LED 80Вт smart RGB пульт, тм Navigator;14700
Арт. СТО-2007-974 стол офисн. руковод. 200х90 МДФ шпон орех, тм Бюрократ;36800
Арт. ДУ-2802-A53 диван угл. «Барселона» еврокн. рогожка беж., тм Сонум;62400
Арт. КР-1620-E56 кровать дв. 160х200 ЛДСП белый ортопед., тм Lazurit;3490
Арт. ТУМ-905-363 тумба выкатн. метал. 3-ящ 40х50х60 серая, тм Практик;4900
Арт. ОБ-1408-E38 стол обед. круг. d140 массив бук натур., тм Mebelain;32800
Арт. КУШ-2008-F16 кушетка «Сонум Лофт» 200х80х70 экокожа коричн., тм Сонум;31800
Арт. ПУФ-4040-A36 «Флоренция» пуф квадр. 40х40х45 кожа белая, тм Mebelain;6900
Арт. КР-1620-C11 «Лион» кровать дв. 160х200 ЛДСП дуб артизан ортопед., тм Mr. Doors;29800
Арт. КР-1620-203 кровать дв. 160х200 массив сосны орех, тм Mebelain;42300
Арт. ВН-АКТ-E30 «Северная Венеция» тумба под раков. 80х48х85 МДФ глянец, тм Aquaton;26800
Арт. СТЖ-906-C36 «Прованс» столик журн. 90х50х45 МДФ беж. матов., тм Лером;4800
Арт. ВН-1MK-007 «Палермо» зеркало-шкаф 70х80 LED бел. глянец, тм 1MarKa;10800
Арт. ЯР-PL-922 ящик пластик. с крышк. 40х30х25 12л прозр., тм Алтек;480
Арт. МТР-1820-D13 матрас «Vegas Hard» 180х200 беспруж. кокос жёсткий, тм Vegas;30400
Арт. КР-1620-001 «Аделина» кровать дв. с подъём.мех. 160х200 экокожа беж., тм Lazurit;36900
Арт. КОМ-805-716 «Стокгольм» комод 4-ящ 80х40х90 ЛДСП д.сонома, тм Anrex;8400
Арт. КАК-7080-D44 кресло «Сонум Лофт» дерев. ножки ткань горчичн., тм Сонум;17400
Арт. ЯР-PL-B17 ящик пластик. под кровать 70х40х15 25л прозр., тм Алтек;860
Арт. ВИТ-906-756 «Гранд» витрина модул. 90х40х210 МДФ глянец, тм Hoff;22700
Арт. ШП-1106-733 «Юниор» шкаф плат. 2-дв. 110х50х200 бел./бирюз., тм Любимый дом;17800
Арт. ТУС-1204-429 туал.столик с подсв. LED 120х40х80 МДФ, тм Mr. Doors;19800
Арт. КР-1620-110 «Берлин» кровать дв. 160х200 ЛДСП д.сонома, тм Hoff;31500
Арт. ВН-АКТ-003 «Сильва» пенал ванный 35х30х170 МДФ венге 2-дв., тм Aquaton;11400
Арт. БАН-1204-B34 банкетка прихож. с обув. 120х35х50 ЛДСП дуб, тм Икар;6700
Арт. БАН-1104-014 «Аделина» банкетка 110х40х45 экокожа, тм Lazurit;7800
Арт. ДН-2000-D25 диван прям. «Аскона Дрим» кн. рогожка серый, тм Аскона;37800
Арт. ДЕТ-ШК-006 «Школьник» стол письм. 110х60 ЛДСП бел./беж., тм Любимый дом;7400
Арт. ОБВ-6045-787 обувница 6-секц. 100х25х110 ЛДСП венге, тм Икар;6400
Арт. КРЗ-РТ-925 корзина плетён. ротанг 40х40х35 натур., тм Этель;1400
Арт. ЗЕР-6080-C35 «Прованс» зеркало настен. 60х80 рама МДФ беж., тм Лером;4900
Арт. КШ-3060-A11 шкаф кух. навесн. 30х30х72 узкий ЛДСП белый, тм Сокол;2400
Арт. ПУФ-7035-152 пуф-банкетка 70х35х42 велюр изумруд, тм Tetchair;4200
Арт. ТУС-1004-418 туал.столик «Лиана» 100х40х80 МДФ белый, тм Mr. Doors;13700
Арт. ВТ-806-C74 «Гомель» вешалка-стойка 80х30х200 ЛДСП дуб, тм Anrex;4900
Арт. КО-808-D83 «Бюрократ CH-808» кресло руковод. экокожа коричн.;12400
Арт. КР-1620-751 «Гранд» гостиная стенка модул. 3.2 м МДФ венге, тм Hoff;58900
Арт. КОВ-Р-B38 ковровая дорожка 60х250 нейлон ориент. беж., тм Витебск;3800
Арт. ВН-АКТ-E28 «Лондон» навесн. шкафч. 60х25х70 МДФ серый, тм Aquaton;6800
Арт. КОВ-Р-B37 ковровая дорожка 90х500 акрил классик серая, тм Меринос;9200
Арт. ДН-1800-809 диван прям. «Тревизо» кн. рогожка терракот, тм Сонум;38400
Арт. КОМ-1004-E54 комод 5-ящ 100х45х95 МДФ белый матов., тм PromMebel;18900
Арт. КР-1620-002 «Аделина» кровать дв. с подъём.мех. 160х200 экокожа беж., тм Lazurit;36900
Арт. ССТ-806-C19 «Лион» стеллаж 80х30х190 5 полок ЛДСП артизан, тм Mr. Doors;7800
Арт. КШ-905-529 «Премиум» книжн. шкаф 90х35х220 шпон дуб, тм Лером;28400
Арт. ШП-906-C85 «Атриум» шкаф плат. 90х40х210 ЛДСП венге, тм Сокол;15800
Арт. ДУ-3001-A62 диван угл. «Pushe Капри» аккорд. ткань шенилл серый, тм Pushe;62800
Арт. БРА-160-898 бра двойн. 2 лампы поворотн. метал. чёрн., тм Эра;2800
Арт. ТУС-1104-965 «Лагуна» туал.столик 110х45х80 МДФ глянец бел., тм Anrex;18900
Арт. ВН-АКТ-E29 «Лондон» комод напольн. 55х35х80 МДФ серый, тм Aquaton;10200
Арт. ЗЕР-4060-995 зеркало настен. 40х60 рама дерев. дуб, тм Икар;3200
Арт. ЛН-USB-F03 шкаф плат. 3-дв. 180х60х225 ЛДСП белый, тм Anrex;1450
Арт. КО-TC-868 «Tetchair Trendy» кресло руковод. экокожа коричн., тм Tetchair;13700
Арт. КАК-7575-118 «Босс» кресло акцент. 75х75 кожа коричн., тм Tetchair;22800
Арт. ОТТ-8080-A65 оттоманка «Сонум» 80х80х45 экокожа коричн., тм Сонум;8400
Арт. ШП-1606-303 «Прага» шкаф плат. 3-дв. 160х60х220 массив, тм Mebelain;54300
Арт. ДЕТ-TET-021 «Tetris» книжн. шкаф 80х35х180 ЛДСП дуб артизан, тм Mr. Doors;9700
Арт. ТП-4035-308 тумба прикров. 1-ящ 40х35х50 ЛДСП д.сонома, тм СБК;2900
Арт. БАН-1204-228 «Дакота» банкетка 120х45х50 кожа коричн., тм Mebelain;14600
Арт. ССТ-806-735 «Юниор» стеллаж 80х30х170 4 полки бел./бирюз., тм Любимый дом;5400
Арт. ПР-906-B26 «Минимал» прихожая узк. 90х30х200 ЛДСП белый, тм Икар;13700
Арт. ПР-СКЛ-002 «Атриум» прихожая мини 110х30х200 ЛДСП венге, тм Сокол;18400
Арт. ДУ-2702-D39 диван угл. «Eltap Атланта» дельфин велюр графит, тм Eltap;52400
Арт. КО-571-851 «Бюрократ CH-571» кресло операт. сетка серая;6800
Арт. ПОД-5050-928 подушка декорат. 50х50 велюр изумруд, тм Этель;980
Арт. ЛТ-LF-893 люстра «Лофт» 4 лампы метал. чёрн. эдисон, тм СветТех;5800
Арт. КВ-20029 ковёр шерсть 200х290 классик беж., тм Витебск;14200
Арт. МДУЛ-906-A41 «Гранд» модуль витрина 90х40х210 МДФ глянец стекло, тм Hoff;21700
Арт. КО-MTT-861 «Метта Samurai S» кресло руковод. кожа эргон., тм Метта;42800
Арт. СТЖ-806-B80 столик журн. круг. d80 МДФ глянец белый, тм Tetchair;6400
Арт. ПУФ-4040-C59 «Аделина» пуф квадр. 40х40х42 экокожа сл.кость, тм Lazurit;3900
Арт. ШП-905-944 «Капитошка» шкаф плат. 90х50х190 ЛДСП бел./розов., тм Mr. Doors;15800
Арт. КГ-OS-A09 кухонн. остров «Шеф XL» 160х90х90 МДФ дуб, тм Stolline;48400
Арт. СТ-1406-C94 стол письм. 140х60 ЛДСП белый, тм Anrex;6400
Арт. КГ-3200-D63 кухня модул. «Манхэттен» 3.2 м МДФ серый матовый, тм Stolline;72400
Арт. СЕЙ-505-B51 сейф офисн. метал. ключ.замок 50х40х50 чёрн., тм Практик;22400
Арт. ПОД-6060-085 подушка декорат. круг. 60 велюр желтый, тм Этель;1450
Арт. КР-1620-961 «Лагуна» кровать дв. 160х200 МДФ глянец белый, тм Anrex;36800
Арт. КОМ-1205-C30 «Прованс» комод 5-ящ 120х45х95 МДФ беж. матов., тм Лером;18900
Арт. КОМ-1205-228 «Дакота» комод 4-ящ 120х50х95 массив дуб, тм Mebelain;28400
Арт. КР-1820-F28 «Афина» кровать дв. 180х200 массив ясень, тм Mebelan;58700
Арт. ДН-2400-D30 диван прям. «Pushe Гранд» еврокн. кожа премиум коричн., тм Pushe;67400
Арт. КО-MTT-A85 «Метта Y-4DF» кресло геймер. экокожа эргон. RGB, тм Метта;48400
Арт. КШ-1206-518 книжн. шкаф 3-дв. 120х35х200 МДФ венге, тм Сокол;19800
Арт. ШК-1806-505 «Лофт» шкаф-купе 2-дв. 180х60х220 венге, тм Eltap;36800
Арт. ДЕТ-ЮН-005 «Юниор» шкаф плат. 2-дв. 90х50х200 бел./мята, тм Любимый дом;18900
Арт. ТВ-1604-C65 «Карина» тумба ТВ 160х45х50 МДФ графит, тм Lazurit;13400
Арт. КОМ-805-953 «Школьник» комод 3-ящ 80х40х80 ЛДСП бук, тм Любимый дом;6200
Арт. ТВ-1804-755 «Гранд» тумба ТВ модул. 180х45х50 МДФ глянец, тм Hoff;13800
Арт. КГ-2600-B53 кухня модул. «Кантри» 2.6 м МДФ беж. матовый, тм Stolline;52400
Арт. ЯР-А3-921 ящик архивн. картон А3 45х35х30 (5 шт), тм Практик;1600
Арт. ДЕТ-TET-018 «Tetris» тумба прикров. 45х40х50 ЛДСП дуб артизан, тм Mr. Doors;4400
Арт. ДН-2200-D41 диван прям. модул. 4-секц. «Eltap Гавана» рогожка серый, тм Eltap;58900
Арт. КГ-2400-A05 кухня угл. «Лофт» 2.4х1.6 м ЛДСП венге, тм Stolline;67400
Арт. ВИТ-906-541 «Премиум» витрина 90х40х210 шпон дуб стекло, тм Лером;31800
Арт. ТП-4040-998 «Капитошка» тумба прикров. дет. 40х40х45 бел./розов., тм Mr. Doors;3400
Арт. ШП-1806-C31 «Прованс» шкаф плат. 4-дв. 180х60х230 МДФ беж., тм Лером;52400
Арт. МТР-0820-D09 матрас «Vegas Soft» 80х200 беспруж. пена мемори, тм Vegas;14800
Арт. ХР-ЭТЛ-010 набор корзин 3 шт ткань с ручк. серый/беж., тм Этель;970
Арт. ХР-ЭТЛ-007 корзина для хран. текстиль 35х25х25 беж., тм Этель;380
Арт. КАК-8080-D43 кресло «Pushe Релакс» поворотн. с подножк. экокожа, тм Pushe;22400
Арт. ОБ-1606-228 стол обед. 160х90 массив бук, тм Stolline;26900
Арт. КАК-7080-335 кресло-качалка ротанг беж., тм Tetchair;28900
Арт. СТО-1807-973 стол офисн. перегов. 180х90 ЛДСП венге, тм Бюрократ;19400
Арт. ВН-АКТ-E26 «Лондон» зеркало-шкаф 70х80 LED серый МДФ, тм Aquaton;10800
Арт. КВ-30040 ковёр шерсть 300х400 классик беж. большой, тм Витебск;38400
Арт. ПР-ИКР-007 «Норд» вешалка-стойка 80х30х200 ЛДСП белый, тм Икар;4800
Арт. КО-512-854 «Бюрократ CH-512» кресло операт. сетка чёрн.;7900
Арт. ОТТ-9090-C27 «Манхэттен» оттоманка 90х90х45 рогожка графит, тм Сонум;9800
Арт. КР-1820-C38 «Афина» кровать дв. 180х200 массив ясень белый, тм Mebelain;58700
Арт. ДН-2200-D27 диван прям. «Сонум Лофт XL» еврокниж. экокожа коричн., тм Сонум;71800
Арт. ЗЕР-7090-022 «Берлин» зеркало настен. 70х90 рама д.сонома, тм Hoff;4900
Арт. БАН-1004-163 банкетка прихож. 100х35х45 экокожа коричн., тм Tetchair;5800
Арт. ИЗГ-1820-C10 «Версаль» изголовье мяг. 180х200 экокожа сл.кость, тм Lazurit;18900
Арт. ТП-4540-964 «Лагуна» тумба прикров. 45х40х50 МДФ глянец бел., тм Anrex;6400
Арт. КШ-9080-F25 шкаф кух. напольн. 90х60х85 МДФ беж., тм Stolline;7400
Арт. БС-4585-114 стул барн. вращ. 45х45х85 экокожа белая, тм Tetchair;5300
Арт. КО-MTT-A84 «Метта BK-8» кресло операт. ткань чёрн., тм Метта;14700
Арт. ТРН-DFC-008 «B7100» велотренаж. вертик. магнит. чёрн., тм DFC;1240
Арт. КШ-6080-D72 шкаф кух. сушка 60х60х85 МДФ беж., тм Stolline;7400
Арт. КОМ-1205-407 комод с зеркал. 120х40х90 МДФ глянец, тм Lazurit;17400
Арт. КГ-2200-A06 кухня прям. «Эко» 2.2 м МДФ зелён.матовый, тм Stolline;42800
Арт. КОВ-Р-992 ковровая дорожка 70х200 шерсть классик беж., тм Витебск;4700
Арт. СТО-1407-B48 стол офисн. перегов. круг. d140 ЛДСП венге, тм Бюрократ;18700
Арт. БРА-100-896 бра классич. 1 лампа текстиль абажур беж., тм СветТех;1700
Арт. МТР-1220-D03 матрас «Optima» 120х200 пружин. независим. эконом, тм Аскона;14400
Арт. МТР-0920-D02 матрас «Optima» 90х200 пружин. независим. эконом, тм Аскона;10800
Арт. КО-2027-141 кресло посет. кожзам чёрн. (комплект 2 шт), тм Бюрократ;6900
Арт. МТР-0820-842 матрас детск. 80х200 беспруж. латекс гипоаллерг., тм Promtex;12400
Арт. ВН-АКТ-E32 «Северная Венеция» пенал 40х32х175 МДФ глянец, тм Aquaton;14800
Арт. ОБВ-906-C72 «Гомель» обувница 90х30х100 ЛДСП дуб, тм Anrex;6400
Арт. КО-BR-D94 «Бюрократ KB-12» кресло детск. сетка розов. регулир., тм Бюрократ;9800
Арт. МТР-1820-832 матрас «Баланс» 180х200 пружин. независим. кокос, тм Аскона;32700
Арт. КО-CHR-A87 «Chairman 696» кресло операт. сетка серая эргон., тм Chairman;12400
Арт. МТР-1420-D18 матрас «Promtex Gold» 140х200 гибрид мемори+латекс, тм Promtex;34800
Арт. ЛТ-LED-905 светильник потолоч. накладной LED 24Вт круг., тм Navigator;1800
Арт. ДЕТ-ШК-010 «Школьник» кровать односпал. 90х190 ЛДСП бел./беж., тм Любимый дом;12700
Арт. КОМ-1205-C13 «Лион» комод 5-ящ 120х45х95 ЛДСП дуб артизан, тм Mr. Doors;14800
Арт. МТР-0920-839 матрас детск. 90х200 беспруж. кокос натур., тм Орматек;11800
Арт. ПР-ИКР-009 «Уют» зеркало с полк. 60х30х110 ЛДСП венге, тм Икар;5700
Арт. СТЖ-1108-055 столик журн. трансформ. 110х80 ЛДСП, тм Tetchair;13800
Арт. КРН-ТКЛ-B24 короб для хран. ткань 30х30х30 (3 шт) беж., тм Этель;960
Арт. ШО-906-E41 шкаф офисн. ЛДСП с замком 90х40х200 белый, тм Бюрократ;10800
Арт. КШ-906-714 «Стокгольм» книжн. шкаф 2-дв. 90х35х200 д.сонома, тм Anrex;13700
Арт. ВТ-906-C82 «Атриум» вешалка-стойка 90х30х200 ЛДСП венге, тм Сокол;5200
Арт. ВН-АКТ-E25 «Лондон» тумба под раков. 70х46х85 МДФ серый, тм Aquaton;18900
Арт. ПР-1606-B27 «Уют XL» прихожая 160х35х215 ЛДСП венге, тм Сокол;23800
Арт. МТР-1220-D11 матрас «Vegas Soft» 120х200 беспруж. пена мемори, тм Vegas;22400
Арт. ЛТ-LED-E05 светильник линейн. LED 40Вт 120см белый, тм ЭкономСвет;1500
Арт. СВТ-1606-606 сервант с витр. 160х40х210 МДФ глянец, тм Сокол;28900
Арт. КШ-906-B76 книжн. шкаф 2-дв. с витр. 90х35х210 МДФ венге, тм Сокол;17400
Арт. ЛТ-PND-908 подвес тройн. 3 лампы стекло шар прозр., тм ЭкономСвет;4700
Арт. КР-1820-702 «Орхидея» кровать дв. 180х200 ЛДСП дуб молочн., тм Лером;37900
Арт. КР-1820-722 «Карина» кровать дв. 180х200 экокожа графит, тм Lazurit;42100
Арт. КР-1820-E53 кровать дв. 180х200 ЛДСП дуб артизан, тм MebelKing;28400
Арт. КО-T898-856 «Бюрократ T-898» кресло руковод. кожа чёрн. хром;22400
Арт. СТ-1606-318 стол письм. с тумбой 160х70 ЛДСП дуб, тм Anrex;11200
Арт. МДУЛ-3206-D51 «Гранд» гостиная 3.2 м МДФ глянец белый, тм Hoff;62400
Арт. ССТ-806-713 «Стокгольм» стеллаж 80х30х190 5 полок д.сонома, тм Anrex;7800
Арт. МДУЛ-2406-D49 «Гранд» гостиная стенка 2.4 м ЛДСП венге, тм Hoff;42800
Арт. БРА-180-E10 бра LED 12Вт сенсор. хром поворотн., тм Camelion;2700
Арт. КОМ-1004-E47 комод 5-ящ 100х40х95 МДФ белый глянец, тм Lazurt;14800
Арт. КО-CHR-865 «Chairman 800» кресло руковод. экокожа чёрн., тм Chairman;14800
Арт. ШУ-906-329 шкаф угл. 90х90х220 ЛДСП венге, тм Anrex;17800
Арт. ЗЕР-7090-B35 зеркало настен. 70х90 рама метал. чёрн., тм Икар;5400
Арт. КР-1620-F14 «Прованс» кровать дв. с ящ. 160х200 МДФ беж. подъём, тм Лером;42800
Арт. КАК-7070-823 кресло «Скандик» дерев. ножки велюр беж., тм Pushe;14700
Арт. БАН-1204-A27 «Карина» банкетка XL 120х45х48 экокожа графит, тм Lazurit;11400
Арт. СТ-1606-C98 стол письм. 160х60 ЛДСП дуб сонома, тм Anrex;7700
Арт. ОБ-1808-B71 стол обед. раздв. 180-220х90 МДФ дуб сонома, тм Stolline;26400
Арт. БАН-1004-303 «Прага» банкетка 100х40х48 ткань беж., тм Mebelain;8900
Арт. КУШ-2008-D45 кушетка «Pushe Уют» 200х85х70 микровельв. серый, тм Pushe;29400
Арт. ТП-4040-736 «Юниор» тумба прикров. 40х40х45 бел./бирюз., тм Любимый дом;3100
Арт. КО-571-851 «Бюрократ CH-571» кресло операт. сетка серая;6800
Арт. КО-868-005 «Бюрократ» кресло офисн. эрг. сетка чёрн.;7600
Арт. МТР-0820-D15 матрас «Promtex Gold» 80х200 гибрид мемори+латекс, тм Promtex;19800
Арт. КО-687-D87 «Бюрократ CH-687» кресло конф. экокожа чёрн. (2 шт);7400
Арт. ЛТ-LED-D97 светильник трек. LED 30Вт чёрн. (комплект 3 шт), тм Camelion;3800
Арт. ПР-1806-782 прихожая «Аркада» с зерк. 180х35х215 ЛДСП дуб, тм Сокол;28400
Арт. ДН-1800-813 диван «Бруклин» дет. кушетка ткань мятная, тм Аскона;28400
Арт. ДН-2200-A60 диван прям. «Pushe Лайт» кн. рогожка терракот, тм Pushe;36400
Арт. ИЗГ-1820-C46 «Орхидея» изголовье XXL 180х220 экокожа дуб мол., тм Лером;17800
Арт. ПУФ-3535-452 пуф детск. круг. 35х35 рис.звёзды, тм Этель;1800
Арт. ШП-1806-743 «Флоренция» шкаф плат. 3-дв. 180х60х225 ясень, тм Mebelain;64700
Арт. ШП-0806-229 шкаф плат. 1-дв. с ящ. 80х55х200 венге, тм Anrex;14700
Арт. КО-BR-A92 «Бюрократ CH-1300» кресло операт. сетка серая, тм Бюрократ;8700
Арт. ЛТ-SP-B02 светильник спот накладн. LED 8Вт 4шт белый, тм Camelion;2200
Арт. КВ-18025 ковёр шерсть 180х250 классик беж.-зелён., тм Витебск;14800
Арт. ВН-АКТ-E14 «Йорк» тумба под раков. 80х48х85 МДФ белый, тм Aquaton;19800
Арт. ЛН-USB-018 лампа наст. диммер USB пластик чёрн., тм Эра;14500
Арт. ВН-АКТ-E21 «Сильва» тумба напольн. 80х48х85 МДФ венге, тм Aquaton;21800
Арт. КО-868-005 «Бюрократ CH-868» кресло офисн. сетка чёрн.;7600
Арт. ЛН-LED-E58 лампа наст. LED 12W сенсор. метал. золото, тм Эра;26
Арт. БРА-220-485 бра настен. поворотн. метал. чёрн., тм Эра;1600
Арт. СТО-1407-975 стол офисн. ресепш. 140х70х110 ЛДСП белый, тм Бюрократ;22800
Арт. ДН-2400-812 диван прям. «Симфония» еврокн. шенилл серо-беж., тм Аскона;57800
Арт. ЗЕР-6011-C75 «Гомель» зеркало напольн. 60х170 ЛДСП дуб, тм Anrex;7800
Арт. МДУЛ-3806-F22 «Атриум» гостиная XL 3.8 м МДФ глянец белый, тм Mebelain;67800
