Домен	Артикул	Тип товара	Наименование	Габариты	Цвет	Материал	Особенности	Цена (₽)	ID
Мебель	ЯР-PL-B16	Ящик		60х40х35	синий	пластик	с колёсами 45л; ТМ: Алтек	1400	s4_1
Мебель	СТЖ-906-C58	Столик журнальный	Аделина	90х50х45		МДФ	глянец; ТМ: Lazurit	6200	s4_2
Мебель	БАН-1004-C80	Банкетка	Брест	100х35х45	бежевый	микровельвет; ткань	ТМ: Anrex	5400	s4_3
Мебель	ЗЕР-6080-C56	Зеркало	Стокгольм	60х80	дуб сонома		настенный рама; ТМ: Anrex	4400	s4_4
Мебель	ПР-1206-781	Прихожая	Аркада	120х30х205	дуб	ЛДСП	модульный; ТМ: Сокол	19800	s4_5
Мебель	КОМ-705-943	Комод	Капитошка	70х40х80	белый/розовый		детский 4-ящик; ТМ: Mr. Doors	8700	s4_6
Мебель	ОБВ-1004-B32	Обувница		100х25х100	венге	ЛДСП	5-секц; ТМ: Икар	7200	s4_7
Мебель	МТР-1620-F21	Матрас	Promtex Silver	160х200			пружинный 5 зон; ТМ: Promtex	31800	s4_8
Мебель	БАН-1004-C34	Банкетка	Прованс	100х40х48	бежевый	ткань; льняная	ТМ: Лером	7600	s4_9
Мебель	ТУС-1004-B67	Туалетный столик	Стокгольм	100х45х80	дуб сонома	ЛДСП	туал столик; ТМ: Anrex	12800	s4_10
Мебель	ДЕТ-ЮН-016	Пуф	Юниор	40х40х42		ткань	детский с ящик бирюз; ТМ: Любимый дом	3200	s4_11
Мебель	ДУ-2602-807	Диван	Каир			рогожка	дельфин тёмн серая; ТМ: Pushe	58400	s4_12
Мебель	ШК-2106-185	Шкаф-купе		210х60х220	венге		4-дверный зерк; ТМ: Hoff	42800	s4_13
Мебель	КО-TC-D96	Кресло	Tetchair Pilot		чёрный	экокожа; кожа	геймер RGB; ТМ: Tetchair	19800	s4_14
Мебель	ДУ-3001-C23	Диван	Манхэттен		коричневый	кожа	модульный; ТМ: Сонум	87800	s4_15
Мебель	КОМ-1305-B65	Комод	Орхидея	130х45х100	дуб	ЛДСП	XL мол; ТМ: Лером	17800	s4_16
Мебель	ОБ-1808-E37	Стол обеденный		220х90	дуб	массив дуб	раздв 180; ТМ: Mebelain	38400	s4_17
Мебель	ШП-2206-563	Шкаф платяной	Премиум	220х65х225		шпон	4-дверный; ТМ: Лером	87400	s4_18
Мебель	МТР-1820-A73	Матрас	Vegas Soft	180х200		пена мемори	беспружинный; ТМ: Vegas	33400	s4_19
Мебель	КВ-09015	Ковёр		90х150	бежевый	шерсть	прикроватный классик; ТМ: Витебск	4200	s4_20
Мебель	ТВ-1204-555	Тумба ТВ			белый	ЛДСП	120 глян; ТМ: Eltap	6900	s4_21
Мебель	ТВ-1804-011	Тумба ТВ		180х50х50	венге	ЛДСП	угловой; ТМ: Сокол	9100	s4_22
Мебель	ПЛ-ВЛ-932	Плед		150х200	графит	велюр	однотонный; ТМ: Этель	2400	s4_23
Мебель	КАК-7575-D42	Кресло	Аскона Меган		графит	велюр	вращ; ТМ: Аскона	19800	s4_24
Мебель	ЗЕР-5070-C79	Зеркало	Брест	50х30х110	белый	ЛДСП	с полкой; ТМ: Anrex	4200	s4_25
Мебель	КГ-OS-B55	Кухонн.	Кантри	100х80х90	бежевый	МДФ	остров; ТМ: Stolline	32400	s4_26
Мебель	КО-BR-A91	Кресло руководителя	Бюрократ T-995		коричневый	кожа	хром; ТМ: Бюрократ	24800	s4_27
Мебель	ШП-1506-660	Шкаф платяной	Норд	150х60х220			3-дверный артизан; ТМ: Anrex	31200	s4_28
Мебель	КВ-16023	Ковёр		160х230	серый	вискоза	модерн; ТМ: Меринос	9200	s4_29
Мебель	МТР-1820-F19	Матрас	Optima Plus	180х200			пружинный независимый зональный; ТМ: Аскона	25800	s4_30
Мебель	КШ-1006-764	Шкаф	Атриум	100х35х210	венге		книжн модульный; ТМ: Mebelain	18400	s4_31
Мебель	ШП-1606-B66	Шкаф платяной	Карина	160х60х225	графит	МДФ	3-дверный; ТМ: Lazurit	48700	s4_32
Мебель	СТ-1206-C93	Стол письменный		120х60	венге	ЛДСП	ТМ: Anrex	5100	s4_33
Мебель	КОМ-1205-252	Комод		120х40х95	венге	ЛДСП	6-ящик; ТМ: Anrex	11800	s4_34
Мебель	МДУЛ-806-A40	Шкаф	Гранд	80х40х210	белый	МДФ	модуль узк глянец; ТМ: Hoff	14400	s4_35
Мебель	БАН-1004-966	Банкетка	Лагуна	100х40х48		экокожа; кожа	белая; ТМ: Anrex	7400	s4_36
Мебель	ДУ-2801-606	Диван	Малибу		серый	рогожка	еврокнижка	52400	s4_37
Мебель	ВТ-606-218	Вешалка		60х170	чёрный	металл	напольный; ТМ: Икар	2400	s4_38
Мебель	КОМ-805-F08	Комод	Версаль	80х45х80	слоновая кость	МДФ	3-ящик глянец; ТМ: Lazurit	14800	s4_39
Мебель	ДЕТ-TET-013	Комод	Tetris	100х40х95	дуб	ЛДСП	5-ящик артизан; ТМ: Mr Doors	12400	s4_40
Мебель	КО-868-007	Кресло офисное	Бюрократ CH-868			сетка	кресло офисный синяя	7600	s4_41
Мебель	КО-CHR-D93	Кресло	Chairman 736			ткань	посет серая (2 шт); ТМ: Chairman	5800	s4_42
Мебель	СТ-1306-711	Стол письменный	Стокгольм	130х60	дуб сонома	ЛДСП	ТМ: Anrex	6800	s4_43
Мебель	ШП-1806-F26	Шкаф платяной		180х60х230	белый	ЛДСП	4-дверный; ТМ: Лазурит	48700	s4_44
Мебель	КШ-8060-D70	Шкаф кухонный		80х30х72	дуб сонома	ЛДСП	навесной; ТМ: Сокол	3700	s4_45
Мебель	ДН-2400-D24	Диван	Аскона Лагуна		капучино	шенилл	еврокнижка; ТМ: Аскона	62400	s4_46
Мебель	ВТ-806-B30	Вешалка		80х175	дуб		стойка деревянный с крючк; ТМ: Икар	3800	s4_47
Мебель	МТР-0920-D10	Матрас	Vegas Soft	90х200		пена мемори	беспружинный; ТМ: Vegas	16800	s4_48
Мебель	БАН-1104-C73	Банкетка	Гомель	110х35х48		ткань	обувница серая; ТМ: Anrex	5800	s4_49
Мебель	ДЕТ-ШК-020	«школьник»	Школьник	120х60	бежевый		уголок школьн с полкой; ТМ: Любимый дом	13800	s4_50
Мебель	ЛНП-200-E13	Торшер					LED 200 см smart RGB управл с тлф; ТМ: Navigator	8400	s4_51
Мебель	КП-2006-785	Прихожая	Скандик	200х35х215	белый	ЛДСП	компл; ТМ: Икар	31700	s4_52
Мебель	МТР-1620-A66	Матрас	Optima	160х200			пружинный независимый эконом; ТМ: Аскона	19800	s4_53
Мебель	ШО-1806-385	Шкаф офисный		180х40х200	дуб	ЛДСП	ТМ: Бюрократ	14700	s4_54
Мебель	ТУС-1104-705	Туалетный столик	Орхидея	110х45х80	дуб	МДФ	туал столик мол; ТМ: Лером	17400	s4_55
Мебель	БАН-1004-707	Банкетка	Орхидея	100х40х48		ткань	пыльн роза; ТМ: Лером	7800	s4_56
Мебель	КР-1820-117	Кровать		180х200	белый	ЛДСП	дв ортопед осн; ТМ: Mr. Doors	28400	s4_57
Мебель	ШК-1806-174	Шкаф-купе		180х60х220	белый	ЛДСП	3-дверный; ТМ: Hoff	33700	s4_58
Мебель	ШО-1206-B45	Шкаф		120х40х200	венге	ЛДСП	архивн; ТМ: Бюрократ	15800	s4_59
Мебель	КР-0820-951	Кровать	Школьник	80х190		ЛДСП	чердак бук/зелён; ТМ: Любимый дом	19800	s4_60
Мебель	ЛН-USB-911	Лампа				пластик	дет ночник звёзды LED USB; ТМ: Camelion	1100	s4_61
Мебель	КШ-9080-A13	Шкаф кухонный		90х60х85	бежевый	МДФ	напольный сушка; ТМ: Stolline	8900	s4_62
Мебель	ШП-2006-724	Шкаф платяной	Карина	200х60х230	графит	МДФ	5-дверный; ТМ: Lazurit	67800	s4_63
Мебель	КО-815-099	Кресло руководителя			чёрный	экокожа; кожа	хром; ТМ: Бюрократ	13700	s4_64
Мебель	БС-4080-871	Стул		40х40х80	чёрный; ясень	металл	барн вращ сидение; ТМ: Tetchair	4400	s4_65
Мебель	ШК-2406-022	Шкаф-купе	Берлин	240х60х220	дуб сонома		3-дверный зерк; ТМ: Hoff	45900	s4_66
Мебель	МТР-0820-D05	Матрас	Vita Plus	80х200		латекс	пружинный независимый; ТМ: Орматек	22400	s4_67
Мебель	ПР-ИКР-015	Банкетка	Норд	80х35х48		ткань	обувница серая; ТМ: Икар	5200	s4_68
Мебель	ТУС-1104-C16	Туалетный столик	Лион	110х45х80		ЛДСП	туал столик артизан; ТМ: Mr. Doors	13800	s4_69
Мебель	ССТ-805-505	Стеллаж	Лофт	80х30х180		металлический каркас; металл	5 полок; ТМ: Eltap	9700	s4_70
Мебель	ДН-2200-801	Диван	Норд			рогожка	еврокнижка серая; ТМ: Hoff	42800	s4_71
Мебель	ОБ-1408-070	Стол обеденный		140х80	белый	МДФ	глянец; ТМ: Stolline	14800	s4_72
Мебель	ПР-ANR-D77	Зеркало	Гомель	60х30х110	дуб	ЛДСП	с полкой; ТМ: Anrex	5800	s4_73
Мебель	КОМ-1304-723	Комод	Карина	130х45х95	графит	МДФ	5-ящик; ТМ: Lazurit	21400	s4_74
Мебель	МТР-1520-D19	Матрас	Promtex Silver	150х200			пружинный 5 зон; ТМ: Promtex	28400	s4_75
Мебель	ДЕТ-	Стол письменный	Tetris	120х65	дуб	ЛДСП	трансформ артизан; ТМ: Mr. Doors	14200	s4_76
Мебель	ШК-2406-747	Шкаф-купе	Флоренция	240х65х230	ясень	шпон	3-дверный; ТМ: Mebelain	78400	s4_77
Мебель	БАН-1204-174	Банкетка		120х35х50	венге	ЛДСП	с обувница; ТМ: СБК	6900	s4_78
Мебель	ДН-2200-D37	Диван	Eltap Орегон			рогожка	еврокнижка терракот; ТМ: Eltap	42700	s4_79
Мебель	стол	Письменный		120х60	белый	ЛДСП	ТМ: Anrex	5200	s4_80
Мебель	ПР-ИКР-D80	Прихожая	Норд XL	200х30х215	белый	ЛДСП	модульный; ТМ: Икар	32400	s4_81
Мебель	ВН-АКТ-E51	Тумба	Лондон				комплект ванный +зеркало; ТМ: Mebelain.	28400	s4_82
Мебель	ВН-ГРЦ-017	Тумба под раковину	Прованс	70х45х85	бежевый	МДФ	тумба под раковина; ТМ: Грация	15800	s4_83
Мебель	СТО-1407-429	Стол офисный		140х70	белый	ЛДСП	с тумб; ТМ: Бюрократ	11700	s4_84
Мебель	МТР-1820-835	Матрас	Премиум	180х200	натуральный	латекс	7 зон; ТМ: Аскона	52800	s4_85
Мебель	БС-4585-873	Стул		45х40х85	коричневый	экокожа; кожа	барн со спин хром; ТМ: Tetchair	5400	s4_86
Мебель	ЛТ-LED-E08	Светильник					потолоч LED 36Вт круг ультратонк; ТМ: Camelion	1800	s4_87
Мебель	ЗЕР-6080-993	Зеркало			золото	металл	настенный круг d80 рама; ТМ: Икар	7800	s4_88
Мебель	ТП-4540-A19	Тумба прикроватная	Орхидея	45х40х25	дуб		тумба прикроватный подвесн мол; ТМ: Лером	5800	s4_89
Мебель	ДУ-2602-303	Диван	Прованс			ткань	дельфин голуб; ТМ: Eltap	48700	s4_90
Мебель	МТР-1820-841	Матрас	Мульти	180х200			пружинный зональный 5 зон; ТМ: Promtex	29800	s4_91
Мебель	ЯР-А4-107	Ящик		35х25х30			архивн картон А4 (5 шт); ТМ: Практик	1200	s4_92
Мебель	ПР-СКЛ-014	Зеркало	Атриум	50х30х100	венге	ЛДСП	с полкой; ТМ: Сокол	4900	s4_93
Мебель	ДКР-RG-014	Картина	Морской пейзаж	70х50см			холст 70х50 см; ТМ: Royal Garden	3800	s4_94
Мебель	ПР-ИКР-008	«минимал»	Минимал	60х25х95	белый	ЛДСП	обувница мат; ТМ: Икар	4400	s4_95
Мебель	КОМ-1105-962	Комод	Лагуна	110х45х95	белый	МДФ	5-ящик глянец; ТМ: Anrex	17400	s4_96
Мебель	ТРН-BS-007	«bs-2200»	BS-2200				степпер с эспанд дисплей; ТМ: Body Sculpture	8900	s4_97
Мебель	ТРН-DFC-009	«e1000»	E1000				эллипс магнитный компакт 7 програм; ТМ: DFC	26400	s4_98
Мебель	ЛТ-LED-E06	Светильник			белый		линейн LED 50Вт 150см IP65; ТМ: Navigator	2800	s4_99
Мебель	КР-1620-721	Кровать	Карина	160х200	графит	экокожа; кожа	дв с подъём; ТМ: Lazurit	38400	s4_100
Мебель	ДКР-ЭТЛ-001	Ваза	Орхидея	h25см		керамика	h25 см белая глянец; ТМ: Этель	1400	s4_101
Мебель	ОБ-1608-B73	Стол обеденный		160х80	белый	ЛДСП; металл	овал ножки; ТМ: Stolline	14800	s4_102
Мебель	ЛНП-170-B09	Торшер			чёрный	металл	арматура 170 см матовый; ТМ: СветТех	5400	s4_103
Мебель	ПР-ИКР-006	Прихожая	Норд	160х30х210	белый	ЛДСП	модульный; ТМ: Икар	24700	s4_104
Мебель	КАК-8080-227	Кресло		80х80		велюр	акцент пыльн роза; ТМ: Tetchair	15400	s4_105
Мебель	ЛТ-LED-B05	Светильник			белый		линейн LED 20Вт 60см; ТМ: ЭкономСвет	820	s4_106
Мебель	КОМ-1205-C39	Комод	Афина	120х50х100	ясень	массив ясень	5-ящик; ТМ: Mebelain	31800	s4_107
Мебель	ПУФ-5050-141	Пуф		50х50х42		рогожка	с ящик серая; ТМ: Tetchair	3700	s4_108
Мебель	КР-1620-C37	Кровать	Афина	160х200	белый; ясень	массив ясень	дв; ТМ: Mebelain	54200	s4_109
Мебель	ШК-1806-385	Шкаф-купе	Атлантик	180х65х230			3-дверный; ТМ: Mr. Doors	46900	s4_110
Мебель	КОМ-1205-703	Комод	Орхидея	120х45х95	дуб		5-ящик молочн; ТМ: Лером	15800	s4_111
Мебель	МДУЛ-3206-D48	Стенка	Скандик	3.2м	белый	МДФ	гостин 3 2 м матовый; ТМ: Eltap	62400	s4_112
Мебель	ВН-MST-014	Зеркало-шкаф	Лилия	65х78	белый	МДФ	LED; ТМ: Lazurit	11900	s4_113
Мебель	ПЛ-ВЛ-E35	Плед		180х200	изумруд	велюр	однотонный; ТМ: Этель	2800	s4_114
Мебель	ОБ-1208-B72	Стол обеденный			дуб; натуральный	массив дуб	круг d120; ТМ: Mebelain	28400	s4_115
Мебель	ДУ-2602-D35	Диван	Боровичи Премьер		коричневый	экокожа; кожа	дельфин; ТМ: Боровичи-Мебель	58400	s4_116
Мебель	МДУЛ-806-A45	Витрина	Атриум	80х40х210	венге	стекло	модуль; ТМ: Mebelain	18700	s4_117
Мебель	КР-1820-163	Кровать		180х200	коричневый	экокожа; кожа	дв с подъём; ТМ: Lazurit	42700	s4_118
Мебель	ЛТ-SP-B01	Светильник					спот поворотный LED 12Вт хром; ТМ: Camelion	1700	s4_119
Мебель	ИЗГ-1820-A22	Изголовье	Стокгольм	180х200	бежевый	рогожка; ткань	ТМ: Anrex	13400	s4_120
Мебель	ТП-5045-745	Тумба прикроватная	Флоренция	50х45х55	ясень		тумба прикроватный; ТМ: Mebelain	9200	s4_121
Мебель	КР-1820-A26	Кровать	Стокгольм	180х200	дуб сонома	ЛДСП	дв; ТМ: Anrex	29400	s4_122
Мебель	КРЗ-ВЛ-926	Корзина		d35х30		войлок	круг серая; ТМ: Этель	780	s4_123
Мебель	ТП-4545-C42	Тумба прикроватная	Афина	45х45х55	белый; ясень		тумба прикроватный; ТМ: Mebelain	9400	s4_124
Мебель	КП-1006-786	Прихожая	Минимал	100х30х200	венге	ЛДСП	компл; ТМ: Икар	17400	s4_125
Мебель	КО-887-E50	Кресло операторское	Бюрократ CH-887		чёрный	сетка	кресло операторский; ТМ: Бюрократ	7400	s4_126
Мебель	МДУЛ-3806-A46	Стенка	Скандик	3.8м	дуб сонома	МДФ	гостин 3 8 м; ТМ: Eltap	67800	s4_127
Мебель	ДЕТ-TET-012	Шкаф платяной	Tetris	160х55х210	дуб	ЛДСП	4-дверный; ТМ: Mr. Doors	28400	s4_128
Мебель	ХР-АЛТ-002	Стеллаж		120х50х200			гараж усил 4 полки 300 кг; ТМ: Алтек	9400	s4_129
Мебель	ВН-1MK-006	Тумба под раковину	Палермо	70х46х80	белый		тумба под раковина глянец; ТМ: 1MarKa	16400	s4_130
Мебель	СТ-1006-307	Стол письменный		100х50	белый	ЛДСП	компакт; ТМ: Anrex	3700	s4_131
Мебель	МТР-1520-D08	Матрас	Vita Plus	150х200		латекс	пружинный независимый; ТМ: Орматек	34800	s4_132
Мебель	КВ-20030	Ковёр		200х300	графит		шегги высокий ворс; ТМ: Меринос	12400	s4_133
Мебель	ОБ-СТ-883	Стул обеденный			изумруд	велюр	полукрес (2 шт); ТМ: Stolline	8900	s4_134
Мебель	КР-1620-	Кровать			белый	ЛДСП	дв ортопед осн; ТМ: Lazurit	28400	s4_135
Мебель	ДКР-RG-011	Ваза	Этно	h60см	бежевый	керамика	напольный h60 см; ТМ: Royal Garden	4900	s4_136
Мебель	БАН-906-789	Банкетка		90х35х45		ткань	прихожая серая; ТМ: Икар	4700	s4_137
Мебель	ПОД-6060-B43	Подушка		60х60	графит	велюр	декоративный; ТМ: Этель	1400	s4_138
Мебель	ШК-2406-C51	Шкаф-купе	Орхидея	240х60х225	дуб		3-дверный молочн; ТМ: Лером	47800	s4_139
Мебель	ТУС-1104-C32	Туалетный столик	Прованс	110х45х80	бежевый	МДФ	туал столик матовый; ТМ: Лером	19800	s4_140
Мебель	КАР-505-979	Картотека				металл	5-ящик серая А4 замок; ТМ: Практик	13700	s4_141
Мебель	ИЗГ-1620-C18	Изголовье	Лион	160х200		рогожка; ткань	серая; ТМ: Mr. Doors	12400	s4_142
Мебель	КР-08040-501	Комод		80х40х90	белый	ЛДСП	4-ящик; ТМ: Anrex	7600	s4_143
Мебель	БАН-1004-C17	Банкетка	Лион	100х40х48		рогожка; ткань	серая; ТМ: Mr. Doors	6900	s4_144
Мебель	МДУЛ-906-D53	Шкаф	Гранд	90х40х210		МДФ	модуль узк глянец; ТМ: Hoff	15400	s4_145
Мебель	МДУЛ-2806-752	Гостиная	Гранд	2.8м	дуб сонома	ЛДСП	модульный 2 8 м; ТМ: Hoff	47800	s4_146
Мебель	ШП-1206-207	Шкаф платяной		120х55х210	дуб	ЛДСП	2-дверный; ТМ: Anrex	19800	s4_147
Мебель	КО-MTT-A83	Кресло руководителя	Метта Trium S		белый	сетка	эргон; ТМ: Метта	36400	s4_148
Мебель	КР-1820-552	Кровать	Премиум	180х200	дуб	массив дуб; шпон	дв; ТМ: Лером	78900	s4_149
Мебель	КО-MTT-D90	Кресло руководителя	Метта Comfort C		коричневый	экокожа; кожа	ТМ: Метта	28400	s4_150
Мебель	ПОД-4040-E36	Подушка		40х40	графит	шенилл	декоративный; ТМ: Этель	860	s4_151
Мебель	ТП-4040-022	Тумба прикроватная	Берлин	40х40х50	дуб сонома		тумба прикроватный 2-ящик; ТМ: Hoff	5800	s4_152
Мебель	ПР-СКЛ-D75	Прихожая	Атриум	200х35х215	венге		компл с зерк; ТМ: Сокол	31800	s4_153
Мебель	ПЛ-ТТР-931	Плед		180х200		шерсть-акрил; шерсть; акрил	тёплый клетка серая; ТМ: Этель	3700	s4_154
Мебель	ДН-1800-A56	Диван	Аскона Лайт		бежевый	рогожка	книжка; ТМ: Аскона	32400	s4_155
Мебель	ЛНП-160-904	Торшер				ткань	классический 160 см деревянный абажур; ТМ: СветТех	4200	s4_156
Мебель	ДУ-2802-803	Диван	Палермо		бежевый	рогожка	еврокнижка; ТМ: Hoff	67800	s4_157
Мебель	КО-CHR-A88	Кресло	Chairman 685		чёрный	ткань	посет (2 шт); ТМ: Chairman	6800	s4_158
Мебель	ВН-АКТ-021	Комод	Капри	60х40х80	белый	МДФ	ванный 3-ящик; ТМ: Aquaton	12700	s4_159
Мебель	ЛТ-LED-E07	Светильник					линейн LED 18Вт 60см с датч движ; ТМ: Эра	1100	s4_160
Мебель	КР-1620-701	Кровать	Орхидея	160х200	дуб	ЛДСП	дв с ящик молочн; ТМ: Лером	34800	s4_161
Мебель	КР-1820-F02	Диван			серый	рогожка	еврокнижка; ТМ: Hoff	32400	s4_162
Мебель	ДКР-ЭТЛ-010	Подсвечник		h25см	золото	металл	3-х рожков h25 см; ТМ: Этель	2100	s4_163
Мебель	КО-696-080	Кресло операторское	Бюрократ CH-696			сетка	кресло операторский серая	5800	s4_164
Мебель	ЗЕР-7010-447	Зеркало	Венеция	70х100	белый	МДФ	рама; ТМ: Lazurit	6300	s4_165
Мебель	ПР-1606-196	Прихожая	Уют	160х30х210	белый	ЛДСП	ТМ: Сокол	22400	s4_166
Мебель	ВН-АКТ-E34	Комод	Северная Венеция	60х35х85		МДФ	ванный глянец; ТМ: Aquaton	12400	s4_167
Мебель	СТО-1607-B46	Стол офисный		160х80	белый	ЛДСП	эргон угловой; ТМ: Бюрократ	14400	s4_168
Мебель	КО-T9908-857	Кресло руководителя	Бюрократ T-9908		коричневый	кожа		26800	s4_169
Мебель	БАН-1104-727	Банкетка	Карина	110х40х48	графит	экокожа; кожа	ТМ: Lazurit	9400	s4_170
Мебель	ТВ-1404-014	Тумба ТВ	Лофт		венге	металлический каркас; ЛДСП; металл	140; ТМ: Eltap	8450	s4_171
Мебель	ДУ-2802-C22	Диван	Манхэттен		изумруд	рогожка	еврокнижка; ТМ: Сонум	72400	s4_172
Мебель	КО-808-852	Кресло руководителя	Бюрократ CH-808		чёрный	сетка		11400	s4_173
Мебель	КАК-8080-824	Кресло	Лиссабон		изумруд	велюр	поворотный; ТМ: Hoff	17800	s4_174
Мебель	КР-1620-303	Кровать	Прага	160х200		массив бук	дв; ТМ: Mebelain	48700	s4_175
Мебель	ИЗГ-1620-A21	Изголовье	Стокгольм	160х200	бежевый	рогожка; ткань	ТМ: Anrex	11800	s4_176
Мебель	КГ-2800-D62	Кухня	Манхэттен	2.8м	серый	МДФ	модульный 2 8 м матовый; ТМ: Stolline	62400	s4_177
Мебель	ДН-2400-802	Диван	Лиссабон		зелёный	велюр	книжка; ТМ: Hoff	52400	s4_178
Мебель	ТП-4540-B85	Тумба прикроватная		45х40х50	белый	ЛДСП	тумба прикроватный 1-ящик глянец; ТМ: СБК	3400	s4_179
Мебель	МТР-1520-D04	Матрас	Optima Plus	150х200			пружинный независимый; ТМ: Аскона	18900	s4_180
Мебель	ДЕТ-ЮН-003	Стеллаж	Юниор	80х30х175	белый	ЛДСП	детский /мята; ТМ: Любимый дом	6400	s4_181
Мебель	КШ-6080-A15	Шкаф кухонный		60х60х85	белый	ЛДСП	подмойн; ТМ: Сокол	4400	s4_182
Мебель	ТУС-1304-A20	Туалетный столик	Орхидея	130х45х80	дуб	МДФ	туал столик XL мол; ТМ: Лером	19800	s4_183
Мебель	СТЖ-905-505	Столик журнальный	Лофт	90х50х45		металлический каркас; металл	ТМ: Eltap	5400	s4_184
Мебель	ПР-СКЛ-003	Прихожая	Кантри	180х35х210	дуб	ЛДСП	модульный; ТМ: Сокол	27800	s4_185
Мебель	КГ-OS-A08	Кухонн.	Шеф	120х90х90	венге	МДФ	остров; ТМ: Stolline	38900	s4_186
Мебель	ШП-1006-341	Шкаф платяной		100х55х200	дуб	ЛДСП	для пр; ТМ: Anrex	16700	s4_187
Мебель	ОБВ-806-997	Обувница		80х25х100	дуб	ЛДСП	откидн 3-секц; ТМ: Икар	5800	s4_188
Мебель	ДКР-ЭТЛ-003	Ваза	Кантри	h40см	бежевый	керамика	h40 см матовая; ТМ: Этель	2400	s4_189
Мебель	БАН-1004-B33	Банкетка		100х35х48	бежевый	рогожка; ткань	прихожая; ТМ: Икар	4800	s4_190
Мебель	ШП-1806-F13	Шкаф платяной	Манхэттен	180х60х230	графит	ЛДСП	4-дверный; ТМ: Сонум	47800	s4_191
Мебель	КШ-1280-A14	Шкаф кухонный		120х60х85	венге	ЛДСП	напольный; ТМ: Сокол	8200	s4_192
Мебель	СТЖ-806-E46	Столик журнальный			дуб	МДФ	круг d80 артизан; ТМ: Tetchair	6400	s4_193
Мебель	ТП-4040-352	Тумба прикроватная	Соня	40х40х45	венге		тумба прикроватный; ТМ: Lazurit	3400	s4_194
Мебель	КГ-2100-772	Кухня	Венеция	2.1м	белый	МДФ	модульный 2 1 м матовый; ТМ: Stolline	42400	s4_195
Мебель	КВ-12017	Ковёр		120х170			шегги высокий ворс молочн; ТМ: Меринос	4400	s4_196
Мебель	МДУЛ-806-A50	Витрина	Скандик	80х40х210	дуб	стекло	модуль; ТМ: Eltap	17400	s4_197
Мебель	ЛТ-LED-A99	Трек-система		3м	чёрный		магнитный LED 48В; ТМ: Navigator	11400	s4_198
Мебель	ШП-1806-014	Шкаф платяной	Аделина	180х60х230		МДФ	4-дверный; ТМ: Lazurit	58900	s4_199
Мебель	ПУФ-4040-022	Пуф	Берлин	40х40х42	бежевый	экокожа; кожа	квадр; ТМ: Hoff	3400	s4_200
Мебель	КВ-15022	Ковёр		150х220	бордо	акрил	ориент; ТМ: Витебск	6800	s4_201
Мебель	КОМ-1004-C53	Комод	Стокгольм	100х45х95	дуб сонома	ЛДСП	XL; ТМ: Anrex	11400	s4_202
Мебель	ШК-2406-374	Шкаф-купе	Атлантик	240х65х230			4-дверный зерк; ТМ: Mr. Doors	58400	s4_203
Мебель	ВН-ГРЦ-019	«лагуна»	Лагуна	30х30х175	белый	МДФ	пенал ванный глянец; ТМ: Грация	8400	s4_204
Мебель	КОМ-1404-B84	Комод		140х45х95	дуб сонома	ЛДСП	XL; ТМ: Anrex	14700	s4_205
Мебель	МТР-1220-D17	Матрас	Promtex Gold	120х200		латекс	гибрид мемори+; ТМ: Promtex	28900	s4_206
Мебель	ТУС-1304-C05	Туалетный столик	Версаль	130х45х80		МДФ	туал столик с подсв; ТМ: Lazurit	27400	s4_207
Мебель	СТ-1606-C97	Стол письменный		160х60	белый	ЛДСП	ТМ: Anrex	7700	s4_208
Мебель	БАН-1004-A23	Банкетка	Стокгольм	100х40х45	бежевый	рогожка; ткань	ТМ: Anrex	6900	s4_209
Мебель	КШ-6080-D69	Шкаф кухонный		60х60х85	дуб сонома	ЛДСП	напольный; ТМ: Сокол	4400	s4_210
Мебель	КР-1820-129	Кровать	Софт	180х200	серый	велюр	дв; ТМ: Lazurit	38900	s4_211
Мебель	ТП-4540-014	Тумба прикроватная	Аделина	45х40х50		МДФ	тумба прикроватный; ТМ: Lazurit	6400	s4_212
Мебель	МТР-1620-840	Матрас	Мульти	160х200			пружинный зональный 5 зон; ТМ: Promtex	26400	s4_213
Мебель	КВ-15021	Ковёр		150х210	серый	акрил	модерн; ТМ: Меринос	5800	s4_214
Мебель	ВН-АКТ-E23	«сильва»	Сильва	35х30х170	венге	МДФ	пенал 2-дверный; ТМ: Aquaton	11800	s4_215
Мебель	ЗЕР-6011-C84	Зеркало	Атриум	60х170	венге		напольный рама; ТМ: Сокол	8400	s4_216
Мебель	ДКР-RG-013	Статуэтка	Лошадь	25х10х22см			бронза 25х10х22 см; ТМ: Royal Garden	5400	s4_217
Мебель	ОТТ-7070-F17	Оттоманка	Сонум	70х70х45	бежевый	рогожка	прикроватный; ТМ: Сонум	7400	s4_218
Мебель	КГ-3300-A02	Кухня	Лофт XL	3.3м	венге	металлический каркас; ЛДСП; металл	модульный 3 3 м; ТМ: Stolline	72400	s4_219
Мебель	КО-FX2-859	Кресло	Бюрократ FX-2		чёрный	экокожа; кожа	геймер /син	15800	s4_220
Мебель	КР-1820-E48	Кровать	Венеция	180х200		ЛДСП	дв белая; ТМ: Хофф	38400	s4_221
Мебель	КАК-6565-825	Кресло	Мини			ткань; акрил	детский рис звезды; ТМ: Этель	5400	s4_222
Мебель	ДКР-ЭТЛ-005	Статуэтка	Слон	18х10х15	золото		полирезин; ТМ: Этель	1700	s4_223
Мебель	СТ-1806-329	Стол		180х80	чёрный	ЛДСП	угловой для геймера; ТМ: Anrex	14400	s4_224
Мебель	КО-571-D82	Кресло операторское	Бюрократ CH-571		чёрный	сетка	кресло операторский	6800	s4_225
Мебель	КШ-1006-E45	Шкаф		100х35х210	дуб	ЛДСП	книжн 2-дверный артизан; ТМ: Сокол	15800	s4_226
Мебель	СТ-906-945	Стол письменный	Капитошка	90х50	белый	ЛДСП	дет /голуб; ТМ: Mr. Doors	5400	s4_227
Мебель	ЗЕР-6090-014	Зеркало	Аделина	60х90		МДФ	в раме глянец; ТМ: Lazurit	5200	s4_228
Мебель	ЛН-AKK-529	Лампа			чёрный	пластик	наст аккум сенсор; ТМ: Camelion	2400	s4_229
Мебель	ВИТ-906-E44	Витрина		90х40х210	дуб сонома	МДФ; стекло	ТМ: Сокол	20400	s4_230
Мебель	КО-MTT-862	Кресло операторское	Метта Samurai SL			сетка	кресло операторский эргон; ТМ: Метта	38400	s4_231
Мебель	КОМ-1004-505	Комод	Лофт	100х40х95	венге	ЛДСП; металл	5-ящик; ТМ: Eltap	14600	s4_232
Мебель	ШП-1206-715	Шкаф платяной	Стокгольм	120х55х210	дуб сонома		2-дверный; ТМ: Anrex	19400	s4_233
Мебель	БАН-1104-C07	Банкетка	Версаль	110х40х48		экокожа; кожа	слон кость; ТМ: Lazurit	9400	s4_234
Мебель	ПОД-5050-B42	Подушка		50х50		шенилл	декоративный серая; ТМ: Этель	1100	s4_235
Мебель	КВ-08015	Ковёр		80х150	бежевый	шерсть	прикроватный; ТМ: Витебск	3700	s4_236
Мебель	БАН-1204-746	Банкетка	Флоренция	120х45х48		кожа	белая; ТМ: Mebelain	17800	s4_237
Мебель	ИЗГ-1620-A38	Изголовье	Гранд	160х200	серый	велюр	мяг; ТМ: Hoff	13200	s4_238
Мебель	ОБ-СТ-707	Стул обеденный				экокожа; кожа	белая хром (4 шт); ТМ: Stolline	8700	s4_239
Мебель	СТ-1106-952	Стол письменный	Школьник	110х55			с надстр бук/зелён; ТМ: Любимый дом	9400	s4_240
Мебель	КР-0920-088	Кровать		90х200	дуб сонома	ЛДСП	односп; ТМ: Mr. Doors	11700	s4_241
Мебель	СТЖ-905-717	Столик журнальный	Стокгольм	90х50х45	дуб сонома	ЛДСП	ТМ: Anrex	4200	s4_242
Мебель	ВН-АКТ-E33	Шкаф	Северная Венеция	70х25х70		МДФ	навесной ч глянец; ТМ: Aquaton	7800	s4_243
Мебель	ПР-СКЛ-001	Прихожая	Атриум	220х35х215	венге	ЛДСП	модульный; ТМ: Сокол	32400	s4_244
Мебель	КР-1620-141	Кровать		90х200	венге	ЛДСП	кушетка; ТМ: Mr. Doors	12900	s4_245
Мебель	КВ-12018	Ковёр		120х180	зелёный	шерсть	классик; ТМ: Витебск	5800	s4_246
Мебель	ЛНП-180-903	Торшер					LED 180 см смарт RGB пульт; ТМ: СветТех	6400	s4_247
Мебель	МДУЛ-3006-D47	Стенка	Скандик	3.0м	дуб сонома	МДФ	гостин 3 0 м; ТМ: Eltap	58900	s4_248
Мебель	КР-1620-	Кровать		90х200	дуб сонома	ЛДСП	односп; ТМ: Mr. Doors	11400	s4_249
Мебель	КР-0820-942	Кровать	Капитошка	80х160	белый	ЛДСП	детский /голуб; ТМ: Mr. Doors	14700	s4_250
Мебель	ИЗГ-1620-A28	Изголовье	Карина	160х200	графит	экокожа; кожа	ТМ: Lazurit	15700	s4_251
Мебель	МДУЛ-2606-762	Гостиная	Атриум	2.6м	белый	ЛДСП	модульный 2 6 м; ТМ: Mebelain	43800	s4_252
Мебель	ШП-1806-F10	Шкаф платяной	Лион	180х60х225		ЛДСП	4-дверный артизан; ТМ: Mr. Doors	48700	s4_253
Мебель	ШП-2006-C04	Шкаф платяной	Версаль	200х60х230		МДФ	5-дверный глянец; ТМ: Lazurit	68900	s4_254
Мебель	ШП-1606-C55	Шкаф платяной	Стокгольм	160х55х220	дуб сонома		3-дверный; ТМ: Anrex	26800	s4_255
Мебель	ЛТ-SP-E04	Светильник			золото		спот накладной LED 12Вт 2шт; ТМ: Camelion	2400	s4_256
Мебель	МДУЛ-2806-D50	Гостиная	Гранд	2.8м	белый	МДФ	2 8 м глянец; ТМ: Hoff	52400	s4_257
Мебель	ЛТ-LED-891	Люстра					потолоч LED 60Вт 6 ламп хром; ТМ: СветТех	7400	s4_258
Мебель	КО-BR-A90	Кресло	Бюрократ KD-2			сетка	детский регулир; ТМ: Бюрократ	9200	s4_259
Мебель	ПР-ANR-D78	Прихожая	Брест	200х30х200	белый	ЛДСП	XL; ТМ: Anrex	29400	s4_260
Мебель	ВИТ-906-707	Витрина		90х35х200	венге	МДФ; стекло	ТМ: Сокол	19700	s4_261
Мебель	СТЖ-1006-033	Столик журнальный		100х60х45		стекло	хром; ТМ: Tetchair	8900	s4_262
Мебель	КУШ-2008-A64	Кушетка	Сонум Софт	200х80х70	бежевый	велюр; ткань	ТМ: Сонум	28700	s4_263
Мебель	ССТ-706-954	Стеллаж	Школьник	70х30х190		ЛДСП	5 полок бук; ТМ: Любимый дом	5800	s4_264
Мебель	МДУЛ-806-D60	Шкаф	Скандик	80х40х210	дуб	МДФ	модуль узк; ТМ: Eltap	12800	s4_265
Мебель	ВН-AQW-012	«бергамо»	Бергамо	35х30х160	серый	МДФ	пенал подвесн; ТМ: Aqwella	12800	s4_266
Мебель	ОБВ-806-C77	«брест»	Брест	80х25х95	белый	ЛДСП	обувница откидн; ТМ: Anrex	4400	s4_267
Мебель	ДУ-3001-D29	Диван	Сонум Мега		серый	велюр	модульный 5-секц; ТМ: Сонум	94800	s4_268
Мебель	ДЕТ-ШК-007	Тумба прикроватная	Школьник	40х40х50	белый/бежевый	ЛДСП	тумба прикроватный; ТМ: Любимый дом	3400	s4_269
Мебель	СТ-1207-330	Стол		120х70	венге	ЛДСП	комп с надстр; ТМ: Anrex	9800	s4_270
Мебель	ЯР-PL-B18	Ящик		50х30х25	белый; серый	пластик	шта 25л; ТМ: Алтек	540	s4_271
Мебель	ЛН-LED-441	Лампа			белый	металл	наст LED 12W сенсор; ТМ: Эра	2300	s4_272
Мебель	МТР-1620-843	Матрас	Релакс	160х200			гибрид мемори+пружинный; ТМ: Promtex	33700	s4_273
Мебель	ПР-СКЛ-005	Прихожая	Лофт-Прихожая	200х35х215	венге	ЛДСП	компл; ТМ: Сокол	29800	s4_274
Мебель	КШ-6080-774	Шкаф кухонный		60х60х72	бежевый	МДФ	навесной угловой; ТМ: Stolline	5800	s4_275
Мебель	ОРГ-ТКЛ-B22	Шкаф		30х15х80	серый		органайзер тканевый для а 9 секц; ТМ: Этель	780	s4_276
Мебель	КО-868-009	Кресло офисное	Бюрократ CH-868			сетка	кресло офисный зелён	7800	s4_277
Мебель	ЛН-LED-B10	Лампа				металл	архитект LED 18W поворотный; ТМ: Эра	3700	s4_278
Мебель	ДУ-2802-A58	Диван	Аскона Релакс			экокожа; кожа	с реклайнер; ТМ: Аскона	94800	s4_279
Мебель	ОБ-СТ-882	Стул обеденный	Винтаж			ткань	деревянный серая (4 шт); ТМ: Stolline	11400	s4_280
Мебель	ДН-2090-141	Диван	Честер	200х90	коричневый	кожа	ТМ: Eltap	67400	s4_281
Мебель	ТРН-SE-002	Велотренажёр	City				велотренаж вертикальный 12 програм дисплей; ТМ: Sportelite	22400	s4_282
Мебель	ШК-####	Шкаф-купе		180х60х220	белый	ЛДСП	2-дверный; ТМ: Anrex	28900	s4_283
Мебель	КГ-3200-779	Кухня	Хай-тек	3.2м	белый	МДФ	модульный 3 2 м глянец; ТМ: Сокол	69800	s4_284
Мебель	ЛН-CL-452	Лампа			бежевый	текстиль	наст классический абажур; ТМ: Эра	1800	s4_285
Мебель	ШО-1006-B44	Шкаф		100х35х200	дуб сонома	ЛДСП	для бумаг; ТМ: Бюрократ	13400	s4_286
Мебель	ТП-4540-726	Тумба прикроватная	Карина	45х40х55	графит	МДФ	тумба прикроватный; ТМ: Lazurit	6900	s4_287
Мебель	ТУС-1204-014	Туалетный столик	Аделина	120х45		МДФ	туал столик с подсв; ТМ: Lazurit	22400	s4_288
Мебель	ШК-2406-022	Шкаф-купе		240х60х220	белый	ЛДСП	2-дверный; ТМ: Mr. Doors	38900	s4_289
Мебель	КО-MTT-863	Кресло операторское	Метта Su-B		чёрный	сетка	кресло операторский; ТМ: Метта	19800	s4_290
Мебель	КГ-3600-A04	Кухня	Прованс	3.6х1.8м		МДФ	угловой 3 6х1 8 м слон кость; ТМ: Stolline	94800	s4_291
Мебель	СТЖ-705-044	Столик журнальный		70х45	венге	МДФ	круг; ТМ: Tetchair	4700	s4_292
Мебель	ССТ-705-946	Стеллаж	Капитошка	70х30х150	белый		дет 4 полки /желт; ТМ: Mr. Doors	4800	s4_293
Мебель	МТР-1620-A81	Матрас	Топпер	160х200		пена мемори	4 см; ТМ: Promtex	7800	s4_294
Мебель	КВ-22030	Ковёр		220х300	бежево-голубой	шерсть	классик; ТМ: Витебск	22400	s4_295
Мебель	ТУМ-454-976	Тумба		45х50х65	дуб	ЛДСП	офисный выкатн 3-ящик; ТМ: Бюрократ	5800	s4_296
Мебель	СТ-1206-441	Стол письменный		120х60	белый	ЛДСП	ТМ: Anrex	5100	s4_297
Мебель	МДУЛ-2406-D59	Гостиная	Скандик	2.4м	дуб	МДФ	модуль мини 2 4 м; ТМ: Eltap	38900	s4_298
Мебель	МДУЛ-1006-A49	Шкаф	Скандик	100х40х210	дуб	ЛДСП	модуль; ТМ: Eltap	14800	s4_299
Мебель	ОБ-СТ-B69	Стул обеденный	Модерн			металлический каркас; экокожа; кожа; металл	белая (4 шт); ТМ: Stolline	10400	s4_300
Мебель	КР-1820-F11	Кровать	Манхэттен	180х200	графит	ЛДСП	дв; ТМ: Сонум	36400	s4_301
Мебель	КГ-3000-771	Кухня	Венеция	3.0м	бежевый	МДФ	модульный 3 0 м; ТМ: Stolline	67800	s4_302
Мебель	ДН-2200-808	Диван	Релакс		бежевый	экокожа; кожа	с реклайнер; ТМ: Сонум	67800	s4_303
Мебель	КО-868-006	Кресло офисное	Бюрократ CH-868			сетка	кресло офисный серая	7600	s4_304
Мебель	ДКР-ЭТЛ-002	Ваза	Лагуна	h35см		стекло	h35 см прозр синяя; ТМ: Этель	1800	s4_305
Мебель	ПОД-4040-B41	Подушка		40х40		рогожка	декоративный горчичн; ТМ: Этель	820	s4_306
Мебель	ДЕТ-ШК-009	Шкаф платяной	Школьник	80х50х190	белый/бежевый	ЛДСП	ТМ: Любимый дом	15400	s4_307
Мебель	ТУС-1204-744	Туалетный столик	Флоренция	120х50х80	ясень	массив ясень	туал столик; ТМ: Mebelain	27800	s4_308
Мебель	КШ-6080-775	Шкаф кухонный		60х60х200	бежевый	МДФ	пенал; ТМ: Stolline	14700	s4_309
Мебель	КВ-14020	Ковёр		140х200	бежевый		шегги высокий ворс; ТМ: Меринос	6700	s4_310
Мебель	ЛТ-LED-E01	Трек-система		4м	чёрный		магнитный LED 48В; ТМ: Navigator	14800	s4_311
Мебель	ССТ-1808-496	Стеллаж		180х35х200			лесенка 4 полки бамбук; ТМ: Икар	9800	s4_312
Мебель	БС-5085-077	Стул		50х50х85	коричневый	экокожа; кожа	барн со спин; ТМ: Tetchair	4200	s4_313
Мебель	ЛН-USB-018	Лампа			чёрный	пластик	наст диммер USB; ТМ: Эра	1450	s4_314
Мебель	ВН-АКТ-001	Тумба под раковину	Америна	60х48х86		МДФ	тумба под раковина белая; ТМ: Aquaton	14800	s4_315
Мебель	КОМ-1404-574	Комод	Премиум	140х50х100	дуб	шпон	6-ящик; ТМ: Лером	38900	s4_316
Мебель	ДН-2400-A57	Диван	Аскона Гранд		графит	велюр	еврокнижка; ТМ: Аскона	67800	s4_317
Мебель	ЛТ-SP-B03	Светильник			чёрный		спот встроенный GU10 1шт; ТМ: Эра	480	s4_318
Мебель	КР-1820-C02	Кровать	Версаль	180х200		МДФ	дв глянец слон кость; ТМ: Lazurit	46400	s4_319
Мебель	КВ-15020	Ковёр		150х200		акрил	детский рис машинки; ТМ: Меринос	4900	s4_320
Мебель	КШ-3060-D67	Шкаф кухонный		30х30х72	венге	ЛДСП	навесной узк; ТМ: Сокол	2400	s4_321
Мебель	КР-1820-363	Кровать	Соня	180х200	венге	ЛДСП	дв; ТМ: Lazurit	27400	s4_322
Мебель	КШ-4560-A12	Шкаф кухонный		45х45х72	дуб	ЛДСП	навесной угловой; ТМ: Сокол	3700	s4_323
Мебель	КР-1620-014	Кровать	Аделина	160х200	слоновая кость	экокожа; кожа	дв; ТМ: Lazurit	34200	s4_324
Мебель	ТУС-1004-660	Туалетный столик	Норд	100х45х80	дуб	ЛДСП	туал столик; ТМ: Anrex	11800	s4_325
Мебель	КП-1606-784	Прихожая	Скандик	160х35х210	белый	ЛДСП	компл; ТМ: Икар	24800	s4_326
Мебель	СТО-1607-407	Стол офисный		160х80	венге	ЛДСП	руководителя; ТМ: Бюрократ	18400	s4_327
Мебель	ДН-2400-C20	Диван	Манхэттен	240х95	графит	рогожка	еврокнижка; ТМ: Сонум	58900	s4_328
Мебель	ТП-4540-303	Тумба прикроватная	Прага	45х40х55		массив бук	тумба прикроватный; ТМ: Mebelain	7600	s4_329
Мебель	ССТ-905-117	Стеллаж		90х30х190	белый	ЛДСП	5 полок; ТМ: Сокол	6700	s4_330
Мебель	ХР-ПРК-012	Ящик		35х27х30	серый	металл	архив А4 замок; ТМ: Практик	1800	s4_331
Мебель	БАН-1004-A37	Банкетка	Гранд	100х40х48		МДФ	модульный глянец; ТМ: Hoff	8400	s4_332
Мебель	ОБ-СТ-B70	Стул обеденный				ткань	полукрес деревянный серая (2 шт); ТМ: Stolline	7800	s4_333
Мебель	ШО-906-174	Шкаф офисный		90х40х190	серый	ЛДСП	5 полок; ТМ: Бюрократ	7800	s4_334
Мебель	МТР-1420-A74	Матрас	Vegas Soft	140х200		пена мемори	беспружинный; ТМ: Vegas	25700	s4_335
Мебель	ВН-АКТ-E15	Тумба	Йорк	100х48х85	белый	МДФ	напольный; ТМ: Aquaton	24400	s4_336
Мебель	МТР-0920-D06	Матрас	Vita Plus	90х200		латекс	пружинный независимый; ТМ: Орматек	24800	s4_337
Мебель	ТВ-1604-909	Тумба ТВ	Скандик	160х40х45	дуб	ЛДСП	ТМ: Сокол	7400	s4_338
Мебель	ДУ-2802-814	Диван	Премьер		капучино	велюр	дельфин; ТМ: Аскона	72400	s4_339
Мебель	ЗЕР-7090-708	Зеркало	Орхидея	70х90	дуб		настенный рама мол; ТМ: Лером	5400	s4_340
Мебель	КОМ-1104-447	Комод	Венеция	110х45х95	белый	МДФ	5-ящик; ТМ: Lazurit	19800	s4_341
Мебель	ОБ-1209-119	Стол обеденный		160х90	дуб	ЛДСП	раздв 120; ТМ: Stolline	12400	s4_342
Мебель	СТ-1106-734	Стол письменный	Юниор	110х55	белый	ЛДСП	/бирюз; ТМ: Любимый дом	6200	s4_343
Мебель	ТП-4545-447	Тумба прикроватная	Венеция	45х45х55	белый	МДФ	тумба прикроватный; ТМ: Lazurit	6800	s4_344
Мебель	КАК-7575-821	Кресло	Релакс		коричневый	экокожа; кожа	с подножк реклайнер; ТМ: Сонум	38400	s4_345
Мебель	КР-0820-099	Кровать		80х170		МДФ	машина красн; ТМ: Сокол	14200	s4_346
Мебель	ТВ-1804-C57	Тумба ТВ	Аделина	180х45х50	слоновая кость	МДФ	глянец; ТМ: Lazurit	13800	s4_347
Мебель	КРЗ-РТ-B12	Корзина		50х50х40	натуральный	ротанг	плетёный XL; ТМ: Этель	2200	s4_348
Мебель	ЛНП-180-463	Торшер		1.8м	золото	металл	1 8 м абажур; ТМ: СветТех	4700	s4_349
Мебель	ПР-ANR-D76	Прихожая	Гомель	260х35х215	дуб	ЛДСП	компл; ТМ: Anrex	41800	s4_350
Мебель	ИЗГ-1820-A29	Изголовье	Карина	180х200	графит	экокожа; кожа	ТМ: Lazurit	17800	s4_351
Мебель	ТРН-SE-001	Велотренажёр	Smart		чёрный		велотренаж магнитный 8 уровн; ТМ: Sportelite	18900	s4_352
Мебель	МТР-1420-838	Матрас	Эконом	140х200			пружинный бонель ватин; ТМ: Орматек	14700	s4_353
Мебель	ШП-2006-447	Шкаф платяной	Венеция	200х60х230		МДФ	5-дверный; ТМ: Lazurit	62400	s4_354
Мебель	КОМ-1004-352	Комод	Соня	100х40х85	венге		4-ящик; ТМ: Lazurit	9700	s4_355
Мебель	КОМ-6004-241	Комод		60х40х80	белый	ЛДСП	3-ящик; ТМ: Anrex	5400	s4_356
Мебель	ЗЕР-D60-B36	Зеркало			дуб		настенный круг d60 рама деревянный; ТМ: Икар	4900	s4_357
Мебель	ШП-1606-E55	Шкаф платяной		160х55х225		МДФ	3-дверный глянец; ТМ: DiamondFurniture	42800	s4_358
Мебель	КОМ-8049-225	Комод		80х40х90	белый	ЛДСП	4-ящик; ТМ: Anrex	7800	s4_359
Мебель	КО-512-D85	Кресло операторское	Бюрократ CH-512			сетка	кресло операторский серая регулир	7900	s4_360
Мебель	СЕЙ-303-981	Сейф		30х30х40	чёрный	металл	офисный электр замок; ТМ: Практик	14800	s4_361
Мебель	КГ-2400-101	Кухня	Прованс	2.4м	бежевый	МДФ	модульный 2 4 м; ТМ: Сокол	48900	s4_362
Мебель	ДЕТ-TET-015	Стеллаж	Tetris	80х35х180	дуб	ЛДСП	модульный артизан; ТМ: Mr. Doors	7800	s4_363
Мебель	ДУ-3001-202	Диван	Сити		графит	велюр	аккордеон; ТМ: Eltap	58200	s4_364
Мебель	КР-1620-352	Кровать	Соня	160х200	венге	ЛДСП	дв с ламел; ТМ: Lazurit	24800	s4_365
Мебель	ТРН-BS-006	«be-7900»	BE-7900				эллипс электромагнитный 24 програм; ТМ: Body Sculpture	47800	s4_366
Мебель	ШО-1206-971	Шкаф офисный		120х35х200	серый	ЛДСП	4 полки; ТМ: Практик	12400	s4_367
Мебель	ВН-MST-015	«кантри»	Кантри	40х33х170		МДФ	пенал напольный слон кость; ТМ: Misty	13400	s4_368
Мебель	ДН-2200-C21	Диван	Манхэттен		бежевый	микровельвет; ткань	книжка; ТМ: Сонум	47800	s4_369
Мебель	КГ-OS-D74	Кухонн.	Кантри XL	140х90х90	бежевый	МДФ	остров; ТМ: Stolline	42800	s4_370
Мебель	ДН-1808-404	Диван	Модуль			рогожка	модульный 3-секц серая; ТМ: Eltap	71800	s4_371
Мебель	МТР-1620-F18	Матрас	Optima Plus	160х200			пружинный независимый зональный; ТМ: Аскона	21800	s4_372
Мебель	МТР-1620-836	Матрас	Ортопед	160х200		латекс	беспружинный кокос; ТМ: Орматек	34800	s4_373
Мебель	МТР-1520-D12	Матрас	Vegas Soft	150х200		пена мемори	беспружинный; ТМ: Vegas	26800	s4_374
Мебель	МДУЛ-2406-D46	Стенка	Скандик	2.4м	дуб сонома	ЛДСП	гостин 2 4 м; ТМ: Eltap	42800	s4_375
Мебель	МДУЛ-606-A42	«гранд»	Гранд	60х30х210		МДФ	модуль полки откр глянец; ТМ: Hoff	11800	s4_376
Мебель	ШК-2406-022	Шкаф	Соната	60х25х65	белый	ЛДСП	навесной ч ванный; ТМ: 1MarKa	5400	s4_377
Мебель	ТРН-SE-011	Велотренажёр	Home				велотренаж складной 8 уровн; ТМ: Sportelite	16700	s4_378
Мебель	ПР-2406-783	Прихожая	Аркада	240х35х215	дуб		компл артизан; ТМ: Сокол	36900	s4_379
Мебель	ЛТ-SP-E02	Светильник			белый		спот поворотный LED 8Вт 4шт; ТМ: Camelion	1900	s4_380
Мебель	КОМ-1205-C03	Комод	Версаль	120х45х95	слоновая кость	МДФ	5-ящик глянец; ТМ: Lazurit	22700	s4_381
Мебель	КР-1820-F06	Кровать	Версаль	180х200	дуб	шпон	дв мореный массив; ТМ: Lazurit	52400	s4_382
Мебель	ДН-2400-A63	Диван	Сонум Класс		коричневый	кожа	еврокнижка; ТМ: Сонум	78400	s4_383
Мебель	МТР-1820-A68	Матрас	Optima	180х200			пружинный независимый эконом; ТМ: Аскона	22800	s4_384
Мебель	ВТ-806-996	Вешалка		80х175			стойка деревянный бук с зеркал; ТМ: Икар	5400	s4_385
Мебель	КАР-606-B50	Картотека				металл	6-ящик А4 замок серая; ТМ: Практик	16400	s4_386
Мебель	ТП-4040-C69	Тумба прикроватная	Скандик	40х40х50	дуб сонома	ЛДСП	тумба прикроватный; ТМ: Eltap	4400	s4_387
Мебель	ХР-ПРК-004	Стеллаж		100х30х185	серый	металл	сборн 4 полки; ТМ: Практик	5900	s4_388
Мебель	ПОД-4040-058	Подушка		40х40		велюр	декоративный серая; ТМ: Этель	780	s4_389
Мебель	КШ-805-303	Шкаф	Атланта	80х30х200	дуб	ЛДСП	книжн; ТМ: Сокол	12400	s4_390
Мебель	ПЛ-ТТР-B40	Плед		200х220	бежевый	шерсть-акрил; шерсть; акрил	тёплый клетка; ТМ: Этель	4200	s4_391
Мебель	ДКР-ЭТЛ-008	Картина	Лофт	80х60		металл	абстракт холст рама; ТМ: Этель	4400	s4_392
Мебель	ДН-1909-085	Диван		190х90		экокожа; кожа	книжка белая; ТМ: Eltap	31200	s4_393
Мебель	ЛН-OFC-902	Лампа			чёрный		офисный LED 15W с дисплеем; ТМ: Эра	2800	s4_394
Мебель	ТРН-BS-005	Велотренажёр	BC-1500				велотренаж горизонт магнитный; ТМ: Body Sculpture	32400	s4_395
Мебель	ШП-1806-704	Шкаф платяной	Орхидея	180х60х230	дуб		4-дверный молочн; ТМ: Лером	48700	s4_396
Мебель	КОМ-9004-660	Комод	Норд	90х40х90	дуб		4-ящик артизан; ТМ: Anrex	9100	s4_397
Мебель	ШО-906-F05	Кровать		160х200		МДФ	дв с подъём глянец; ТМ: Lazurit	9700	s4_398
Мебель	КАК-8585-C24	Кресло	Манхэттен		графит	рогожка	акцент вращ; ТМ: Сонум	19800	s4_399
Мебель	КШ-9080-773	Шкаф кухонный		90х60х85	бежевый	МДФ	напольный; ТМ: Stolline	7400	s4_400
Мебель	КГ-2000-B54	Кухня	Кантри	2.0м		МДФ	прямой 2 0 м зелён матовый; ТМ: Stolline	38900	s4_401
Мебель	ВН-АКТ-005	Зеркало-шкаф	Йорк	60х75	белый	МДФ	ванный; ТМ: Aquaton	8400	s4_402
Мебель	КО-799-855	Кресло операторское	Бюрократ CH-799			сетка	кресло операторский красн	6200	s4_403
Мебель	КОВ-Р-991	Ковровая дорожка		100х400		акрил	ориент серая; ТМ: Витебск	8400	s4_404
Мебель	ДН-1908-D31	Диван	Pushe Эко		бежевый	микрофибра	книжка; ТМ: Pushe	28400	s4_405
Мебель	КОМ-1004-022	Комод	Берлин	100х45х90	дуб сонома		5-ящик; ТМ: Hoff	12800	s4_406
Мебель	ДКР-RG-015	Ваза	Бохо	h28см		стекло	цвет h28 см янтарь; ТМ: Royal Garden	2300	s4_407
Мебель	ДЕТ-ШК-008	Стеллаж	Школьник	60х30х150	белый/бежевый	ЛДСП	детский; ТМ: Любимый дом	4800	s4_408
Мебель	КОМ-1004-263	Комод		100х30х85	дуб сонома	ЛДСП	узк; ТМ: Anrex	8400	s4_409
Мебель	ШП-1806-963	Шкаф платяной	Лагуна	180х60х225		МДФ	4-дверный глянец; ТМ: Anrex	48700	s4_410
Мебель	ПР-ANR-013	«брест»	Брест	80х30х90	белый	ЛДСП	обувница; ТМ: Anrex	5800	s4_411
Мебель	ТУМ-454-712	Тумба	Стокгольм	45х45х60	дуб сонома		выкатн 3-ящик; ТМ: Anrex	5400	s4_412
Мебель	КОМ-1305-742	Комод	Флоренция	130х50х100	ясень		6-ящик масс; ТМ: Mebelain	32400	s4_413
Мебель	ДКР-ЭТЛ-009	Свеча		h12см	бежевый		декоративный ароматический ваниль h12 см; ТМ: Этель	480	s4_414
Мебель	ДН-2100-806	Диван	Брюссель		графит	велюр	еврокнижка; ТМ: Pushe	48900	s4_415
Мебель	ВН-АКТ-E16	Зеркало-шкаф	Йорк	80х80	белый	МДФ	LED; ТМ: Aquaton	11400	s4_416
Мебель	КР-1820-B61	Кровать		180х200	венге	ЛДСП	дв ортопед осн; ТМ: Хофф	31400	s4_417
Мебель	МТР-1820-A82	Матрас	Топпер	180х200			кокос 4 см жёстк; ТМ: Орматек	9800	s4_418
Мебель	ССТ-806-B75	Стеллаж		80х30х170			лесенка 4 полки бамбук; ТМ: Икар	5400	s4_419
Мебель	КО-797-853	Кресло операторское	Бюрократ CH-797			ткань	кресло операторский синяя	5400	s4_420
Мебель	КШ-4080-D68	Шкаф кухонный		40х60х85	белый	ЛДСП	напольный; ТМ: Сокол	3400	s4_421
Мебель	ТП-4040-660	Тумба прикроватная	Норд	40х40х45	дуб	ЛДСП	тумба прикроватный; ТМ: Anrex	3200	s4_422
Мебель	ПУФ-4545-463	Пуф	Груша		графит	велюр; ткань	XXL; ТМ: Tetchair	4900	s4_423
Мебель	МДУЛ-2806-A47	Стенка	Скандик	2.8м	дуб сонома	МДФ	гостин 2 8 м; ТМ: Eltap	52400	s4_424
Мебель	ХР-АЛТ-003	Стеллаж		90х40х180			складной 5 полок оцинков; ТМ: Алтек	5400	s4_425
Мебель	ТП-4540-A35	Тумба прикроватная	Флоренция	45х40х55	ясень		тумба прикроватный 1-ящик масс; ТМ: Mebelain	7800	s4_426
Мебель	КР-1620-001	Тумба	Йорк	60х46х85	белый	МДФ	компл +раковина; ТМ: Aquaton	18900	s4_427
Мебель	ШО-1206-E52	Шкаф офисный		120х40х200	серый	металл	ТМ: Hoff	14800	s4_428
Мебель	ДЕТ-ЮН-004	«юниор»	Юниор	90х200	белый		кров -чердак со столом /мята; ТМ: Любимый дом	22400	s4_429
Мебель	ШП-1606-F07	Шкаф платяной	Версаль	160х60х225		МДФ	3-дверный глянец; ТМ: Lazurit	54800	s4_430
Мебель	МТР-1820-A70	Матрас	Vita Plus	180х200		латекс	пружинный независимый; ТМ: Орматек	42800	s4_431
Мебель	СТ-1406-B63	Стол письменный		140х60	венге	ЛДСП	с надстр; ТМ: SuperMebel	7200	s4_432
Мебель	МТР-1620-834	Матрас	Премиум	160х200			мемори-пена 7 зон; ТМ: Аскона	41400	s4_433
Мебель	ТП-4545-228	Тумба прикроватная	Дакота	45х45х55	дуб		тумба прикроватный масс; ТМ: Mebelain	8200	s4_434
Мебель	КГ-1800-202	Кухня	Лофт	1.8м	венге	ЛДСП	модульный 1 8 м; ТМ: Сокол	36400	s4_435
Мебель	ВТ-606-B29	Вешалка		60х170	золото	металл	напольный; ТМ: Икар	2800	s4_436
Мебель	КО-797-D84	Кресло операторское	Бюрократ CH-797			ткань	кресло операторский серая	5400	s4_437
Мебель	КР-1620-110	Комод		100х40х90	дуб сонома	ЛДСП	4-ящик; ТМ: Anrex	9400	s4_438
Мебель	ДН-2400-D36	Диван	Боровичи XL		изумруд	шенилл	еврокнижка; ТМ: Боровичи-Мебель	47800	s4_439
Мебель	МТР-1620-A69	Матрас	Vita Plus	160х200		латекс	пружинный независимый; ТМ: Орматек	36400	s4_440
Мебель	МТР-0920-D16	Матрас	Promtex Gold	90х200		латекс	гибрид мемори+; ТМ: Promtex	22400	s4_441
Мебель	КО-TC-A95	Кресло операторское	Tetchair Maxi		серый	сетка	кресло операторский эргон; ТМ: Tetchair	9800	s4_442
Мебель	КР-1620-152	Кровать	Лагуна	160х200		ткань	дв с ящик; ТМ: Mebelain	39400	s4_443
Мебель	МТР-1620-A76	Матрас	Promtex Gold	160х200		латекс	гибрид мемори+; ТМ: Promtex	38900	s4_444
Мебель	КГ-2400-D61	Кухня	Манхэттен	2.4м	серый	МДФ	модульный 2 4 м матовый; ТМ: Stolline	52400	s4_445
Мебель	СВТ-1604-E43	Сервант		160х40х200	венге	МДФ	2-дверный со стекл; ТМ: Сокол	22800	s4_446
Мебель	БАН-906-441	Банкетка		90х40х48		экокожа; кожа	прихожая с ящик; ТМ: СБК	5400	s4_447
Мебель	КО-FX1-858	Кресло	Бюрократ FX-1		чёрный	экокожа; кожа	геймер /красн	14400	s4_448
Мебель	ЛТ-LED-B06	Светильник			белый		линейн LED 30Вт 90см; ТМ: ЭкономСвет	1100	s4_449
Мебель	ХР-ЭТЛ-009	Корзина		30х25х20	натуральный	ротанг	плетёный; ТМ: Этель	680	s4_450
Мебель	МТР-0820-A78	Матрас		80х190			детский беспружинный кокос ватин гипоаллер; ТМ: Аскона	10400	s4_451
Мебель	ДУ-2602-817	Диван	Боровичи Лидер		серый	велюр	дельфин; ТМ: Боровичи-Мебель	52800	s4_452
Мебель	ШО-1206-B60	Шкаф офисный		120х40х200	серый	металл	ТМ: Бюрократ	13800	s4_453
Мебель	КГ-2700-778	Кухня	Хай-тек	2.7м		МДФ	модульный 2 7 м глянец антрац; ТМ: Сокол	58900	s4_454
Мебель	ЛТ-LED-A98	Трек-система		2м			магнитный LED 48В белая; ТМ: Navigator	7800	s4_455
Мебель	ЗЕР-7090-C09	Зеркало	Версаль	70х90		МДФ	настенный рама глянец; ТМ: Lazurit	5800	s4_456
Мебель	КО-868-005	Кресло офисное	Бюрократ		чёрный	сетка	кресло офисный эрг	7600	s4_457
Мебель	ПЛ-ВЛ-B39	Плед		200х220	изумруд	велюр	уютный; ТМ: Этель	3200	s4_458
Мебель	ОБВ-4045-241	Обувница		80х25х95	дуб	ЛДСП	4-секц; ТМ: Икар	4800	s4_459
Мебель	ДКР-RG-017	Часы		40х40	венге	МДФ	настенный квадр; ТМ: Royal Garden	3200	s4_460
Мебель	КРЗ-ТКЛ-A01	Корзина		40х30х25		ткань	складной серая (3 шт); ТМ: Алтек	540	s4_461
Мебель	КР-1820-505	Кровать	Лофт	180х200	венге	ЛДСП; металл	дв; ТМ: Eltap	26800	s4_462
Мебель	КГ-2400-F04	Кресло руководителя			коричневый	экокожа; кожа	хром; ТМ: Бюрократ	47800	s4_463
Мебель	КАР-303-352	Картотека			чёрный	металл	3-ящик А4; ТМ: Практик	7800	s4_464
Мебель	ТУС-1004-022	Туалетный столик	Берлин	100х45	дуб сонома		туал столик с зерк; ТМ: Hoff	14500	s4_465
Мебель	ШК-1206-014	Шкаф-купе	Дрезден	120х60х220	венге		2-дверный; ТМ: Hoff	26800	s4_466
Мебель	МДУЛ-3206-D56	Гостиная	Атриум	3.2м	дуб сонома	МДФ	XL 3 2 м; ТМ: Mebelain	54800	s4_467
Мебель	ДКР-RG-012	Панно	Ловец снов		коричневый		де дерево d50 см; ТМ: Royal Garden	2800	s4_468
Мебель	ШО-906-972	Шкаф		90х40х200	дуб сонома	ЛДСП	для документов; ТМ: Бюрократ	11800	s4_469
Мебель	СВТ-1806-530	«премиум»	Премиум	180х45х210	дуб	шпон	сервант; ТМ: Лером	42700	s4_470
Мебель	ПР-906-185	Прихожая		90х30х200	дуб	ЛДСП	модульный; ТМ: Сокол	14800	s4_471
Мебель	МДУЛ-906-D57	Витрина	Атриум	90х40х210	венге	стекло	модуль; ТМ: Mebelain	20700	s4_472
Мебель	ОБ-СТ-558	Стул обеденный				ротанг	венский (2 шт); ТМ: Stolline	6400	s4_473
Мебель	ДУ-3001-A54	Диван	Гавана		коричневый	экокожа; кожа	дельфин; ТМ: Сонум	71800	s4_474
Мебель	СТЖ-1006-B79	Столик журнальный		100х60	дуб сонома	ЛДСП	трансформ; ТМ: Tetchair	11800	s4_475
Мебель	КО-868-F01	Кресло офисное	Бюрократ CH-868			сетка	кресло офисный фиолет	7600	s4_476
Мебель	МТР-1420-F20	Матрас	Vita Plus	140х200		латекс	пружинный независимый; ТМ: Орматек	31800	s4_477
Мебель	МДУЛ-2406-754	Гостиная	Гранд	2.4м	венге	ЛДСП	мини 2 4 м; ТМ: Hoff	38700	s4_478
Мебель	ТП-4040-A24	Тумба прикроватная	Стокгольм	40х40х50	дуб сонома		тумба прикроватный 1-ящик; ТМ: Anrex	4200	s4_479
Мебель	ТВ-1804-B78	Тумба ТВ	Атриум	180х45х55	белый	ЛДСП	модульный с ящик; ТМ: Mebelain	12700	s4_480
Мебель	КО-799-D86	Кресло операторское	Бюрократ CH-799			сетка	кресло операторский зелён	6200	s4_481
Мебель	ПОД-4060-927	Подушка		40х60		рогожка	декоративный терракот; ТМ: Этель	860	s4_482
Мебель	ТВ-1604-B77	Тумба ТВ	Скандик	160х40х45	дуб сонома	МДФ	модульный; ТМ: Eltap	8400	s4_483
Мебель	МТР-1420-D23	Матрас	Орматек Premium	140х200	натуральный	латекс	7 зон; ТМ: Орматек	42400	s4_484
Мебель	ЛТ-LED-D99	Трек-система		1.5м			магнитный LED 48В белая; ТМ: Эра	6800	s4_485
Мебель	КГ-3000-B56	Кухня	Венеция	3.0х1.5м	бежевый	МДФ	угловой 3 0х1 5 м; ТМ: Stolline	78400	s4_486
Мебель	БАН-1104-A16	Банкетка	Орхидея	110х40х48		ткань	с ящик пыльн роза; ТМ: Лером	9200	s4_487
Мебель	КР-1620-118	Кровать	Софт	160х200		ткань	дв с мяг изгол; ТМ: Lazurit	33800	s4_488
Мебель	ЛН-OFC-E12	Лампа			чёрный		офисный LED 12W складная USB; ТМ: Camelion	2200	s4_489
Мебель	ТУС-905-A32	Туалетный столик	Юниор	90х40х80	белый	ЛДСП	туал столик с зерк /бирюз; ТМ: Любимый дом	9700	s4_490
Мебель	КГ-2700-F24	Кухня	Хай-тек XL	2.7м		МДФ	модульный 2 7 м глянец антрац; ТМ: Сокол	52400	s4_491
Мебель	КАК-7080-105	Кресло	Кокон			велюр	акцент горчичн; ТМ: Tetchair	17800	s4_492
Мебель	ОБВ-806-B31	Обувница		80х25х110	белый	ЛДСП	откидн 4-секц; ТМ: Икар	6400	s4_493
Мебель	ДУ-2802-D32	Диван	Pushe Барс			рогожка	аккордеон горчичн; ТМ: Pushe	58900	s4_494
Мебель	КОМ-805-B83	Комод		80х30х95	белый	МДФ	узк глянец; ТМ: Anrex	7400	s4_495
Мебель	ШП-1806-228	Шкаф платяной	Дакота	180х60х225	дуб		4-дверный; ТМ: Mebelain	67900	s4_496
Мебель	ДЕТ-ЮН-019	«юниор»	Юниор	130х110		ЛДСП	уголок школьн с надстр мята; ТМ: Любимый дом	17400	s4_497
Мебель	СТ-1406-C96	Стол письменный		140х60	венге	ЛДСП	ТМ: Anrex	6400	s4_498
Мебель	ДН-2200-815	Диван	Боровичи Стандарт		бежевый	рогожка	книжка; ТМ: Боровичи-Мебель	31400	s4_499
Мебель	ТУС-1204-725	Туалетный столик	Карина	120х45х80		МДФ	туал столик с подсв; ТМ: Lazurit	24800	s4_500
Мебель	ПУФ-5050-C25	Пуф	Манхэттен	50х50х42	графит	рогожка	квадр; ТМ: Сонум	4800	s4_501
Мебель	ТРН-DFC-010	«sc-s801»	SC-S801				степпер поворотный с эспанд серебр; ТМ: DFC	7800	s4_502
Мебель	ВН-АКТ-E27	«лондон»	Лондон	35х30х170	серый	МДФ	пенал 2-дверный; ТМ: Aquaton	12400	s4_503
Мебель	ДКР-ЭТЛ-006	Картина	Париж	100х50			модульный 3 шт холст ч/б; ТМ: Этель	4800	s4_504
Мебель	КВ-25035	Ковёр		250х350	бордо-бежевый	шерсть	ориент; ТМ: Меринос	24800	s4_505
Мебель	КО-1399-303	Кресло операторское			бежевый	сетка	кресло операторский; ТМ: Бюрократ	4800	s4_506
Мебель	ШК-2406-####	Шкаф-купе			дуб сонома		3-дверный зерк; ТМ: Hoff	42700	s4_507
Мебель	КОН-PL-B20	Контейнер		30х20х15		пластик	герметичный 5л (3 шт); ТМ: Алтек	320	s4_508
Мебель	КГ-2800-A03	Кухня	Скандинавия XL	2.8м	белый	МДФ	модульный 2 8 м; ТМ: Stolline	58700	s4_509
Мебель	МДУЛ-1206-A39	Шкаф	Гранд	120х40х210	венге	МДФ	модуль средн; ТМ: Hoff	19800	s4_510
Мебель	ПР-ANR-011	Шкаф платяной	Гомель	90х40х210	дуб	ЛДСП	для прих; ТМ: Anrex	17400	s4_511
Мебель	ВН-MST-013	Тумба под раковину	Лилия	65х48х85		МДФ	тумба под раковина белая ножки; ТМ: Misty	17400	s4_512
Мебель	МТР-0920-D20	Матрас	Аскона Орматек Эконом	90х200			беспружинный ватин; ТМ: Аскона	6800	s4_513
Мебель	МТР-1620-A75	Матрас	Vegas Hard	160х200			беспружинный кокос жёсткий; ТМ: Vegas	26400	s4_514
Мебель	ЗЕР-7090-C64	Зеркало	Карина	70х90	графит	МДФ	настенный рама; ТМ: Lazurit	5800	s4_515
Мебель	КОМ-1205-607	Комод	Тоскана	120х45х95		МДФ	5-ящик; ТМ: Любимый дом	14700	s4_516
Мебель	ПР-2006-B28	Прихожая	Уют XL	200х35х215	венге		компл; ТМ: Сокол	29800	s4_517
Мебель	ССТ-1206-B74	Стеллаж		120х35х200	дуб сонома	МДФ	6 полок; ТМ: Сокол	12400	s4_518
Мебель	КОВ-Р-474	Ковровая дорожка		80х300		шерсть	классик; ТМ: Витебск	7400	s4_519
Мебель	КО-MTT-D88	Кресло	Метта Y-7DF			экокожа; кожа	геймер эргон красн; ТМ: Метта	52400	s4_520
Мебель	КВ-23034	Ковёр		230х340	бордо	шерсть	классик; ТМ: Витебск	19700	s4_521
Мебель	КШ-6080-014	Шкаф кухонный		60х30х72	белый	ЛДСП	навесной; ТМ: Сокол	3200	s4_522
Мебель	ЗЕР-7090-B58	Зеркало	Берлин	70х90	венге		настенный рама; ТМ: Mr Doors	5400	s4_523
Мебель	КР-1820-447	Кровать	Венеция	180х200		экокожа; кожа	дв белая; ТМ: Lazurit	41200	s4_524
Мебель	ВН-1MK-008	«стандарт»	Стандарт	30х30х170	белый	ЛДСП	пенал ванн мат; ТМ: 1MarKa	7900	s4_525
Мебель	ШО-2406-374	Шкаф офисный		240х60х185	серый	металл	ТМ: Практик	26800	s4_526
Мебель	КГ-3000-D65	Кухня	Скандинавия XL	3.0м	белый	МДФ	модульный 3 0 м; ТМ: Сокол	58900	s4_527
Мебель	ИЗГ-1820-C44	Изголовье	Афина	180х200		экокожа; кожа	белая массив; ТМ: Mebelain	21800	s4_528
Мебель	ДН-2000-A52	Диван	Мадрид			велюр	книжка горчичн; ТМ: Сонум	39800	s4_529
Мебель	ПР-2006-C71	Прихожая	Гомель	200х35х215	дуб	ЛДСП	XL; ТМ: Anrex	34800	s4_530
Мебель	КШ-1060-D71	Шкаф кухонный		100х30х72	белый	ЛДСП	навесной; ТМ: Сокол	4200	s4_531
Мебель	ЛТ-CL-892	Люстра				текстиль	классический 5 ламп бронза абажур; ТМ: СветТех	9800	s4_532
Мебель	СТ-1206-C91	Стол письменный		120х60	белый	ЛДСП	прямоуг; ТМ: Anrex	5100	s4_533
Мебель	ШО-906-978	Шкаф		90х40х200	серый	металл	архивн жалюзи; ТМ: Практик	19800	s4_534
Мебель	ТП-4540-C06	Тумба прикроватная	Версаль	45х40х55		МДФ	тумба прикроватный глянец; ТМ: Lazurit	7200	s4_535
Мебель	КРЗ-ТКЛ-B11	Корзина		50х35х55		ткань	для бельё крышк серая; ТМ: Этель	1400	s4_536
Мебель	ШП-1806-618	Шкаф платяной	Тоскана	180х60х225		МДФ	3-дверный; ТМ: Любимый дом	36800	s4_537
Мебель	ХР-АЛТ-001	Стеллаж		100х40х200		металл	гараж 5 полок 200 кг; ТМ: Алтек	6800	s4_538
Мебель	КР-0820-941	Кровать	Капитошка	80х160	белый/розовый	ЛДСП	детский; ТМ: Mr. Doors	14700	s4_539
Мебель	КО-BR-A93	Кресло	Бюрократ MC-411		чёрный	кожа	конф хром; ТМ: Бюрократ	11400	s4_540
Мебель	БАН-906-A31	Банкетка	Юниор	90х35х45		ткань	голуб; ТМ: Любимый дом	4400	s4_541
Мебель	ДУ-3001-D40	Диван	Eltap Хьюстон XL		чёрный	экокожа; кожа	аккордеон; ТМ: Eltap	67800	s4_542
Мебель	ШК-1211-902	Стол письменный	Юниор	120х110	белый	ЛДСП	угловой /мята; ТМ: Любимый дом	11800	s4_543
Мебель	КГ-2700-303	Кухня	Скандинавия	2.7м			модульный 2 7 м белая; ТМ: Сокол	57800	s4_544
Мебель	ТП-4540-706	Тумба прикроватная	Орхидея	45х40х50	дуб		тумба прикроватный 2-ящик мол; ТМ: Лером	6200	s4_545
Мебель	ДУ-3001-804	Диван	Сан-Ремо		коричневый	экокожа; кожа	аккордеон; ТМ: Hoff	78400	s4_546
Мебель	МТР-1820-837	Матрас	Ортопед	180х200		латекс	беспружинный кокос; ТМ: Орматек	39800	s4_547
Мебель	МТР-1820-D22	Матрас	Орматек Hard	180х200			кокос-пружина 7 зон; ТМ: Орматек	46800	s4_548
Мебель	ОБ-СТ-E39	Стул обеденный	Виктория		изумруд		полукрес бархат (2 шт); ТМ: Stolline	9400	s4_549
Мебель	ИЗГ-1820-C61	Изголовье	Аделина	180х200	слоновая кость	экокожа; кожа	ТМ: Lazurit	16800	s4_550
Мебель	КО-TC-A94	Кресло руководителя	Tetchair Profi		коричневый	кожа	премиум; ТМ: Tetchair	28400	s4_551
Мебель	КО-MTT-D89	Кресло операторское	Метта BK-9			сетка	кресло операторский эргон синяя; ТМ: Метта	17800	s4_552
Мебель	тумба	Тв			венге	металлический каркас; ЛДСП; металл	140; ТМ: Eltap	8400	s4_553
Мебель	КР-0820-088	Кровать		80х200	белый	ЛДСП	чердак /син; ТМ: Сокол	17400	s4_554
Мебель	КО-BR-D95	Кресло руководителя	Бюрократ T-9909			кожа	премиум хром; ТМ: Бюрократ	28400	s4_555
Мебель	БАН-1204-C43	Банкетка	Афина	120х45х50		кожа	белая массив; ТМ: Mebelain	17400	s4_556
Мебель	ТУМ-454-977	Тумба		45х50х70			офисный подкат 4-ящик замок серая; ТМ: Практик	7400	s4_557
Мебель	ШК-1506-196	Шкаф-купе		150х60х220	дуб	ЛДСП	2-дверный; ТМ: Hoff	28400	s4_558
Мебель	КО-CHR-866	Кресло операторское	Chairman 9801			сетка	кресло операторский серая; ТМ: Chairman	9700	s4_559
Мебель	ОБВ-1004-C81	«атриум»	Атриум	100х30х110	венге	ЛДСП	обувница; ТМ: Сокол	6800	s4_560
Мебель	МТР-0820-D01	Матрас	Optima	80х200			пружинный независимый эконом; ТМ: Аскона	9400	s4_561
Мебель	ОБ-1408-884	Стол обеденный		180х80	белый	МДФ	раздв 140- матовый; ТМ: Stolline	19800	s4_562
Мебель	ТВ-1604-C49	Тумба ТВ	Орхидея	160х40х50	дуб	ЛДСП	молочн; ТМ: Лером	9800	s4_563
Мебель	ТП-5050-585	Тумба прикроватная	Премиум	50х45х55	дуб	шпон	тумба прикроватный; ТМ: Лером	12400	s4_564
Мебель	СТО-1207-B47	Стол офисный		120х70	дуб	ЛДСП	компл с тумб; ТМ: Бюрократ	13700	s4_565
Мебель	ВИТ-806-B82	Витрина		80х35х200	венге	МДФ; стекло	узк; ТМ: Сокол	17400	s4_566
Мебель	ТВ-2004-022	Тумба ТВ		200х45х55		МДФ	с ящик глян; ТМ: Сокол	12800	s4_567
Мебель	СТЖ-905-C63	Столик журнальный	Карина	90х50х45	графит	МДФ	ТМ: Lazurit	6800	s4_568
Мебель	КО-CHR-D92	Кресло руководителя	Chairman 444		чёрный	экокожа; кожа	ТМ: Chairman	16400	s4_569
Мебель	КОН-PL-B21	Контейнер		35х20х12		пластик	под обувь (5 шт); ТМ: Алтек	680	s4_570
Мебель	ТП-4540-296	Тумба прикроватная		45х30х30	венге	ЛДСП	тумба прикроватный подвесн; ТМ: СБК	2700	s4_571
Мебель	СВТ-1404-505	Сервант		140х40х200	венге	ЛДСП	4-дверный; ТМ: Сокол	22400	s4_572
Мебель	СТ-1606-C99	Стол письменный		160х60	венге	ЛДСП	ТМ: Anrex	7700	s4_573
Мебель	КР-1620-C01	Кровать	Версаль	160х200		МДФ	дв глянец слон кость; ТМ: Lazurit	42800	s4_574
Мебель	КР-1620-F09	Кровать	Лион	160х200	дуб	ЛДСП	дв с подъём артизан; ТМ: Mr. Doors	34800	s4_575
Мебель	ВТ-906-788	Вешалка		90х175	натуральный		напольный деревянный бук; ТМ: Икар	3400	s4_576
Мебель	ВН-АКТ-E24	Комод	Сильва	50х35х80	венге	МДФ	ванный; ТМ: Aquaton	9800	s4_577
Мебель	КО-DRC-441	Кресло руководителя	Director		чёрный	кожа	ТМ: Бюрократ	19400	s4_578
Мебель	ВН-ГРЦ-020	Шкаф	Лагуна	50х25х65	белый	МДФ	навесной ч глянец; ТМ: Грация	5900	s4_579
Мебель	КО-868-008	Кресло офисное	Бюрократ CH-868			сетка	кресло офисный красн	7800	s4_580
Мебель	БАН-1004-A34	Банкетка	Флоренция	100х40х48	ясень	ткань	прикроватный; ТМ: Mebelain	14800	s4_581
Мебель	МТР-1420-D14	Матрас	Vegas Hard	140х200			беспружинный кокос жёсткий; ТМ: Vegas	23800	s4_582
Мебель	КВ-23032	Ковёр		230х320	бежевый	вискоза	классик; ТМ: Меринос	18400	s4_583
Мебель	МТР-1420-A71	Матрас	Vita Plus	140х200		латекс	пружинный независимый; ТМ: Орматек	32400	s4_584
Мебель	ДН-2000-D34	Диван	Боровичи Эконом		серый	микровельвет	книжка; ТМ: Боровичи-Мебель	26400	s4_585
Мебель	КР-0820-731	Кровать	Юниор	90х200	белый	ЛДСП	подростк /бирюз; ТМ: Любимый дом	13800	s4_586
Мебель	ТП-4540-629	Тумба прикроватная	Тоскана	45х40х50		МДФ	тумба прикроватный; ТМ: Любимый дом	4800	s4_587
Мебель	ПР-ANR-010	Прихожая	Гомель	240х35х215	дуб	ЛДСП	модульный; ТМ: Хофф	36400	s4_588
Мебель	БРА-300-B07	Бра				металл	LED 12Вт дист упр хром; ТМ: Navigator	3400	s4_589
Мебель	МТР-1620-831	Матрас	Баланс	160х200			пружинный независимый кокос; ТМ: Аскона	28400	s4_590
Мебель	ВН-АКТ-E31	Зеркало-шкаф	Северная Венеция	80х90			LED глянец; ТМ: Aquaton	14400	s4_591
Мебель	СТО-1607-E42	Стол офисный		160х80	белый	ЛДСП	угловой; ТМ: Бюрократ	14400	s4_592
Мебель	ТП-4540-C33	Тумба прикроватная	Прованс	45х40х55	бежевый	МДФ	тумба прикроватный; ТМ: Лером	6800	s4_593
Мебель	МТР-1620-A72	Матрас	Vegas Soft	160х200		пена мемори	беспружинный; ТМ: Vegas	28900	s4_594
Мебель	ЛТ-SP-E03	Светильник					спот встроенный GU10 3шт хром; ТМ: Эра	1400	s4_595
Мебель	ЛТ-LED-906	Светильник					встроенный LED 18Вт квадр 5шт; ТМ: ЭкономСвет	1400	s4_596
Мебель	ДН-2400-A51	Диван	Конкорд		изумруд	рогожка	еврокнижка; ТМ: Сонум	48700	s4_597
Мебель	КГ-1800-777	Кухня	Хай-тек	1.8м	чёрный	МДФ	модульный 1 8 м глянец; ТМ: Сокол	39400	s4_598
Мебель	КР-1620-001	Кровать		160х200	дуб	ЛДСП	дв молочн; ТМ: Anrex	24700	s4_599
Мебель	МДУЛ-3406-A48	Стенка	Скандик	3.4м	белый	МДФ	гостин 3 4 м матовый; ТМ: Eltap	58900	s4_600
Мебель	ЛТ-LED-D98	Светильник			белый		трек LED 24Вт (комплект 5 шт); ТМ: Camelion	4400	s4_601
Мебель	ТУС-1304-447	Туалетный столик	Венеция	130х45х80		МДФ	туал столик глян; ТМ: Lazurit	24700	s4_602
Мебель	ДЕТ-ШК-017	Подставка под монитор	Школьник		бежевый	ЛДСП	ТМ: Любимый дом	1800	s4_603
Мебель	ТП-5045-A30	Тумба прикроватная	Карина	50х45х55	графит	МДФ	тумба прикроватный 3-ящик; ТМ: Lazurit	8400	s4_604
Мебель	ТРН-SE-004	«step»	Step		чёрный		степпер мини с поручн /красн; ТМ: Sportelite	6400	s4_605
Мебель	БС-5085-872	Стул	Bistro	50х45х85		ротанг	барн кр спинка; ТМ: Tetchair	5800	s4_606
Мебель	СТ-1206-441	Шкаф	Юниор	80х30х170		ЛДСП	книжн откр мята; ТМ: Любимый дом	5800	s4_607
Мебель	КР-1620-C67	Кровать	Скандик	160х200	дуб сонома	ЛДСП	дв; ТМ: Eltap	26400	s4_608
Мебель	КАР-405-341	Картотека				металл	4-ящик серая А4; ТМ: Практик	9800	s4_609
Мебель	ХР-ПРК-006	Ящик		50х25х25	серый	металл	инструм на ключе; ТМ: Практик	2400	s4_610
Мебель	ДН-2400-118	Диван	Лондон		бежевый	рогожка	еврокнижка; ТМ: Eltap	47800	s4_611
Мебель	ДН-2200-090	Диван		220х90	бежевый	рогожка	еврокнижка; ТМ: Eltap	38900	s4_612
Мебель	МДУЛ-906-A44	Шкаф	Атриум	90х40х210	венге	ЛДСП	модуль; ТМ: Mebelain	15800	s4_613
Мебель	КУШ-2008-C26	Кушетка	Манхэттен	200х80х70	бежевый	микровельвет; ткань	ТМ: Сонум	32400	s4_614
Мебель	МТР-0820-A79	Матрас		80х160		пена мемори	детский беспружинный; ТМ: Vegas	9700	s4_615
Мебель	ТП-4045-274	Тумба прикроватная		40х40х50	белый	ЛДСП	тумба прикроватный 2-ящик; ТМ: СБК	3200	s4_616
Мебель	КШ-4080-D73	Шкаф кухонный		40х60х85	венге	ЛДСП	напольный с ящик; ТМ: Stolline	4800	s4_617
Мебель	КОН-PL-B19	Контейнер		40х30х20		пластик	для овощей с крышкой; ТМ: Алтек	420	s4_618
Мебель	МДУЛ-1606-A43	«атриум»	Атриум	160х45х55	белый	ЛДСП	модуль ТВ; ТМ: Mebelain	13400	s4_619
Мебель	КРЗ-ТКЛ-B14	Корзина		30х20х15	бежевый	ткань	складной (4 шт); ТМ: Алтек	680	s4_620
Мебель	ТВ-1604-765	Тумба ТВ	Атриум	160х45х50	венге	ЛДСП	модульный; ТМ: Mebelain	11400	s4_621
Мебель	КГ-2400-D64	Кухня	Скандинавия	2.4м	белый	МДФ	модульный 2 4 м; ТМ: Сокол	47800	s4_622
Мебель	МДУЛ-1006-D58	Шкаф	Атриум	100х40х210	венге	ЛДСП	модуль; ТМ: Mebelain	16800	s4_623
Мебель	ВН-1MK-009	Тумба	Соната	80х50х85	белый		напольный с раковина; ТМ: 1MarKa	19800	s4_624
Мебель	КР-1820-C68	Кровать	Скандик	180х200	дуб сонома	ЛДСП	дв; ТМ: Eltap	29800	s4_625
Мебель	ДН-2000-810	Диван	Финляндия			велюр	еврокнижка горчичн; ТМ: Сонум	44800	s4_626
Мебель	КО-FX3-860	Кресло	Бюрократ FX-3			ткань	геймер серая RGB	18400	s4_627
Мебель	МДУЛ-1606-D54	«гранд»	Гранд	160х45х55	белый	МДФ	модуль ТВ глянец; ТМ: Hoff	13200	s4_628
Мебель	ЛТ-LED-A96	Светильник			чёрный		трек LED 24Вт (комплект 4 шт); ТМ: Navigator	3400	s4_629
Мебель	КВ-08016	Ковёр		80х150	серый	акрил	прикроватный; ТМ: Меринос	2400	s4_630
Мебель	ВН-AQW-010	Тумба	5 Stars Cube	60х45х50	дуб		подвесн светл; ТМ: Aqwella	21400	s4_631
Мебель	ЛТ-LED-E09	Светильник					потолоч LED 48Вт smart RGB пульт; ТМ: Navigator	3700	s4_632
Мебель	ХР-ЭТЛ-008	Ящик для хранения		40х30х25	серый	ткань	ящик для хран с крышкой; ТМ: Этель	520	s4_633
Мебель	КР-1620-228	Кровать	Дакота	160х200	дуб	массив дуб	дв; ТМ: Mebelain	52800	s4_634
Мебель	БРА-080-999	Бра				пластик	дет рис облака LED 8Вт голуб; ТМ: Camelion	1400	s4_635
Мебель	ПР-ANR-012	«брест»	Брест	180х30х200	белый	ЛДСП	компл прих; ТМ: Anrex	25400	s4_636
Мебель	СТ-1406-C95	Стол письменный		140х60	дуб сонома	ЛДСП	ТМ: Anrex	6400	s4_637
Мебель	КРЗ-ТКЛ-924	Корзина		35х35х35	бежевый	ткань	для хран складной; ТМ: Этель	620	s4_638
Мебель	ДУ-2602-A61	Диван	Pushe Меган		изумруд	велюр	дельфин; ТМ: Pushe	54700	s4_639
Мебель	ПР-1606-C76	Прихожая	Брест	160х30х200	белый	ЛДСП	модульный; ТМ: Anrex	22800	s4_640
Мебель	КР-1620-741	Кровать	Флоренция	160х200	ясень	массив ясень	дв; ТМ: Mebelain	58400	s4_641
Мебель	ВИТ-1206-808	Витрина		120х40х205	белый	МДФ	2-секц; ТМ: Сокол	24800	s4_642
Мебель	ВН-ГРЦ-018	Зеркало-шкаф	Прованс	70х75	бежевый	МДФ	зерк -шкаф ванный LED; ТМ: Грация	9800	s4_643
Мебель	ТУС-1104-303	Туалетный столик	Прага	110х50х80		массив бук	туал столик; ТМ: Mebelain	23800	s4_644
Мебель	КО-BR-A89	Кресло	Бюрократ KB-9N			ткань	детский рис машинки; ТМ: Бюрократ	7400	s4_645
Мебель	ДКР-ЭТЛ-004	Статуэтка	Сова	15х10х20	бежевый	керамика	ТМ: Этель	900	s4_646
Мебель	КОМ-1204-014	Комод	Аделина	120х45х85		МДФ	4-ящик глянец; ТМ: Lazurit	18900	s4_647
Мебель	ВТ-906-C78	Вешалка	Брест	90х30х200	белый	ЛДСП	стойка; ТМ: Anrex	4800	s4_648
Мебель	ВН-АКТ-002	Зеркало-шкаф	Леон	65х80	белый		LED подсвет; ТМ: Aquaton	9700	s4_649
Мебель	КАР-2006-296	Шкаф		200х50х180	серый	металл	каркас- сборн; ТМ: Практик	7800	s4_650
Мебель	КОМ-805-732	Комод	Юниор	80х40х85	белый	ЛДСП	4-ящик /бирюз; ТМ: Любимый дом	7400	s4_651
Мебель	ДН-2000-D28	Диван	Сонум Ритм		изумруд	шенилл	книжка; ТМ: Сонум	43400	s4_652
Мебель	ШО-806-196	Шкаф		80х50х190		ЛДСП	для одежды офисный; ТМ: Бюрократ	9700	s4_653
Мебель	ПР-ANR-D79	Шкаф платяной	Брест	90х40х200	белый		для прих; ТМ: Anrex	16800	s4_654
Мебель	ПОД-4040-929	Подушка		40х40			декоративный дет рисунок котики; ТМ: Этель	680	s4_655
Мебель	ОРГ-ТКЛ-B23	Органайзер		30х15х130			тканевый для бельё подвесн 6 ящик; ТМ: Этель	1100	s4_656
Мебель	КВ-18024	Ковёр		180х240	бежевый	вискоза	модерн; ТМ: Меринос	11400	s4_657
Мебель	КШ-4080-088	Шкаф кухонный		40х60х200	дуб	ЛДСП	пенал артизан; ТМ: Сокол	9800	s4_658
Мебель	КОМ-1004-B62	Комод		100х40х95	белый	МДФ	5-ящик глянец; ТМ: MebelKing	14800	s4_659
Мебель	ВН-АКТ-E19	«йорк»	Йорк	35х25х80	белый	МДФ	полка-этажерка ванн; ТМ: Aquaton	4200	s4_660
Мебель	КР-1620-110	Кровать	Берлин	160х200	дуб сонома	ЛДСП	дв; ТМ: Hoff	31500	s4_661
Мебель	ССТ-806-C50	Стеллаж	Орхидея	80х30х180	дуб		4 полки молочн; ТМ: Лером	6400	s4_662
Мебель	ПР-2006-207	Шкаф		200х35х215	венге		прихожая с ом; ТМ: Сокол	31200	s4_663
Мебель	КО-CHR-D91	Кресло руководителя	Chairman 950			кожа	премиум хром; ТМ: Chairman	42800	s4_664
Мебель	ШК-2406-C14	Шкаф-купе	Лион	240х60х225			3-дверный зерк артизан; ТМ: Mr. Doors	47400	s4_665
Мебель	КГ-BAR-A10	Кухонн.		180х40х110	белый	ЛДСП	барная стойка; ТМ: Сокол	14800	s4_666
Мебель	ЛТ-LED-A97	Светильник			белый		трек LED 18Вт (комплект 6 шт); ТМ: Navigator	4200	s4_667
Мебель	ЛН-RGB-912	Лампа				металл	наст RGB сенсор круг база; ТМ: Camelion	2700	s4_668
Мебель	ЗЕР-7011-C45	Зеркало	Афина	70х110	ясень	массив ясень	в раме; ТМ: Mebelain	8900	s4_669
Мебель	КГ-3000-A07	Кухня	Хай-тек XL	3.0м	серый		модульный 3 0 м глянец; ТМ: Сокол	67800	s4_670
Мебель	БС-4080-258	Стул		40х40х80		ротанг	барн со спин; ТМ: Tetchair	3800	s4_671
Мебель	ВН-АКТ-E17	«йорк»	Йорк	35х30х170	белый	МДФ	пенал ванный; ТМ: Aquaton	10400	s4_672
Мебель	ОБ-1808-886	Стол обеденный		180х90	натуральный	массив бук	овал; ТМ: Mebelain	32400	s4_673
Мебель	ХР-ПРК-005	Стеллаж		100х40			усил MS-200/ 5 полок 200 кг; ТМ: Практик	7400	s4_674
Мебель	ЛТ-PND-907	Лампа			золото	металл	подвес декоратив 1 эдисон; ТМ: ЭкономСвет	2400	s4_675
Мебель	ШК-2706-396	Шкаф-купе		270х90х225	венге	ЛДСП	угловой; ТМ: Mr. Doors	67400	s4_676
Мебель	ВН-АКТ-E20	Тумба под раковину	Сильва	65х48х85	венге	МДФ	тумба под раковина; ТМ: Aquaton	18400	s4_677
Мебель	ДН-1909-818	Диван	Бавария		коричневый	микрофибра	книжка; ТМ: Eltap	33400	s4_678
Мебель	ССТ-1106-225	Стеллаж		110х30х200	венге	ЛДСП	6 полок; ТМ: Сокол	8900	s4_679
Мебель	ШП-1806-C40	Шкаф платяной	Афина	180х60х230	ясень		4-дверный масс; ТМ: Mebelain	67400	s4_680
Мебель	ТП-4540-C15	Тумба прикроватная	Лион	45х40х50			тумба прикроватный 2-ящик артизан; ТМ: Mr. Doors	5400	s4_681
Мебель	ЛТ-SP-B04	Светильник					спот встроенный GU10 6шт хром; ТМ: Эра	2700	s4_682
Мебель	СТЖ-606-066	Столик		60х60х50		массив бук	кофейн; ТМ: Mebelain	7800	s4_683
Мебель	БС-5085-E40	Стул			графит	экокожа; кожа	барн со спин хром; ТМ: Tetchair	5200	s4_684
Мебель	ДН-1900-D38	Диван	Eltap Лиссабон		серый	микровельвет	книжка; ТМ: Eltap	28900	s4_685
Мебель	ТП-5045-285	Тумба прикроватная		50х40х50		МДФ	тумба прикроватный глянец; ТМ: СБК	4800	s4_686
Мебель	МДУЛ-2806-D55	Гостиная	Атриум	2.8м	венге	ЛДСП	стенка 2 8 м; ТМ: Mebelain	47800	s4_687
Мебель	МТР-1620-D21	Матрас	Орматек Soft	160х200			пружинный мемори топпер; ТМ: Орматек	38400	s4_688
Мебель	ШП-2206-C62	Шкаф платяной	Карина	220х65х230	графит	МДФ	6-дверный; ТМ: Lazurit	72400	s4_689
Мебель	БАН-1204-C83	Банкетка	Атриум	120х35х50	венге	ЛДСП	с обувница; ТМ: Сокол	6900	s4_690
Мебель	ВН-АКТ-E18	Шкаф	Йорк	60х25х70	белый	МДФ	навесной ч; ТМ: Aquaton	6400	s4_691
Мебель	КР-1820-C12	Кровать	Лион	180х200	дуб	ЛДСП	дв артизан; ТМ: Mr. Doors	32400	s4_692
Мебель	МТР-1420-844	Матрас	Софт	140х200		пена мемори	беспружинный 5 см; ТМ: Аскона	18900	s4_693
Мебель	КОМ-805-C52	Комод	Орхидея	80х40х80	дуб	ЛДСП	3-ящик молочн; ТМ: Лером	9800	s4_694
Мебель	ШПК-905-318	Шкаф платяной		90х50х200	коричневый		купе зеркало; ТМ: Hoff	19400	s4_695
Мебель	МДУЛ-2806-F23	Стенка	Скандик	2.8м	дуб сонома	МДФ	гостин 2 8 м; ТМ: Eltap	51800	s4_696
Мебель	КАК-8585-822	Кресло	Босс XL		чёрный	экокожа; кожа	вращ; ТМ: Tetchair	19800	s4_697
Мебель	ДН-2000-816	Диван	Боровичи Уют			ткань	еврокнижка серая; ТМ: Боровичи-Мебель	36900	s4_698
Мебель	ИЗГ-1620-A33	Изголовье	Флоренция	160х200		кожа	белая; ТМ: Mebelain	22800	s4_699
Мебель	СТО-1207-418	Стол офисный		120х80	дуб	ЛДСП	эргон угловой; ТМ: Бюрократ	13800	s4_700
Мебель	БАН-1004-F15	Банкетка	Афина	100х40х48	бежевый; ясень	ткань	прикроватный; ТМ: Mebelain	13400	s4_701
Мебель	МТР-0920-A80	Матрас	Топпер	90х200	натуральный	латекс	5 см; ТМ: Аскона	8400	s4_702
Мебель	ДН-2000-A59	Диван	Pushe Уют XL			микровельвет; ткань	еврокнижка; ТМ: Pushe	42400	s4_703
Мебель	ЗЕР-8016-274	Зеркало		80х160			напольный рама дерево; ТМ: Икар	9800	s4_704
Мебель	ЗЕР-7110-994	Зеркало		70х170	чёрный	металл	напольный рама; ТМ: Икар	11400	s4_705
Мебель	ТУМ-454-B49	Тумба		45х50х70		металл	офисный с замком серая; ТМ: Практик	8400	s4_706
Мебель	КГ-1800-D66	Кухня	Кантри XL	1.8м	бежевый	МДФ	прямой 1 8 м матовый; ТМ: Stolline	36400	s4_707
Мебель	БАН-1004-B68	Банкетка	Дакота	100х40х48	коричневый	кожа	массив; ТМ: Mebelain	11400	s4_708
Мебель	СТ-1512-070	«бостон»	Бостон	150х120	венге	ЛДСП	стол угловой с надстр; ТМ: Сокол	9800	s4_709
Мебель	ЯР-PL-B15	Ящик		80х40х30		пластик	с крышкой 60л прозр; ТМ: Алтек	1200	s4_710
Мебель	БАН-1004-022	Банкетка	Берлин	100х40	бежевый	ткань	с ящик; ТМ: Hoff	6700	s4_711
Мебель	ОТТ-7070-163	Оттоманка		70х70х45	белый	экокожа; кожа	прикроватный; ТМ: Tetchair	6400	s4_712
Мебель	ВН-АКТ-E22	Зеркало-шкаф	Сильва	65х78	венге	МДФ	LED; ТМ: Aquaton	10200	s4_713
Мебель	КОМ-1004-303	Комод	Прага	100х50х100		массив бук	6-ящик; ТМ: Mebelain	26900	s4_714
Мебель	МТР-1420-A67	Матрас	Optima	140х200			пружинный независимый эконом; ТМ: Аскона	17400	s4_715
Мебель	МДУЛ-3206-761	Гостиная	Атриум	3.2м	венге	ЛДСП	стенка 3 2 м; ТМ: Mebelain	52400	s4_716
Мебель	КОМ-805-C66	Комод	Скандик	80х40х90	дуб сонома	МДФ	4-ящик; ТМ: Eltap	9800	s4_717
Мебель	ЛТ-MOD-895	Люстра				стекло	модерн 3 лампы хром; ТМ: Navigator	6200	s4_718
Мебель	ТУС-1204-C41	Туалетный столик	Афина	120х50х80	белый; ясень		туал столик; ТМ: Mebelain	28900	s4_719
Мебель	ДН-2200-D33	Диван	Боровичи Классик		бежевый	рогожка	книжка; ТМ: Боровичи-Мебель	34800	s4_720
Мебель	КР-1620-596	Кровать	Тоскана	160х200		МДФ	дв с ящик; ТМ: Любимый дом	32400	s4_721
Мебель	КР-1620-C28	Кровать	Прованс	160х200	бежевый	МДФ	дв матовый; ТМ: Лером	38400	s4_722
Мебель	КОМ-9005-B57	Комод	Аделина	90х50х100		МДФ	5-ящик глянец; ТМ: Lazurit	19800	s4_723
Мебель	СВТ-1604-B81	Сервант		160х40х200	дуб	ЛДСП	2-дверный артизан; ТМ: Сокол	21400	s4_724
Мебель	ТП-	Тумба прикроватная		40х35х50	дуб сонома	ЛДСП	тумба прикроватный 1-ящик; ТМ: СБК	2900	s4_725
Мебель	ЯР-PL-923	Ящик		60х40х30	синий	пластик	с крышкой 30л; ТМ: Алтек	780	s4_726
Мебель	ПОД-5050-069	Подушка		50х50	бежевый	рогожка	декоративный; ТМ: Этель	920	s4_727
Мебель	ПУФ-4545-C47	Пуф	Орхидея	45х45х42		ткань	квадр пыльн роза; ТМ: Лером	3400	s4_728
Мебель	ИЗГ-1620-A17	Изголовье	Орхидея	160х200	дуб	экокожа; кожа	мяг мол; ТМ: Лером	14800	s4_729
Мебель	КО-CHR-A86	Кресло руководителя	Chairman 442		коричневый	экокожа; кожа	хром; ТМ: Chairman	17800	s4_730
Мебель	СТ-1206-C92	Стол письменный		120х60	дуб сонома	ЛДСП	ТМ: Anrex	5100	s4_731
Мебель	ПУФ-4545-728	Пуф	Карина	45х45х42	графит	экокожа; кожа	с ящик; ТМ: Lazurit	4400	s4_732
Мебель	СТ-1206-441	Стол письменный		150х70	дуб сонома	ЛДСП	угловой с надстр; ТМ: Сокол	9400	s4_733
Мебель	ТРН-SE-003	«pro»	Pro				эллипс магнитный 10 уровн дисплей LCD; ТМ: Sportelite	28700	s4_734
Мебель	ХР-АЛТ-011	Контейнер		60х40х30		пластик	с крышкой 50л прозр; ТМ: Алтек	1100	s4_735
Мебель	ШП-1606-218	Шкаф платяной		160х55х210	белый	ЛДСП	3-дверный; ТМ: Anrex	27300	s4_736
Мебель	БРА-200-897	Бра			золото	металл	LED 8Вт сенсор; ТМ: Camelion	2100	s4_737
Мебель	КР-1620-660	Кровать	Норд	160х200	дуб	ЛДСП	дв артизан; ТМ: Anrex	22400	s4_738
Мебель	ПР-1606-C70	Прихожая	Гомель	160х35х215	дуб	ЛДСП	модульный; ТМ: Anrex	28400	s4_739
Мебель	ДУ-2602-D26	Диван	Аскона Норд		графит	велюр	дельфин; ТМ: Аскона	68900	s4_740
Мебель	ЛНП-200-B08	Торшер			золото	металл	дугообр 200 см абажур текст; ТМ: СветТех	9800	s4_741
Мебель	ОБ-СТ-881	Стул обеденный	Лофт		ясень	металлический каркас; металл	сидение (2 шт); ТМ: Stolline	7800	s4_742
Мебель	СТ-1406-505	Стол письменный		140х60	дуб сонома	ЛДСП	ТМ: Сокол	6400	s4_743
Мебель	ПР-1206-B25	Прихожая	Минимал	120х35х210	дуб сонома	ЛДСП	ТМ: Икар	18900	s4_744
Мебель	КР-1620-A25	Кровать	Стокгольм	160х200	дуб сонома	ЛДСП	дв; ТМ: Anrex	26800	s4_745
Мебель	МТР-1220-D07	Матрас	Vita Plus	120х200		латекс	пружинный независимый; ТМ: Орматек	28400	s4_746
Мебель	МДУЛ-1206-D52	Шкаф	Гранд	120х40х210	венге	ЛДСП	модуль; ТМ: Hoff	19400	s4_747
Мебель	КОМ-1205-F12	Комод	Манхэттен	120х45х95	графит	ЛДСП	5-ящик; ТМ: Сонум	16400	s4_748
Мебель	КГ-2400-776	Кухня	Прованс XL	2.4м		МДФ	модульный 2 4 м оливк; ТМ: Stolline	54800	s4_749
Мебель	ТРН-DFC-012	Велотренажёр	B5000		чёрный		велотренаж горизонт эргон; ТМ: DFC	19800	s4_750
Мебель	СТЖ-805-303	Столик журнальный	Кофе	80х50	дуб сонома	ЛДСП	ТМ: Eltap	3700	s4_751
Мебель	СТ-1406-E49	Стол письменный		140х60	венге	ЛДСП	с тумбой; ТМ: Mr Doors	9700	s4_752
Мебель	ДН-2200-A55	Диван	Аскона Прайм		серый	шенилл	еврокнижка; ТМ: Аскона	58400	s4_753
Мебель	ШК-2406-022	Стол письменный		120х60	белый	ЛДСП	ТМ: Anrex	5200	s4_754
Мебель	ПУФ-4545-C08	Пуф	Версаль	45х45х42	слоновая кость	экокожа; кожа	квадр; ТМ: Lazurit	4400	s4_755
Мебель	КУШ-1908-152	Кушетка		190х80х75		ткань	дв с ящик серая; ТМ: Eltap	22400	s4_756
Мебель	ПР-СКЛ-004	«кантри»	Кантри	90х30х50	дуб	ЛДСП	обувница откр; ТМ: Сокол	5400	s4_757
Мебель	КШ-1206-441	Шкаф		120х35х220	белый	ЛДСП	книжн 2-дверный; ТМ: Сокол	17800	s4_758
Мебель	ИЗГ-1820-A18	Изголовье	Орхидея	180х200	дуб	экокожа; кожа	мяг мол; ТМ: Лером	16400	s4_759
Мебель	КР-1820-C29	Кровать	Прованс	180х200	бежевый	МДФ	дв матовый; ТМ: Лером	41800	s4_760
Мебель	КО-1110-185	Кресло руководителя	Director DLX			кожа	премиум; ТМ: Бюрократ	28400	s4_761
Мебель	ИЗГ-1620-C60	Изголовье	Аделина	160х200	слоновая кость	экокожа; кожа	ТМ: Lazurit	14400	s4_762
Мебель	ПУФ-5050-447	Пуф	Венеция	50х45	белый	экокожа; кожа	круг; ТМ: Lazurit	4100	s4_763
Мебель	МТР-1820-A77	Матрас	Promtex Gold	180х200		латекс	гибрид мемори+; ТМ: Promtex	44700	s4_764
Мебель	КШ-8080-022	Шкаф кухонный		80х60х85	дуб	ЛДСП	напольный; ТМ: Сокол	5400	s4_765
Мебель	СЕЙ-404-B52	Сейф		40х30х30		металл	мебельн кодов замок; ТМ: Практик	9800	s4_766
Мебель	ВН-AQW-011	Зеркало-шкаф	5 Stars Cube	60х70	дуб		зерк -шкаф LED светл; ТМ: Aqwella	14700	s4_767
Мебель	ШП-1606-352	Шкаф платяной	Соня	160х55х220	венге		3-дверный; ТМ: Lazurit	28700	s4_768
Мебель	КР-1604-901	Комод	Юниор	80х40х90	белый	ЛДСП	4-ящик /мята; ТМ: Любимый дом	8700	s4_769
Мебель	ШК-1806-C54	Шкаф-купе	Стокгольм	180х60х220	дуб сонома		2-дверный; ТМ: Anrex	31800	s4_770
Мебель	ДУ-2802-141	Диван	Хьюстон		графит	велюр	модульный; ТМ: Eltap	74900	s4_771
Мебель	ЛН-LED-E11	Лампа			золото	металл	наст LED 10W сенсор; ТМ: Эра	2400	s4_772
Мебель	ДЕТ-TET-014	Кровать	Tetris	90х200	дуб		односпал с ящик; ТМ: Mr. Doors	18700	s4_773
Мебель	ПР-ИКР-D81	Шкаф	Уют	180х35х215	венге	ЛДСП	прихожая с ом; ТМ: Икар	27800	s4_774
Мебель	СТЖ-906-C48	Столик журнальный	Орхидея	90х50х45	дуб	ЛДСП	молочн; ТМ: Лером	4400	s4_775
Мебель	ОБ-1208-885	Стол обеденный			дуб сонома	МДФ	круг d120; ТМ: Stolline	14400	s4_776
Мебель	ШК-1004-B64	Кровать		160х200	дуб сонома	ЛДСП	дв; ТМ: Mr. Doors	26400	s4_777
Мебель	ВН-####	Шкаф	Кантри	60х24х70		МДФ	навесной ч ванный слон кость; ТМ: Misty	6900	s4_778
Мебель	ОБ-СТ-441	Стул обеденный			бежевый	ткань	деревянный (4 шт); ТМ: Stolline	9800	s4_779
Мебель	ПЛ-ФЛ-933	Плед		200х220	бежевый		флис уютный; ТМ: Этель	1800	s4_780
Мебель	ДКР-ЭТЛ-007	Картина	Прованс	60х80			холст рама дерево; ТМ: Этель	3700	s4_781
Мебель	КО-CHR-864	Кресло руководителя	Chairman 668			кожа	премиум; ТМ: Chairman	36400	s4_782
Мебель	ДУ-3002-811	Диван	Манчестер		коричневый	кожа	модульный; ТМ: Сонум	89400	s4_783
Мебель	КРЗ-ВЛ-B13	Корзина		40х30х30	бежевый	войлок	прямоуг; ТМ: Этель	920	s4_784
Мебель	МТР-1420-833	Матрас	Баланс	140х200			пружинный независимый кокос; ТМ: Аскона	24800	s4_785
Мебель	ДН-1909-805	Диван	Уют			микровельвет; ткань	книжка; ТМ: Pushe	34700	s4_786
Мебель	МДУЛ-4006-763	Гостиная	Атриум	4.0м	венге	МДФ	макси 4 0 м; ТМ: Mebelain	78900	s4_787
Мебель	ССТ-906-B59	Стеллаж		90х30х190	дуб сонома	ЛДСП	5 полок; ТМ: Сокол.	7400	s4_788
Мебель	КО-TC-867	Кресло операторское	Tetchair Step			ткань	кресло операторский серая; ТМ: Tetchair	6400	s4_789
Мебель	ЛН-LED-901	Лампа					наст LED 8W складная USB-C белая; ТМ: Camelion	1900	s4_790
Мебель	МДУЛ-3506-753	Гостиная	Гранд	3.5м	белый	МДФ	модульный 3 5 м глянец; ТМ: Hoff	67400	s4_791
Мебель	ЛТ-LED-894	Люстра					LED 80Вт smart RGB пульт; ТМ: Navigator	14700	s4_792
Мебель	СТО-2007-974	Стол офисный		200х90		МДФ; шпон	руководителя орех; ТМ: Бюрократ	36800	s4_793
Мебель	ДУ-2802-A53	Диван	Барселона		бежевый	рогожка	еврокнижка; ТМ: Сонум	62400	s4_794
Мебель	ТУМ-905-363	Тумба		40х50х60		металл	выкатн 3-ящик серая; ТМ: Практик	4900	s4_795
Мебель	ОБ-1408-E38	Стол обеденный			натуральный	массив бук	круг d140; ТМ: Mebelain	32800	s4_796
Мебель	КУШ-2008-F16	Кушетка	Сонум Лофт	200х80х70	коричневый	экокожа; кожа	ТМ: Сонум	31800	s4_797
Мебель	ПУФ-4040-A36	Пуф	Флоренция	40х40х45		кожа	квадр белая; ТМ: Mebelain	6900	s4_798
Мебель	КР-1620-C11	Кровать	Лион	160х200	дуб	ЛДСП	дв артизан ортопед; ТМ: Mr. Doors	29800	s4_799
Мебель	КР-1620-203	Кровать		160х200			дв массив сосны орех; ТМ: Mebelain	42300	s4_800
Мебель	ВН-АКТ-E30	Тумба под раковину	Северная Венеция	80х48х85		МДФ	тумба под раковина глянец; ТМ: Aquaton	26800	s4_801
Мебель	СТЖ-906-C36	Столик журнальный	Прованс	90х50х45	бежевый	МДФ	матовый; ТМ: Лером	4800	s4_802
Мебель	ВН-1MK-007	Зеркало-шкаф	Палермо	70х80	белый		LED глянец; ТМ: 1MarKa	10800	s4_803
Мебель	ЯР-PL-922	Ящик		40х30х25		пластик	с крышкой 12л прозр; ТМ: Алтек	480	s4_804
Мебель	МТР-1820-D13	Матрас	Vegas Hard	180х200			беспружинный кокос жёсткий; ТМ: Vegas	30400	s4_805
Мебель	КР-1620-001	Кровать	Аделина	160х200	бежевый	экокожа; кожа	дв с с подъёмным механизмом; ТМ: Lazurit	36900	s4_806
Мебель	КОМ-805-716	Комод	Стокгольм	80х40х90	дуб сонома	ЛДСП	4-ящик; ТМ: Anrex	8400	s4_807
Мебель	КАК-7080-D44	Кресло	Сонум Лофт			ткань	деревянный ножки горчичн; ТМ: Сонум	17400	s4_808
Мебель	ЯР-PL-B17	Кровать		70х40х15		пластик	ящик под 25л прозр; ТМ: Алтек	860	s4_809
Мебель	ВИТ-906-756	«гранд»	Гранд	90х40х210		МДФ	витрина модульный глянец; ТМ: Hoff	22700	s4_810
Мебель	ШП-1106-733	Шкаф платяной	Юниор	110х50х200	белый		2-дверный /бирюз; ТМ: Любимый дом	17800	s4_811
Мебель	ТУС-1204-429	Туалетный столик		120х40х80		МДФ	туал столик с подсв LED; ТМ: Mr. Doors	19800	s4_812
Мебель	ВН-АКТ-003	«сильва»	Сильва	35х30х170	венге	МДФ	пенал ванный 2-дверный; ТМ: Aquaton	11400	s4_813
Мебель	БАН-1204-B34	Банкетка		120х35х50	дуб	ЛДСП	прихожая с обувница; ТМ: Икар	6700	s4_814
Мебель	БАН-1104-014	Банкетка	Аделина	110х40х45		экокожа; кожа	ТМ: Lazurit	7800	s4_815
Мебель	ДН-2000-D25	Диван	Аскона Дрим		серый	рогожка	книжка; ТМ: Аскона	37800	s4_816
Мебель	ДЕТ-ШК-006	Стол письменный	Школьник	110х60	белый/бежевый	ЛДСП	ТМ: Любимый дом	7400	s4_817
Мебель	ОБВ-6045-787	Обувница		100х25х110	венге	ЛДСП	6-секц; ТМ: Икар	6400	s4_818
Мебель	КРЗ-РТ-925	Корзина		40х40х35	натуральный	ротанг	плетёный; ТМ: Этель	1400	s4_819
Мебель	ЗЕР-6080-C35	Зеркало	Прованс	60х80	бежевый	МДФ	настенный рама; ТМ: Лером	4900	s4_820
Мебель	КШ-3060-A11	Шкаф кухонный		30х30х72	белый	ЛДСП	навесной узкий; ТМ: Сокол	2400	s4_821
Мебель	ПУФ-7035-152	Банкетка		70х35х42	изумруд	велюр	пуф; ТМ: Tetchair	4200	s4_822
Мебель	ТУС-1004-418	Туалетный столик	Лиана	100х40х80	белый	МДФ	туал столик; ТМ: Mr. Doors	13700	s4_823
Мебель	ВТ-806-C74	Вешалка	Гомель	80х30х200	дуб	ЛДСП	стойка; ТМ: Anrex	4900	s4_824
Мебель	КО-808-D83	Кресло руководителя	Бюрократ CH-808		коричневый	экокожа; кожа		12400	s4_825
Мебель	КР-1620-751	Гостиная	Гранд	3.2м	венге	МДФ	стенка модульный 3 2 м; ТМ: Hoff	58900	s4_826
Мебель	КОВ-Р-B38	Ковровая дорожка		60х250	бежевый	нейлон	ориент; ТМ: Витебск	3800	s4_827
Мебель	ВН-АКТ-E28	Шкаф	Лондон	60х25х70	серый	МДФ	навесной ч; ТМ: Aquaton	6800	s4_828
Мебель	КОВ-Р-B37	Ковровая дорожка		90х500		акрил	классик серая; ТМ: Меринос	9200	s4_829
Мебель	ДН-1800-809	Диван	Тревизо			рогожка	книжка терракот; ТМ: Сонум	38400	s4_830
Мебель	КОМ-1004-E54	Комод		100х45х95	белый	МДФ	5-ящик матовый; ТМ: PromMebel	18900	s4_831
Мебель	КР-1620-002	Кровать	Аделина	160х200	бежевый	экокожа; кожа	дв с с подъёмным механизмом; ТМ: Lazurit	36900	s4_832
Мебель	ССТ-806-C19	Стеллаж	Лион	80х30х190		ЛДСП	5 полок артизан; ТМ: Mr. Doors	7800	s4_833
Мебель	КШ-905-529	Шкаф	Премиум	90х35х220	дуб	шпон	книжн; ТМ: Лером	28400	s4_834
Мебель	ШП-906-C85	Шкаф платяной	Атриум	90х40х210	венге	ЛДСП	ТМ: Сокол	15800	s4_835
Мебель	ДУ-3001-A62	Диван	Pushe Капри		серый	шенилл; ткань	аккордеон; ТМ: Pushe	62800	s4_836
Мебель	БРА-160-898	Бра			чёрный	металл	двойн 2 лампы поворотный; ТМ: Эра	2800	s4_837
Мебель	ТУС-1104-965	Туалетный столик	Лагуна	110х45х80	белый	МДФ	туал столик глянец; ТМ: Anrex	18900	s4_838
Мебель	ВН-АКТ-E29	Комод	Лондон	55х35х80	серый	МДФ	напольный; ТМ: Aquaton	10200	s4_839
Мебель	ЗЕР-4060-995	Зеркало		40х60	дуб		настенный рама деревянный; ТМ: Икар	3200	s4_840
Мебель	КО-TC-868	Кресло руководителя	Tetchair Trendy		коричневый	экокожа; кожа	ТМ: Tetchair	13700	s4_841
Мебель	КАК-7575-118	Кресло	Босс	75х75	коричневый	кожа	акцент; ТМ: Tetchair	22800	s4_842
Мебель	ОТТ-8080-A65	Оттоманка	Сонум	80х80х45	коричневый	экокожа; кожа	ТМ: Сонум	8400	s4_843
Мебель	ШП-1606-303	Шкаф платяной	Прага	160х60х220			3-дверный массив; ТМ: Mebelain	54300	s4_844
Мебель	ДЕТ-TET-021	Шкаф	Tetris	80х35х180	дуб	ЛДСП	книжн артизан; ТМ: Mr. Doors	9700	s4_845
Мебель	ТП-4035-308	Тумба прикроватная		40х35х50	дуб сонома	ЛДСП	тумба прикроватный 1-ящик; ТМ: СБК	2900	s4_846
Мебель	БАН-1204-228	Банкетка	Дакота	120х45х50	коричневый	кожа	ТМ: Mebelain	14600	s4_847
Мебель	ССТ-806-735	Стеллаж	Юниор	80х30х170	белый		4 полки /бирюз; ТМ: Любимый дом	5400	s4_848
Мебель	ПР-906-B26	Прихожая	Минимал	90х30х200	белый	ЛДСП	узк; ТМ: Икар	13700	s4_849
Мебель	ПР-СКЛ-002	Прихожая	Атриум	110х30х200	венге	ЛДСП	мини; ТМ: Сокол	18400	s4_850
Мебель	ДУ-2702-D39	Диван	Eltap Атланта		графит	велюр	дельфин; ТМ: Eltap	52400	s4_851
Мебель	КО-571-851	Кресло операторское	Бюрократ CH-571			сетка	кресло операторский серая	6800	s4_852
Мебель	ПОД-5050-928	Подушка		50х50	изумруд	велюр	декоративный; ТМ: Этель	980	s4_853
Мебель	ЛТ-LF-893	Люстра	Лофт		чёрный	металл	4 лампы эдисон; ТМ: СветТех	5800	s4_854
Мебель	КВ-20029	Ковёр		200х290	бежевый	шерсть	классик; ТМ: Витебск	14200	s4_855
Мебель	МДУЛ-906-A41	Витрина	Гранд	90х40х210		МДФ; стекло	модуль глянец; ТМ: Hoff	21700	s4_856
Мебель	КО-MTT-861	Кресло руководителя	Метта Samurai S			кожа	эргон; ТМ: Метта	42800	s4_857
Мебель	СТЖ-806-B80	Столик журнальный			белый	МДФ	круг d80 глянец; ТМ: Tetchair	6400	s4_858
Мебель	ПУФ-4040-C59	Пуф	Аделина	40х40х42	слоновая кость	экокожа; кожа	квадр; ТМ: Lazurit	3900	s4_859
Мебель	ШП-905-944	Шкаф платяной	Капитошка	90х50х190	белый/розовый	ЛДСП	ТМ: Mr. Doors	15800	s4_860
Мебель	КГ-OS-A09	Кухонн.	Шеф XL	160х90х90	дуб	МДФ	остров; ТМ: Stolline	48400	s4_861
Мебель	СТ-1406-C94	Стол письменный		140х60	белый	ЛДСП	ТМ: Anrex	6400	s4_862
Мебель	КГ-3200-D63	Кухня	Манхэттен	3.2м	серый	МДФ	модульный 3 2 м матовый; ТМ: Stolline	72400	s4_863
Мебель	СЕЙ-505-B51	Сейф		50х40х50	чёрный	металл	офисный ключ замок; ТМ: Практик	22400	s4_864
Мебель	ПОД-6060-085	Подушка				велюр	декоративный круг 60 желтый; ТМ: Этель	1450	s4_865
Мебель	КР-1620-961	Кровать	Лагуна	160х200	белый	МДФ	дв глянец; ТМ: Anrex	36800	s4_866
Мебель	КОМ-1205-C30	Комод	Прованс	120х45х95	бежевый	МДФ	5-ящик матовый; ТМ: Лером	18900	s4_867
Мебель	КОМ-1205-228	Комод	Дакота	120х50х95	дуб	массив дуб	4-ящик; ТМ: Mebelain	28400	s4_868
Мебель	КР-1820-F28	Кровать	Афина	180х200	ясень	массив ясень	дв; ТМ: Mebelain	58700	s4_869
Мебель	ДН-2400-D30	Диван	Pushe Гранд		коричневый	кожа	еврокнижка премиум; ТМ: Pushe	67400	s4_870
Мебель	КО-MTT-A85	Кресло	Метта Y-4DF			экокожа; кожа	геймер эргон RGB; ТМ: Метта	48400	s4_871
Мебель	КШ-1206-518	Шкаф		120х35х200	венге	МДФ	книжн 3-дверный; ТМ: Сокол	19800	s4_872
Мебель	ШК-1806-505	Шкаф-купе	Лофт	180х60х220	венге		2-дверный; ТМ: Eltap	36800	s4_873
Мебель	ДЕТ-ЮН-005	Шкаф платяной	Юниор	90х50х200	белый		2-дверный /мята; ТМ: Любимый дом	18900	s4_874
Мебель	ТВ-1604-C65	Тумба ТВ	Карина	160х45х50	графит	МДФ	ТМ: Lazurit	13400	s4_875
Мебель	КОМ-805-953	Комод	Школьник	80х40х80		ЛДСП	3-ящик бук; ТМ: Любимый дом	6200	s4_876
Мебель	ТВ-1804-755	Тумба ТВ	Гранд	180х45х50		МДФ	модульный глянец; ТМ: Hoff	13800	s4_877
Мебель	КГ-2600-B53	Кухня	Кантри	2.6м	бежевый	МДФ	модульный 2 6 м матовый; ТМ: Stolline	52400	s4_878
Мебель	ЯР-А3-921	Ящик		45х35х30			архивн картон А3 (5 шт); ТМ: Практик	1600	s4_879
Мебель	ДЕТ-TET-018	Тумба прикроватная	Tetris	45х40х50	дуб	ЛДСП	тумба прикроватный артизан; ТМ: Mr. Doors	4400	s4_880
Мебель	ДН-2200-D41	Диван	Eltap Гавана		серый	рогожка	модульный 4-секц; ТМ: Eltap	58900	s4_881
Мебель	КГ-2400-A05	Кухня	Лофт	2.4х1.6м	венге	ЛДСП	угловой 2 4х1 6 м; ТМ: Stolline	67400	s4_882
Мебель	ВИТ-906-541	«премиум»	Премиум	90х40х210	дуб	шпон; стекло	витрина; ТМ: Лером	31800	s4_883
Мебель	ТП-4040-998	Тумба прикроватная	Капитошка	40х40х45	белый/розовый		тумба прикроватный дет; ТМ: Mr. Doors	3400	s4_884
Мебель	ШП-1806-C31	Шкаф платяной	Прованс	180х60х230	бежевый	МДФ	4-дверный; ТМ: Лером	52400	s4_885
Мебель	МТР-0820-D09	Матрас	Vegas Soft	80х200		пена мемори	беспружинный; ТМ: Vegas	14800	s4_886
Мебель	ХР-ЭТЛ-010	Набор			серый/бежевый	ткань	корзин 3 шт с ручкой; ТМ: Этель	970	s4_887
Мебель	ХР-ЭТЛ-007	Корзина		35х25х25	бежевый	текстиль	для хран; ТМ: Этель	380	s4_888
Мебель	КАК-8080-D43	Кресло	Pushe Релакс			экокожа; кожа	поворотный с подножк; ТМ: Pushe	22400	s4_889
Мебель	ОБ-1606-228	Стол обеденный		160х90		массив бук	ТМ: Stolline	26900	s4_890
Мебель	КАК-7080-335	Кресло-качалка			бежевый	ротанг	ТМ: Tetchair	28900	s4_891
Мебель	СТО-1807-973	Стол офисный		180х90	венге	ЛДСП	перегов; ТМ: Бюрократ	19400	s4_892
Мебель	ВН-АКТ-E26	Зеркало-шкаф	Лондон	70х80	серый	МДФ	LED; ТМ: Aquaton	10800	s4_893
Мебель	КВ-30040	Ковёр		300х400	бежевый	шерсть	классик большой; ТМ: Витебск	38400	s4_894
Мебель	ПР-ИКР-007	Вешалка	Норд	80х30х200	белый	ЛДСП	стойка; ТМ: Икар	4800	s4_895
Мебель	КО-512-854	Кресло операторское	Бюрократ CH-512		чёрный	сетка	кресло операторский	7900	s4_896
Мебель	ОТТ-9090-C27	Оттоманка	Манхэттен	90х90х45	графит	рогожка	ТМ: Сонум	9800	s4_897
Мебель	КР-1820-C38	Кровать	Афина	180х200	белый; ясень	массив ясень	дв; ТМ: Mebelain	58700	s4_898
Мебель	ДН-2200-D27	Диван	Сонум Лофт XL		коричневый	экокожа; кожа	еврокнижка; ТМ: Сонум	71800	s4_899
Мебель	ЗЕР-7090-022	Зеркало	Берлин	70х90	дуб сонома		настенный рама; ТМ: Hoff	4900	s4_900
Мебель	БАН-1004-163	Банкетка		100х35х45	коричневый	экокожа; кожа	прихожая; ТМ: Tetchair	5800	s4_901
Мебель	ИЗГ-1820-C10	Изголовье	Версаль	180х200	слоновая кость	экокожа; кожа	мяг; ТМ: Lazurit	18900	s4_902
Мебель	ТП-4540-964	Тумба прикроватная	Лагуна	45х40х50	белый	МДФ	тумба прикроватный глянец; ТМ: Anrex	6400	s4_903
Мебель	КШ-9080-F25	Шкаф кухонный		90х60х85	бежевый	МДФ	напольный; ТМ: Stolline	7400	s4_904
Мебель	БС-4585-114	Стул		45х45х85		экокожа; кожа	барн вращ белая; ТМ: Tetchair	5300	s4_905
Мебель	КО-MTT-A84	Кресло операторское	Метта BK-8		чёрный	ткань	кресло операторский; ТМ: Метта	14700	s4_906
Мебель	КШ-6080-D72	Шкаф кухонный		60х60х85	бежевый	МДФ	сушка; ТМ: Stolline	7400	s4_907
Мебель	КОМ-1205-407	Комод		120х40х90		МДФ	с зеркал глянец; ТМ: Lazurit	17400	s4_908
Мебель	КГ-2200-A06	Кухня	Эко	2.2м		МДФ	прямой 2 2 м зелён матовый; ТМ: Stolline	42800	s4_909
Мебель	КОВ-Р-992	Ковровая дорожка		70х200	бежевый	шерсть	классик; ТМ: Витебск	4700	s4_910
Мебель	СТО-1407-B48	Стол офисный			венге	ЛДСП	перегов круг d140; ТМ: Бюрократ	18700	s4_911
Мебель	БРА-100-896	Лампа			бежевый	текстиль	бра классический 1 абажур; ТМ: СветТех	1700	s4_912
Мебель	МТР-1220-D03	Матрас	Optima	120х200			пружинный независимый эконом; ТМ: Аскона	14400	s4_913
Мебель	МТР-0920-D02	Матрас	Optima	90х200			пружинный независимый эконом; ТМ: Аскона	10800	s4_914
Мебель	КО-2027-141	Кресло			чёрный		посет кожзам (комплект 2 шт); ТМ: Бюрократ	6900	s4_915
Мебель	МТР-0820-842	Матрас		80х200		латекс	детский беспружинный гипоаллерг; ТМ: Promtex	12400	s4_916
Мебель	ВН-АКТ-E32	«северная	Северная Венеция	40х32х175		МДФ	пенал глянец; ТМ: Aquaton	14800	s4_917
Мебель	ОБВ-906-C72	«гомель»	Гомель	90х30х100	дуб	ЛДСП	обувница; ТМ: Anrex	6400	s4_918
Мебель	КО-BR-D94	Кресло	Бюрократ KB-12		розовый	сетка	детский регулир; ТМ: Бюрократ	9800	s4_919
Мебель	МТР-1820-832	Матрас	Баланс	180х200			пружинный независимый кокос; ТМ: Аскона	32700	s4_920
Мебель	КО-CHR-A87	Кресло операторское	Chairman 696			сетка	кресло операторский серая эргон; ТМ: Chairman	12400	s4_921
Мебель	МТР-1420-D18	Матрас	Promtex Gold	140х200		латекс	гибрид мемори+; ТМ: Promtex	34800	s4_922
Мебель	ЛТ-LED-905	Светильник					потолоч накладной LED 24Вт круг; ТМ: Navigator	1800	s4_923
Мебель	ДЕТ-ШК-010	Кровать	Школьник	90х190	белый/бежевый	ЛДСП	односпал; ТМ: Любимый дом	12700	s4_924
Мебель	КОМ-1205-C13	Комод	Лион	120х45х95	дуб	ЛДСП	5-ящик артизан; ТМ: Mr. Doors	14800	s4_925
Мебель	МТР-0920-839	Матрас		90х200	натуральный		детский беспружинный кокос; ТМ: Орматек	11800	s4_926
Мебель	ПР-ИКР-009	Зеркало	Уют	60х30х110	венге	ЛДСП	с полкой; ТМ: Икар	5700	s4_927
Мебель	СТЖ-1108-055	Столик журнальный		110х80		ЛДСП	трансформ; ТМ: Tetchair	13800	s4_928
Мебель	КРН-ТКЛ-B24	Короб для хранения		30х30х30	бежевый	ткань	короб для хран (3 шт); ТМ: Этель	960	s4_929
Мебель	ШО-906-E41	Шкаф офисный		90х40х200	белый	ЛДСП	с замком; ТМ: Бюрократ	10800	s4_930
Мебель	КШ-906-714	Шкаф	Стокгольм	90х35х200	дуб сонома		книжн 2-дверный; ТМ: Anrex	13700	s4_931
Мебель	ВТ-906-C82	Вешалка	Атриум	90х30х200	венге	ЛДСП	стойка; ТМ: Сокол	5200	s4_932
Мебель	ВН-АКТ-E25	Тумба под раковину	Лондон	70х46х85	серый	МДФ	тумба под раковина; ТМ: Aquaton	18900	s4_933
Мебель	ПР-1606-B27	Прихожая	Уют XL	160х35х215	венге	ЛДСП	ТМ: Сокол	23800	s4_934
Мебель	МТР-1220-D11	Матрас	Vegas Soft	120х200		пена мемори	беспружинный; ТМ: Vegas	22400	s4_935
Мебель	ЛТ-LED-E05	Светильник			белый		линейн LED 40Вт 120см; ТМ: ЭкономСвет	1500	s4_936
Мебель	СВТ-1606-606	Сервант		160х40х210		МДФ	с витр глянец; ТМ: Сокол	28900	s4_937
Мебель	КШ-906-B76	Шкаф		90х35х210	венге	МДФ	книжн 2-дверный с витр; ТМ: Сокол	17400	s4_938
Мебель	ЛТ-PND-908	Подвес				стекло	тройн 3 лампы шар прозр; ТМ: ЭкономСвет	4700	s4_939
Мебель	КР-1820-702	Кровать	Орхидея	180х200	дуб	ЛДСП	дв молочн; ТМ: Лером	37900	s4_940
Мебель	КР-1820-722	Кровать	Карина	180х200	графит	экокожа; кожа	дв; ТМ: Lazurit	42100	s4_941
Мебель	КР-1820-E53	Кровать		180х200	дуб	ЛДСП	дв артизан; ТМ: MebelKing	28400	s4_942
Мебель	КО-T898-856	Кресло руководителя	Бюрократ T-898		чёрный	кожа	хром	22400	s4_943
Мебель	СТ-1606-318	Стол письменный		160х70	дуб	ЛДСП	с тумбой; ТМ: Anrex	11200	s4_944
Мебель	МДУЛ-3206-D51	Гостиная	Гранд	3.2м	белый	МДФ	3 2 м глянец; ТМ: Hoff	62400	s4_945
Мебель	ССТ-806-713	Стеллаж	Стокгольм	80х30х190	дуб сонома		5 полок; ТМ: Anrex	7800	s4_946
Мебель	МДУЛ-2406-D49	Гостиная	Гранд	2.4м	венге	ЛДСП	стенка 2 4 м; ТМ: Hoff	42800	s4_947
Мебель	БРА-180-E10	Бра					LED 12Вт сенсор хром поворотный; ТМ: Camelion	2700	s4_948
Мебель	КОМ-1004-E47	Комод		100х40х95	белый	МДФ	5-ящик глянец; ТМ: Lazurit	14800	s4_949
Мебель	КО-CHR-865	Кресло руководителя	Chairman 800		чёрный	экокожа; кожа	ТМ: Chairman	14800	s4_950
Мебель	ШУ-906-329	Шкаф		90х90х220	венге	ЛДСП	угловой; ТМ: Anrex	17800	s4_951
Мебель	ЗЕР-7090-B35	Зеркало		70х90	чёрный	металл	настенный рама; ТМ: Икар	5400	s4_952
Мебель	КР-1620-F14	Кровать	Прованс	160х200	бежевый	МДФ	дв с ящик подъём; ТМ: Лером	42800	s4_953
Мебель	КАК-7070-823	Кресло	Скандик		бежевый	велюр	деревянный ножки; ТМ: Pushe	14700	s4_954
Мебель	БАН-1204-A27	Банкетка	Карина	120х45х48	графит	экокожа; кожа	XL; ТМ: Lazurit	11400	s4_955
Мебель	СТ-1606-C98	Стол письменный		160х60	дуб сонома	ЛДСП	ТМ: Anrex	7700	s4_956
Мебель	ОБ-1808-B71	Стол обеденный		220х90	дуб сонома	МДФ	раздв 180; ТМ: Stolline	26400	s4_957
Мебель	БАН-1004-303	Банкетка	Прага	100х40х48	бежевый	ткань	ТМ: Mebelain	8900	s4_958
Мебель	КУШ-2008-D45	Кушетка	Pushe Уют	200х85х70	серый	микровельвет	ТМ: Pushe	29400	s4_959
Мебель	ТП-4040-736	Тумба прикроватная	Юниор	40х40х45	белый		тумба прикроватный /бирюз; ТМ: Любимый дом	3100	s4_960
Мебель	МТР-0820-D15	Матрас	Promtex Gold	80х200		латекс	гибрид мемори+; ТМ: Promtex	19800	s4_961
Мебель	КО-687-D87	Кресло	Бюрократ CH-687		чёрный	экокожа; кожа	конф (2 шт)	7400	s4_962
Мебель	ЛТ-LED-D97	Светильник			чёрный		трек LED 30Вт (комплект 3 шт); ТМ: Camelion	3800	s4_963
Мебель	ПР-1806-782	Прихожая	Аркада	180х35х215	дуб	ЛДСП	с зерк; ТМ: Сокол	28400	s4_964
Мебель	ДН-1800-813	Диван	Бруклин			ткань	дет кушетка мятная; ТМ: Аскона	28400	s4_965
Мебель	ДН-2200-A60	Диван	Pushe Лайт			рогожка	книжка терракот; ТМ: Pushe	36400	s4_966
Мебель	ИЗГ-1820-C46	Изголовье	Орхидея	180х220	дуб	экокожа; кожа	XXL мол; ТМ: Лером	17800	s4_967
Мебель	ПУФ-3535-452	Пуф		35х35			детский круг рис звёзды; ТМ: Этель	1800	s4_968
Мебель	ШП-1806-743	Шкаф платяной	Флоренция	180х60х225	ясень		3-дверный; ТМ: Mebelain	64700	s4_969
Мебель	ШП-0806-229	Шкаф платяной		80х55х200	венге		1-дверный с ящик; ТМ: Anrex	14700	s4_970
Мебель	КО-BR-A92	Кресло операторское	Бюрократ CH-1300			сетка	кресло операторский серая; ТМ: Бюрократ	8700	s4_971
Мебель	ЛТ-SP-B02	Светильник			белый		спот накладной LED 8Вт 4шт; ТМ: Camelion	2200	s4_972
Мебель	КВ-18025	Ковёр		180х250	бежево-зелёный	шерсть	классик; ТМ: Витебск	14800	s4_973
Мебель	ВН-АКТ-E14	Тумба под раковину	Йорк	80х48х85	белый	МДФ	тумба под раковина; ТМ: Aquaton	19800	s4_974
Мебель	ВН-АКТ-E21	Тумба	Сильва	80х48х85	венге	МДФ	напольный; ТМ: Aquaton	21800	s4_975
Мебель	КО-868-005	Кресло офисное	Бюрократ CH-868		чёрный	сетка	кресло офисный	7600	s4_976
Мебель	БРА-220-485	Бра			чёрный	металл	настенный поворотный; ТМ: Эра	1600	s4_977
Мебель	СТО-1407-975	Стол офисный		140х70х110	белый	ЛДСП	ресепш; ТМ: Бюрократ	22800	s4_978
Мебель	ДН-2400-812	Диван	Симфония		серо-бежевый	шенилл	еврокнижка; ТМ: Аскона	57800	s4_979
Мебель	ЗЕР-6011-C75	Зеркало	Гомель	60х170	дуб	ЛДСП	напольный; ТМ: Anrex	7800	s4_980
Мебель	МДУЛ-3806-F22	Гостиная	Атриум	3.8м	белый	МДФ	XL 3 8 м глянец; ТМ: Mebelain	67800	s4_981
